run_id,sample_index,scenario,timestamp_utc,elapsed_ms,phase,reason,request_count,attempted_requests,completed_requests,errors,integrity_failures,warmup_requests,total_operation_count,working_set_bytes,private_memory_bytes,virtual_memory_bytes,handle_count,threads,managed_heap_bytes,managed_heap_unavailable_reason,heap_size_bytes,fragmented_bytes,gc_index,gen0,gen1,gen2,total_allocated_bytes,vmrss_bytes,vmrss_unavailable_reason,vmsize_bytes,vmsize_unavailable_reason,vmdata_bytes,vmdata_unavailable_reason,rss_anon_bytes,rss_anon_unavailable_reason,rss_file_bytes,rss_file_unavailable_reason,rss_shmem_bytes,rss_shmem_unavailable_reason,last_latency_ms,mean_latency_ms,p50_latency_ms,p95_latency_ms,p99_latency_ms,last_inference_ms,sequence_length,was_truncated
phase3a-formal-20260925-v2-session-recreate-10,0,session-recreate,2026-09-24T19:59:34.8655355+00:00,0.3677,lifecycle,t0-before-model-load,0,0,0,0,0,0,0,60940288,184238080,36349259776,86,11,1316608,,0,0,0,0,0,0,1312648,60907520,,36349267968,,184098816,,9555968,,45535232,,5816320,,,,,,,,,
phase3a-formal-20260925-v2-session-recreate-10,1,session-recreate,2026-09-24T19:59:35.8767328+00:00,1011.5633,setup,t1-after-setup,0,0,0,0,0,0,0,398479360,514539520,36684288000,96,11,1550680,,0,0,0,0,0,0,1546000,398458880,,36684288000,,514334720,,340275200,,50589696,,7593984,,,,,,,,,
phase3a-formal-20260925-v2-session-recreate-10,2,session-recreate,2026-09-24T19:59:35.8781655+00:00,1012.9955,warmup,warmup-complete,0,0,0,0,0,0,0,398536704,514539520,36684288000,96,11,1607992,,0,0,0,0,0,0,1603144,398516224,,36684288000,,514400256,,340332544,,50589696,,7593984,,,,,,,,,
phase3a-formal-20260925-v2-session-recreate-10,3,session-recreate,2026-09-24T19:59:35.8792293+00:00,1014.0594,measurement,request-count-0,0,0,0,0,0,0,0,398589952,514605056,36684288000,96,11,1665304,,0,0,0,0,0,0,1660264,398573568,,36684288000,,514465792,,340389888,,50589696,,7593984,,,,,,,,,
phase3a-formal-20260925-v2-session-recreate-10,4,session-recreate,2026-09-24T19:59:35.8832065+00:00,1018.0366,session-lifecycle,session-cycle-0-before-session-create,0,0,0,0,0,0,0,398684160,514670592,36684292096,96,11,1722616,,0,0,0,0,0,0,1717384,398667776,,36684292096,,514531328,,340447232,,50589696,,7630848,,,,,,,,,
phase3a-formal-20260925-v2-session-recreate-10,5,session-recreate,2026-09-24T19:59:37.6359415+00:00,2770.7725,session-lifecycle,session-cycle-0-after-session-dispose,0,0,0,0,0,0,0,699777024,847339520,37646999552,104,12,2148624,,0,0,0,0,0,0,2142120,699744256,,37646995456,,847089664,,621207552,,69210112,,9326592,,,,,,,,,
phase3a-formal-20260925-v2-session-recreate-10,6,session-recreate,2026-09-24T19:59:37.6380733+00:00,2772.9034,first-operation,t2-after-first-operation,0,0,0,0,0,0,1,699826176,847405056,37646991360,104,12,2205936,,0,0,0,0,0,0,2199240,699809792,,37646991360,,847155200,,621268992,,69210112,,9330688,,,,,,,130.5776,67,false
phase3a-formal-20260925-v2-session-recreate-10,7,session-recreate,2026-09-24T19:59:37.6407175+00:00,2775.5475,session-lifecycle,session-cycle-1-before-session-create,1,1,1,0,0,0,1,699883520,847470592,37646991360,104,12,2263248,,0,0,0,0,0,0,2256360,699867136,,37646991360,,847220736,,621326336,,69210112,,9330688,,,,,,,,,
phase3a-formal-20260925-v2-session-recreate-10,8,session-recreate,2026-09-24T19:59:39.0690104+00:00,4203.8416,session-lifecycle,session-cycle-1-after-session-dispose,1,1,1,0,0,0,1,710606848,856940544,37652242432,104,12,2492752,,0,0,0,0,0,0,2485096,710590464,,37652242432,,856625152,,631656448,,69341184,,9592832,,,,,,,,,
phase3a-formal-20260925-v2-session-recreate-10,9,session-recreate,2026-09-24T19:59:39.0700764+00:00,4204.9066,session-lifecycle,session-cycle-2-before-session-create,2,2,2,0,0,0,2,710664192,856940544,37652242432,104,12,2550064,,0,0,0,0,0,0,2542216,710651904,,37652242432,,856690688,,631717888,,69341184,,9592832,,,,,,,,,
phase3a-formal-20260925-v2-session-recreate-10,10,session-recreate,2026-09-24T19:59:40.4898526+00:00,5624.6834,session-lifecycle,session-cycle-2-after-session-dispose,2,2,2,0,0,0,2,710979584,857202688,37652246528,104,12,2779312,,0,0,0,0,0,0,2770720,710963200,,37652246528,,856952832,,631947264,,69341184,,9674752,,,,,,,,,
phase3a-formal-20260925-v2-session-recreate-10,11,session-recreate,2026-09-24T19:59:40.4936443+00:00,5628.4747,session-lifecycle,session-cycle-3-before-session-create,3,3,3,0,0,0,3,711045120,857268224,37652246528,104,12,2836880,,0,0,0,0,0,0,2828120,711016448,,37652246528,,857018368,,632000512,,69341184,,9674752,,,,,,,,,
phase3a-formal-20260925-v2-session-recreate-10,12,session-recreate,2026-09-24T19:59:41.9197577+00:00,7054.5886,session-lifecycle,session-cycle-3-after-session-dispose,3,3,3,0,0,0,3,711344128,857464832,37652238336,104,12,3066128,,0,0,0,0,0,0,3056648,711323648,,37652238336,,857214976,,632250368,,69341184,,9732096,,,,,,,,,
phase3a-formal-20260925-v2-session-recreate-10,13,session-recreate,2026-09-24T19:59:41.9232377+00:00,7058.068,session-lifecycle,session-cycle-4-before-session-create,4,4,4,0,0,0,4,711413760,857530368,37652242432,104,12,3123440,,0,0,0,0,0,0,3113792,711389184,,37652242432,,857280512,,632307712,,69341184,,9740288,,,,,,,,,
phase3a-formal-20260925-v2-session-recreate-10,14,session-recreate,2026-09-24T19:59:43.3620015+00:00,8496.832,session-lifecycle,session-cycle-4-after-session-dispose,4,4,4,0,0,0,4,711770112,857792512,37652238336,104,12,3353664,,0,0,0,0,0,0,3343272,711745536,,37652238336,,857542656,,632549376,,69341184,,9854976,,,,,,,,,
phase3a-formal-20260925-v2-session-recreate-10,15,session-recreate,2026-09-24T19:59:43.3677462+00:00,8502.5766,session-lifecycle,session-cycle-5-before-session-create,5,5,5,0,0,0,5,711827456,857858048,37652234240,104,12,3410256,,0,0,0,0,0,0,3399696,711802880,,37652238336,,857542656,,632606720,,69341184,,9854976,,,,,,,,,
phase3a-formal-20260925-v2-session-recreate-10,16,session-recreate,2026-09-24T19:59:44.8053570+00:00,9940.1879,session-lifecycle,session-cycle-5-after-session-dispose,5,5,5,0,0,0,5,712335360,858054656,37652242432,104,12,3639504,,0,0,0,0,0,0,3628248,712310784,,37652242432,,857804800,,632840192,,69505024,,9965568,,,,,,,,,
phase3a-formal-20260925-v2-session-recreate-10,17,session-recreate,2026-09-24T19:59:44.8092944+00:00,9944.1255,session-lifecycle,session-cycle-6-before-session-create,6,6,6,0,0,0,6,712392704,858120192,37652242432,104,12,3696816,,0,0,0,0,0,0,3685368,712368128,,37652242432,,857870336,,632897536,,69505024,,9965568,,,,,,,,,
phase3a-formal-20260925-v2-session-recreate-10,18,session-recreate,2026-09-24T19:59:46.2517175+00:00,11386.548,session-lifecycle,session-cycle-6-after-session-dispose,6,6,6,0,0,0,6,714379264,909934592,37971271680,106,13,3934544,,0,0,0,0,0,0,3922376,714358784,,37971271680,,909619200,,634077184,,70225920,,10055680,,,,,,,,,
phase3a-formal-20260925-v2-session-recreate-10,19,session-recreate,2026-09-24T19:59:46.2557699+00:00,11390.6006,session-lifecycle,session-cycle-7-before-session-create,7,7,7,0,0,0,7,714436608,909934592,37971271680,106,13,3991856,,0,0,0,0,0,0,3979496,714416128,,37971271680,,909684736,,634134528,,70225920,,10055680,,,,,,,,,
phase3a-formal-20260925-v2-session-recreate-10,20,session-recreate,2026-09-24T19:59:47.6800494+00:00,12814.8798,session-lifecycle,session-cycle-7-after-session-dispose,7,7,7,0,0,0,7,715251712,910651392,37971275776,106,13,4220960,,0,0,0,0,0,0,4207832,715235328,,37971275776,,910401536,,634896384,,70225920,,10113024,,,,,,,,,
phase3a-formal-20260925-v2-session-recreate-10,21,session-recreate,2026-09-24T19:59:47.6818818+00:00,12816.7119,session-lifecycle,session-cycle-8-before-session-create,8,8,8,0,0,0,8,715321344,910823424,37971271680,106,13,4278528,,0,0,0,0,0,0,4265232,715292672,,37971271680,,910573568,,634957824,,70225920,,10108928,,,,,,,,,
phase3a-formal-20260925-v2-session-recreate-10,22,session-recreate,2026-09-24T19:59:49.1454245+00:00,14280.2548,session-lifecycle,session-cycle-8-after-session-dispose,8,8,8,0,0,0,8,431636480,626900992,37686976512,107,13,4507776,,0,0,0,0,0,0,4493736,431616000,,37686976512,,626651136,,351199232,,70225920,,10190848,,,,,,,,,
phase3a-formal-20260925-v2-session-recreate-10,23,session-recreate,2026-09-24T19:59:49.1482932+00:00,14283.1234,session-lifecycle,session-cycle-9-before-session-create,9,9,9,0,0,0,9,431693824,626966528,37686972416,107,13,4573312,,0,0,0,0,0,0,4559056,431669248,,37686972416,,626716672,,351256576,,70225920,,10186752,,,,,,,,,
phase3a-formal-20260925-v2-session-recreate-10,24,session-recreate,2026-09-24T19:59:50.6865150+00:00,15821.3459,session-lifecycle,session-cycle-9-after-session-dispose,9,9,9,0,0,0,9,431947776,627228672,37686964224,107,13,4798608,,0,0,0,0,0,0,4783632,431923200,,37686964224,,626978816,,351506432,,70225920,,10190848,,,,,,,,,
phase3a-formal-20260925-v2-session-recreate-10,25,session-recreate,2026-09-24T19:59:50.6951119+00:00,15829.9428,measurement,request-count-10,10,10,10,0,0,0,10,432070656,627294208,37686968320,107,13,4857936,,0,0,0,0,0,0,4842768,432046080,,37686968320,,627044352,,351567872,,70225920,,10252288,,1531.2248,1470.3034,1432.4555,1646.3867,1721.7654,82.794,67,false
phase3a-formal-20260925-v2-session-recreate-10,26,session-recreate,2026-09-24T19:59:50.7670783+00:00,15901.9089,idle,idle-0-seconds,10,10,10,0,0,0,10,432156672,627359744,37686968320,107,13,4923728,,0,0,0,0,0,0,4908368,432132096,,37686968320,,627044352,,351633408,,70225920,,10272768,,,,,,,,,
phase3a-formal-20260925-v2-session-recreate-10,27,session-recreate,2026-09-24T19:59:50.8603699+00:00,15995.2011,lifecycle,post-dispose,10,10,10,0,0,0,10,432291840,627425280,37686968320,107,13,4982976,,0,0,0,0,0,0,4967400,432263168,,37686968320,,627109888,,351690752,,70291456,,10280960,,,,,,,,,
phase3a-formal-20260925-v2-session-recreate-100,0,session-recreate,2026-09-24T19:59:52.4304349+00:00,0.3893,lifecycle,t0-before-model-load,0,0,0,0,0,0,0,60968960,184061952,36483477504,86,11,1311032,,0,0,0,0,0,0,1306976,60928000,,36483485696,,183922688,,9490432,,45621248,,5816320,,,,,,,,,
phase3a-formal-20260925-v2-session-recreate-100,1,session-recreate,2026-09-24T19:59:53.5067384+00:00,1076.6912,setup,t1-after-setup,0,0,0,0,0,0,0,398528512,514510848,36818653184,96,11,1566816,,0,0,0,0,0,0,1562016,398508032,,36818653184,,514306048,,340258816,,50655232,,7593984,,,,,,,,,
phase3a-formal-20260925-v2-session-recreate-100,2,session-recreate,2026-09-24T19:59:53.5082246+00:00,1078.1765,warmup,warmup-complete,0,0,0,0,0,0,0,398581760,514576384,36818653184,96,11,1624128,,0,0,0,0,0,0,1619136,398569472,,36818653184,,514371584,,340320256,,50655232,,7593984,,,,,,,,,
phase3a-formal-20260925-v2-session-recreate-100,3,session-recreate,2026-09-24T19:59:53.5092302+00:00,1079.182,measurement,request-count-0,0,0,0,0,0,0,0,398639104,514576384,36818653184,96,11,1673216,,0,0,0,0,0,0,1668056,398618624,,36818653184,,514437120,,340369408,,50655232,,7593984,,,,,,,,,
phase3a-formal-20260925-v2-session-recreate-100,4,session-recreate,2026-09-24T19:59:53.5152302+00:00,1085.183,session-lifecycle,session-cycle-0-before-session-create,0,0,0,0,0,0,0,398737408,514641920,36818657280,96,11,1730528,,0,0,0,0,0,0,1725176,398712832,,36818657280,,514502656,,340426752,,50655232,,7630848,,,,,,,,,
phase3a-formal-20260925-v2-session-recreate-100,5,session-recreate,2026-09-24T19:59:55.1856209+00:00,2755.574,session-lifecycle,session-cycle-0-after-session-dispose,0,0,0,0,0,0,0,421736448,568320000,37502308352,104,12,2164760,,0,0,0,0,0,0,2158112,421707776,,37502304256,,568004608,,343171072,,69210112,,9326592,,,,,,,,,
phase3a-formal-20260925-v2-session-recreate-100,6,session-recreate,2026-09-24T19:59:55.1896387+00:00,2759.5915,first-operation,t2-after-first-operation,0,0,0,0,0,0,1,421785600,568320000,37502300160,104,12,2222072,,0,0,0,0,0,0,2215232,421773312,,37502300160,,568070144,,343232512,,69210112,,9330688,,,,,,,87.8668,67,false
phase3a-formal-20260925-v2-session-recreate-100,7,session-recreate,2026-09-24T19:59:55.1925903+00:00,2762.5424,session-lifecycle,session-cycle-1-before-session-create,1,1,1,0,0,0,1,421855232,568385536,37502304256,104,12,2279384,,0,0,0,0,0,0,2272352,421838848,,37502304256,,568135680,,343289856,,69210112,,9338880,,,,,,,,,
phase3a-formal-20260925-v2-session-recreate-100,8,session-recreate,2026-09-24T19:59:56.7822425+00:00,4352.195,session-lifecycle,session-cycle-1-after-session-dispose,1,1,1,0,0,0,1,426434560,572612608,37502304256,104,12,2508888,,0,0,0,0,0,0,2501112,426414080,,37502304256,,572362752,,347480064,,69341184,,9592832,,,,,,,,,
phase3a-formal-20260925-v2-session-recreate-100,9,session-recreate,2026-09-24T19:59:56.7831829+00:00,4353.1348,session-lifecycle,session-cycle-2-before-session-create,2,2,2,0,0,0,2,426496000,572678144,37502304256,104,12,2566200,,0,0,0,0,0,0,2558256,426475520,,37502304256,,572362752,,347537408,,69341184,,9596928,,,,,,,,,
phase3a-formal-20260925-v2-session-recreate-100,10,session-recreate,2026-09-24T19:59:58.4383704+00:00,6008.323,session-lifecycle,session-cycle-2-after-session-dispose,2,2,2,0,0,0,2,426819584,572874752,37502312448,104,12,2795448,,0,0,0,0,0,0,2786808,426795008,,37502312448,,572624896,,347779072,,69341184,,9674752,,,,,,,,,
phase3a-formal-20260925-v2-session-recreate-100,11,session-recreate,2026-09-24T19:59:58.4427084+00:00,6012.6606,session-lifecycle,session-cycle-3-before-session-create,3,3,3,0,0,0,3,426881024,572940288,37502312448,104,12,2852760,,0,0,0,0,0,0,2843952,426856448,,37502312448,,572690432,,347836416,,69341184,,9678848,,,,,,,,,
phase3a-formal-20260925-v2-session-recreate-100,12,session-recreate,2026-09-24T20:00:00.0757412+00:00,7645.6938,session-lifecycle,session-cycle-3-after-session-dispose,3,3,3,0,0,0,3,427184128,573202432,37502304256,104,12,3082264,,0,0,0,0,0,0,3072712,427159552,,37502304256,,572887040,,348082176,,69341184,,9736192,,,,,,,,,
phase3a-formal-20260925-v2-session-recreate-100,13,session-recreate,2026-09-24T20:00:00.0797461+00:00,7649.6987,session-lifecycle,session-cycle-4-before-session-create,4,4,4,0,0,0,4,427237376,573267968,37502304256,104,12,3139576,,0,0,0,0,0,0,3129832,427216896,,37502304256,,572952576,,348139520,,69341184,,9736192,,,,,,,,,
phase3a-formal-20260925-v2-session-recreate-100,14,session-recreate,2026-09-24T20:00:01.6137708+00:00,9183.7233,session-lifecycle,session-cycle-4-after-session-dispose,4,4,4,0,0,0,4,427610112,573472768,37502312448,104,12,3368824,,0,0,0,0,0,0,3358384,427585536,,37502312448,,573222912,,348389376,,69341184,,9854976,,,,,,,,,
phase3a-formal-20260925-v2-session-recreate-100,15,session-recreate,2026-09-24T20:00:01.6196877+00:00,9189.6401,session-lifecycle,session-cycle-5-before-session-create,5,5,5,0,0,0,5,427667456,573538304,37502308352,104,12,3428672,,0,0,0,0,0,0,3418040,427642880,,37502312448,,573288448,,348446720,,69341184,,9854976,,,,,,,,,
phase3a-formal-20260925-v2-session-recreate-100,16,session-recreate,2026-09-24T20:00:03.2145814+00:00,10784.535,session-lifecycle,session-cycle-5-after-session-dispose,5,5,5,0,0,0,5,428154880,573726720,37502308352,104,12,3663864,,0,0,0,0,0,0,3652488,428134400,,37502308352,,573476864,,348667904,,69505024,,9961472,,,,,,,,,
phase3a-formal-20260925-v2-session-recreate-100,17,session-recreate,2026-09-24T20:00:03.2198805+00:00,10789.8335,session-lifecycle,session-cycle-6-before-session-create,6,6,6,0,0,0,6,428216320,573792256,37502308352,104,12,3721176,,0,0,0,0,0,0,3709608,428191744,,37502308352,,573542400,,348725248,,69505024,,9961472,,,,,,,,,
phase3a-formal-20260925-v2-session-recreate-100,18,session-recreate,2026-09-24T20:00:04.8475397+00:00,12417.4916,session-lifecycle,session-cycle-6-after-session-dispose,6,6,6,0,0,0,6,430649344,625786880,37687119872,107,13,3946280,,0,0,0,0,0,0,3933992,430624768,,37687119872,,625537024,,350343168,,70225920,,10055680,,,,,,,,,
phase3a-formal-20260925-v2-session-recreate-100,19,session-recreate,2026-09-24T20:00:04.8518989+00:00,12421.8515,session-lifecycle,session-cycle-7-before-session-create,7,7,7,0,0,0,7,430706688,625852416,37687119872,107,13,4009680,,0,0,0,0,0,0,3997152,430686208,,37687119872,,625537024,,350404608,,70225920,,10055680,,,,,,,,,
phase3a-formal-20260925-v2-session-recreate-100,20,session-recreate,2026-09-24T20:00:06.4827658+00:00,14052.7184,session-lifecycle,session-cycle-7-after-session-dispose,7,7,7,0,0,0,7,431226880,626221056,37687128064,107,13,4237096,,0,0,0,0,0,0,4223872,431202304,,37687128064,,625971200,,350859264,,70225920,,10117120,,,,,,,,,
phase3a-formal-20260925-v2-session-recreate-100,21,session-recreate,2026-09-24T20:00:06.4867392+00:00,14056.6918,session-lifecycle,session-cycle-8-before-session-create,8,8,8,0,0,0,8,431284224,626393088,37687119872,107,13,4302632,,0,0,0,0,0,0,4289192,431259648,,37687119872,,626143232,,350924800,,70225920,,10108928,,,,,,,,,
phase3a-formal-20260925-v2-session-recreate-100,22,session-recreate,2026-09-24T20:00:08.0462055+00:00,15616.1581,session-lifecycle,session-cycle-8-after-session-dispose,8,8,8,0,0,0,8,431591424,626655232,37687123968,107,13,4532136,,0,0,0,0,0,0,4517976,431566848,,37687123968,,626339840,,351150080,,70225920,,10190848,,,,,,,,,
phase3a-formal-20260925-v2-session-recreate-100,23,session-recreate,2026-09-24T20:00:08.0506666+00:00,15620.6193,session-lifecycle,session-cycle-9-before-session-create,9,9,9,0,0,0,9,431640576,626720768,37687119872,107,13,4589448,,0,0,0,0,0,0,4575096,431628288,,37687119872,,626405376,,351215616,,70225920,,10186752,,,,,,,,,
phase3a-formal-20260925-v2-session-recreate-100,24,session-recreate,2026-09-24T20:00:09.6507218+00:00,17220.6744,session-lifecycle,session-cycle-9-after-session-dispose,9,9,9,0,0,0,9,431882240,626917376,37687111680,107,13,4818696,,0,0,0,0,0,0,4803576,431857664,,37687111680,,626667520,,351440896,,70225920,,10190848,,,,,,,,,
phase3a-formal-20260925-v2-session-recreate-100,25,session-recreate,2026-09-24T20:00:09.6587579+00:00,17228.7105,measurement,request-count-10,10,10,10,0,0,0,10,432005120,626982912,37687115776,107,13,4876008,,0,0,0,0,0,0,4860696,431980544,,37687115776,,626733056,,351502336,,70225920,,10252288,,1595.9881,1602.8244,1609.6513,1653.6571,1660.1063,76.0192,67,false
phase3a-formal-20260925-v2-session-recreate-100,26,session-recreate,2026-09-24T20:00:09.6641528+00:00,17234.1048,session-lifecycle,session-cycle-10-before-session-create,10,10,10,0,0,0,10,432070656,627048448,37687115776,107,13,4941544,,0,0,0,0,0,0,4926016,432046080,,37687115776,,626798592,,351567872,,70225920,,10252288,,,,,,,,,
phase3a-formal-20260925-v2-session-recreate-100,27,session-recreate,2026-09-24T20:00:11.2357260+00:00,18805.6785,session-lifecycle,session-cycle-10-after-session-dispose,10,10,10,0,0,0,10,492560384,687493120,37747277824,106,13,5179272,,0,0,0,0,0,0,5163024,492539904,,37747277824,,687177728,,411996160,,70225920,,10317824,,,,,,,,,
phase3a-formal-20260925-v2-session-recreate-100,28,session-recreate,2026-09-24T20:00:11.2389926+00:00,18808.9449,session-lifecycle,session-cycle-11-before-session-create,11,11,11,0,0,0,11,432463872,627331072,37687119872,106,13,5236584,,0,0,0,0,0,0,5220144,432443392,,37687119872,,627081216,,351891456,,70225920,,10326016,,,,,,,,,
phase3a-formal-20260925-v2-session-recreate-100,29,session-recreate,2026-09-24T20:00:12.7511635+00:00,20321.1158,session-lifecycle,session-cycle-11-after-session-dispose,11,11,11,0,0,0,11,432746496,627605504,37687123968,107,13,5465832,,0,0,0,0,0,0,5448648,432730112,,37687123968,,627355648,,352145408,,70225920,,10358784,,,,,,,,,
phase3a-formal-20260925-v2-session-recreate-100,30,session-recreate,2026-09-24T20:00:12.7544810+00:00,20324.4335,session-lifecycle,session-cycle-12-before-session-create,12,12,12,0,0,0,12,432820224,627671040,37687123968,107,13,5523400,,0,0,0,0,0,0,5506048,432791552,,37687123968,,627421184,,352198656,,70225920,,10366976,,,,,,,,,
phase3a-formal-20260925-v2-session-recreate-100,31,session-recreate,2026-09-24T20:00:14.2873951+00:00,21857.3471,session-lifecycle,session-cycle-12-after-session-dispose,12,12,12,0,0,0,12,493551616,688467968,37881503744,106,13,5760872,,0,0,0,0,0,0,5742800,493531136,,37881503744,,688218112,,412786688,,70225920,,10518528,,,,,,,,,
phase3a-formal-20260925-v2-session-recreate-100,32,session-recreate,2026-09-24T20:00:14.2967369+00:00,21866.6892,session-lifecycle,session-cycle-13-before-session-create,13,13,13,0,0,0,13,493617152,688533504,37881499648,106,13,5818184,,0,0,0,0,0,0,5799920,493592576,,37881499648,,688283648,,412844032,,70225920,,10522624,,,,,,,,,
phase3a-formal-20260925-v2-session-recreate-100,33,session-recreate,2026-09-24T20:00:15.8175650+00:00,23387.517,session-lifecycle,session-cycle-13-after-session-dispose,13,13,13,0,0,0,13,433684480,628633600,37821337600,107,13,6048872,,0,0,0,0,0,0,6029840,433664000,,37821337600,,628383744,,352915456,,70225920,,10522624,,,,,,,,,
phase3a-formal-20260925-v2-session-recreate-100,34,session-recreate,2026-09-24T20:00:15.8218008+00:00,23391.7528,session-lifecycle,session-cycle-14-before-session-create,14,14,14,0,0,0,14,433750016,628699136,37821337600,107,13,6105000,,0,0,0,0,0,0,6085800,433721344,,37821337600,,628383744,,352972800,,70225920,,10522624,,,,,,,,,
phase3a-formal-20260925-v2-session-recreate-100,35,session-recreate,2026-09-24T20:00:17.3397322+00:00,24909.6841,session-lifecycle,session-cycle-14-after-session-dispose,14,14,14,0,0,0,14,434012160,628895744,37821337600,107,13,6334248,,0,0,0,0,0,0,6314328,433987584,,37821337600,,628645888,,353210368,,70225920,,10551296,,,,,,,,,
phase3a-formal-20260925-v2-session-recreate-100,36,session-recreate,2026-09-24T20:00:17.3440659+00:00,24914.0178,session-lifecycle,session-cycle-15-before-session-create,15,15,15,0,0,0,15,434069504,628961280,37821337600,107,13,6399784,,0,0,0,0,0,0,6379648,434044928,,37821337600,,628711424,,353267712,,70225920,,10551296,,,,,,,,,
phase3a-formal-20260925-v2-session-recreate-100,37,session-recreate,2026-09-24T20:00:18.8708564+00:00,26440.8085,session-lifecycle,session-cycle-15-after-session-dispose,15,15,15,0,0,0,15,434327552,629227520,37821337600,106,13,6629520,,0,0,0,0,0,0,6608616,434307072,,37821337600,,628912128,,353505280,,70225920,,10575872,,,,,,,,,
phase3a-formal-20260925-v2-session-recreate-100,38,session-recreate,2026-09-24T20:00:18.8745579+00:00,26444.5099,session-lifecycle,session-cycle-16-before-session-create,16,16,16,0,0,0,16,434384896,629293056,37821337600,106,13,6686600,,0,0,0,0,0,0,6665504,434372608,,37821337600,,628977664,,353566720,,70225920,,10579968,,,,,,,,,
phase3a-formal-20260925-v2-session-recreate-100,39,session-recreate,2026-09-24T20:00:20.3940765+00:00,27964.0286,session-lifecycle,session-cycle-16-after-session-dispose,16,16,16,0,0,0,16,494792704,689651712,37881499648,107,13,6915848,,0,0,0,0,0,0,6894056,494768128,,37881499648,,689401856,,413958144,,70225920,,10584064,,,,,,,,,
phase3a-formal-20260925-v2-session-recreate-100,40,session-recreate,2026-09-24T20:00:20.3980764+00:00,27968.0288,session-lifecycle,session-cycle-17-before-session-create,17,17,17,0,0,0,17,434618368,579223552,37770993664,106,15,6981384,,0,0,0,0,0,0,6959376,434593792,,37770993664,,578973696,,353783808,,70225920,,10584064,,,,,,,,,
phase3a-formal-20260925-v2-session-recreate-100,41,session-recreate,2026-09-24T20:00:21.9573816+00:00,29527.3336,session-lifecycle,session-cycle-17-after-session-dispose,17,17,17,0,0,0,17,434913280,629817344,37821337600,107,13,7210888,,0,0,0,0,0,0,7188112,434896896,,37821337600,,629501952,,354086912,,70225920,,10584064,,,,,,,,,
phase3a-formal-20260925-v2-session-recreate-100,42,session-recreate,2026-09-24T20:00:21.9608888+00:00,29530.8409,session-lifecycle,session-cycle-18-before-session-create,18,18,18,0,0,0,18,434978816,629882880,37821337600,107,13,7268200,,0,0,0,0,0,0,7245256,434958336,,37821337600,,629567488,,354148352,,70225920,,10584064,,,,,,,,,
phase3a-formal-20260925-v2-session-recreate-100,43,session-recreate,2026-09-24T20:00:23.5021332+00:00,31072.0854,session-lifecycle,session-cycle-18-after-session-dispose,18,18,18,0,0,0,18,495403008,690241536,37881503744,107,13,7505672,,0,0,0,0,0,0,7482008,495378432,,37881503744,,689991680,,414539776,,70225920,,10612736,,,,,,,,,
phase3a-formal-20260925-v2-session-recreate-100,44,session-recreate,2026-09-24T20:00:23.5058013+00:00,31075.7532,session-lifecycle,session-cycle-19-before-session-create,19,19,19,0,0,0,19,495460352,690307072,37881503744,107,13,7557944,,0,0,0,0,0,0,7534112,495435776,,37881503744,,690057216,,414597120,,70225920,,10612736,,,,,,,,,
phase3a-formal-20260925-v2-session-recreate-100,45,session-recreate,2026-09-24T20:00:25.0513694+00:00,32621.3215,session-lifecycle,session-cycle-19-after-session-dispose,19,19,19,0,0,0,19,495677440,690503680,37881495552,106,13,7792488,,0,0,0,0,0,0,7767888,495661056,,37881495552,,690253824,,414830592,,70225920,,10604544,,,,,,,,,
phase3a-formal-20260925-v2-session-recreate-100,46,session-recreate,2026-09-24T20:00:25.0618530+00:00,32631.805,session-lifecycle,session-cycle-20-before-session-create,20,20,20,0,0,0,20,495738880,690569216,37881495552,106,13,7849800,,0,0,0,0,0,0,7825032,495722496,,37881495552,,690319360,,414892032,,70225920,,10604544,,,,,,,,,
phase3a-formal-20260925-v2-session-recreate-100,47,session-recreate,2026-09-24T20:00:26.7457868+00:00,34315.7387,session-lifecycle,session-cycle-20-after-session-dispose,20,20,20,0,0,0,20,435830784,630669312,37821337600,107,13,8079304,,0,0,0,0,0,0,8053816,435802112,,37821337600,,630419456,,354967552,,70225920,,10608640,,,,,,,,,
phase3a-formal-20260925-v2-session-recreate-100,48,session-recreate,2026-09-24T20:00:26.7497724+00:00,34319.7246,session-lifecycle,session-cycle-21-before-session-create,21,21,21,0,0,0,21,435892224,630734848,37821337600,107,13,8138520,,0,0,0,0,0,0,8112840,435867648,,37821337600,,630484992,,355028992,,70225920,,10612736,,,,,,,,,
phase3a-formal-20260925-v2-session-recreate-100,49,session-recreate,2026-09-24T20:00:28.3126146+00:00,35882.5665,session-lifecycle,session-cycle-21-after-session-dispose,21,21,21,0,0,0,21,436129792,630931456,37821337600,106,13,8374088,,0,0,0,0,0,0,8347640,436105216,,37821337600,,630681600,,355262464,,70225920,,10616832,,,,,,,,,
phase3a-formal-20260925-v2-session-recreate-100,50,session-recreate,2026-09-24T20:00:28.3169646+00:00,35886.9165,session-lifecycle,session-cycle-22-before-session-create,22,22,22,0,0,0,22,436187136,630992896,37821337600,105,13,615120,,0,0,0,1,0,0,8389360,436170752,,37821337600,,630743040,,355328000,,70225920,,10616832,,,,,,,,,
phase3a-formal-20260925-v2-session-recreate-100,51,session-recreate,2026-09-24T20:00:29.8899435+00:00,37459.8955,session-lifecycle,session-cycle-22-after-session-dispose,22,22,22,0,0,0,22,436989952,631586816,37821329408,104,13,845320,,597448,7296,1,1,0,0,8618840,436989952,,37821329408,,631336960,,356048896,,70291456,,10649600,,,,,,,,,
phase3a-formal-20260925-v2-session-recreate-100,52,session-recreate,2026-09-24T20:00:29.8941899+00:00,37464.1422,session-lifecycle,session-cycle-23-before-session-create,23,23,23,0,0,0,23,436989952,631586816,37821329408,104,13,904432,,597448,7296,1,1,0,0,8677760,436989952,,37821329408,,631336960,,356048896,,70291456,,10649600,,,,,,,,,
phase3a-formal-20260925-v2-session-recreate-100,53,session-recreate,2026-09-24T20:00:31.4645492+00:00,39034.5011,session-lifecycle,session-cycle-23-after-session-dispose,23,23,23,0,0,0,23,436989952,631586816,37821329408,104,13,1135432,,597448,7296,1,1,0,0,8908064,436989952,,37821329408,,631336960,,356048896,,70291456,,10649600,,,,,,,,,
phase3a-formal-20260925-v2-session-recreate-100,54,session-recreate,2026-09-24T20:00:31.4681885+00:00,39038.1404,session-lifecycle,session-cycle-24-before-session-create,24,24,24,0,0,0,24,436989952,631586816,37821329408,104,13,1194536,,597448,7296,1,1,0,0,8966976,436989952,,37821329408,,631336960,,356048896,,70291456,,10649600,,,,,,,,,
phase3a-formal-20260925-v2-session-recreate-100,55,session-recreate,2026-09-24T20:00:33.0280287+00:00,40597.9806,session-lifecycle,session-cycle-24-after-session-dispose,24,24,24,0,0,0,24,436998144,631586816,37821329408,104,13,1425536,,597448,7296,1,1,0,0,9197280,436998144,,37821329408,,631336960,,356057088,,70291456,,10649600,,,,,,,,,
phase3a-formal-20260925-v2-session-recreate-100,56,session-recreate,2026-09-24T20:00:33.0307790+00:00,40600.7308,session-lifecycle,session-cycle-25-before-session-create,25,25,25,0,0,0,25,436998144,631586816,37821329408,104,13,1484648,,597448,7296,1,1,0,0,9256200,436998144,,37821329408,,631336960,,356057088,,70291456,,10649600,,,,,,,,,
phase3a-formal-20260925-v2-session-recreate-100,57,session-recreate,2026-09-24T20:00:34.6308308+00:00,42200.7828,session-lifecycle,session-cycle-25-after-session-dispose,25,25,25,0,0,0,25,437006336,631586816,37821333504,105,13,1715648,,597448,7296,1,1,0,0,9486504,437006336,,37821333504,,631336960,,356057088,,70291456,,10657792,,,,,,,,,
phase3a-formal-20260925-v2-session-recreate-100,58,session-recreate,2026-09-24T20:00:34.6342170+00:00,42204.169,session-lifecycle,session-cycle-26-before-session-create,26,26,26,0,0,0,26,437010432,631586816,37821333504,105,13,1774824,,597448,7296,1,1,0,0,9545488,437010432,,37821333504,,631336960,,356057088,,70291456,,10661888,,,,,,,,,
phase3a-formal-20260925-v2-session-recreate-100,59,session-recreate,2026-09-24T20:00:36.1780695+00:00,43748.0213,session-lifecycle,session-cycle-26-after-session-dispose,26,26,26,0,0,0,26,720048128,915664896,38105116672,105,13,2005880,,597448,7296,1,1,0,0,9775848,720048128,,38105116672,,915415040,,639057920,,70291456,,10698752,,,,,,,,,
phase3a-formal-20260925-v2-session-recreate-100,60,session-recreate,2026-09-24T20:00:36.1825375+00:00,43752.4909,session-lifecycle,session-cycle-27-before-session-create,27,27,27,0,0,0,27,720048128,915664896,38105116672,105,13,2065056,,597448,7296,1,1,0,0,9834832,720048128,,38105116672,,915415040,,639057920,,70291456,,10698752,,,,,,,,,
phase3a-formal-20260925-v2-session-recreate-100,61,session-recreate,2026-09-24T20:00:37.8027757+00:00,45372.7277,session-lifecycle,session-cycle-27-after-session-dispose,27,27,27,0,0,0,27,437448704,581591040,37770993664,102,12,2296864,,597448,7296,1,1,0,0,10065944,437448704,,37770993664,,581341184,,356392960,,70291456,,10764288,,,,,,,,,
phase3a-formal-20260925-v2-session-recreate-100,62,session-recreate,2026-09-24T20:00:37.8060510+00:00,45376.0028,session-lifecycle,session-cycle-28-before-session-create,28,28,28,0,0,0,28,437448704,581591040,37770993664,102,12,2354624,,597448,7296,1,1,0,0,10123512,437448704,,37770993664,,581341184,,356392960,,70291456,,10764288,,,,,,,,,
phase3a-formal-20260925-v2-session-recreate-100,63,session-recreate,2026-09-24T20:00:39.4074871+00:00,46977.4389,session-lifecycle,session-cycle-28-after-session-dispose,28,28,28,0,0,0,28,437473280,581591040,37770989568,102,12,2584264,,597448,7296,1,1,0,0,10352432,437473280,,37770989568,,581341184,,356392960,,70291456,,10788864,,,,,,,,,
phase3a-formal-20260925-v2-session-recreate-100,64,session-recreate,2026-09-24T20:00:39.4107736+00:00,46980.7253,session-lifecycle,session-cycle-29-before-session-create,29,29,29,0,0,0,29,437473280,581591040,37770989568,102,12,2641992,,597448,7296,1,1,0,0,10409968,437473280,,37770989568,,581341184,,356392960,,70291456,,10788864,,,,,,,,,
phase3a-formal-20260925-v2-session-recreate-100,65,session-recreate,2026-09-24T20:00:41.0291503+00:00,48599.1023,session-lifecycle,session-cycle-29-after-session-dispose,29,29,29,0,0,0,29,437542912,581591040,37770997760,102,12,2871632,,597448,7296,1,1,0,0,10638888,437542912,,37770997760,,581341184,,356392960,,70291456,,10858496,,,,,,,,,
phase3a-formal-20260925-v2-session-recreate-100,66,session-recreate,2026-09-24T20:00:41.0339708+00:00,48603.923,session-lifecycle,session-cycle-30-before-session-create,30,30,30,0,0,0,30,437542912,581591040,37770997760,102,12,2929360,,597448,7296,1,1,0,0,10696424,437542912,,37770997760,,581341184,,356392960,,70291456,,10858496,,,,,,,,,
phase3a-formal-20260925-v2-session-recreate-100,67,session-recreate,2026-09-24T20:00:42.6273045+00:00,50197.2565,session-lifecycle,session-cycle-30-after-session-dispose,30,30,30,0,0,0,30,493154304,637046784,37826437120,102,12,3158960,,597448,7296,1,1,0,0,10925304,493154304,,37826437120,,636796928,,411856896,,70291456,,11005952,,,,,,,,,
phase3a-formal-20260925-v2-session-recreate-100,68,session-recreate,2026-09-24T20:00:42.6308682+00:00,50200.8205,session-lifecycle,session-cycle-31-before-session-create,31,31,31,0,0,0,31,437710848,581603328,37770993664,102,12,3216632,,597448,7296,1,1,0,0,10982784,437710848,,37770993664,,581353472,,356413440,,70291456,,11005952,,,,,,,,,
phase3a-formal-20260925-v2-session-recreate-100,69,session-recreate,2026-09-24T20:00:44.2114428+00:00,51781.395,session-lifecycle,session-cycle-31-after-session-dispose,31,31,31,0,0,0,31,437751808,581644288,37770993664,102,12,3446248,,597448,7296,1,1,0,0,11211680,437751808,,37770993664,,581394432,,356442112,,70291456,,11018240,,,,,,,,,
phase3a-formal-20260925-v2-session-recreate-100,70,session-recreate,2026-09-24T20:00:44.2155580+00:00,51785.5098,session-lifecycle,session-cycle-32-before-session-create,32,32,32,0,0,0,32,437751808,581644288,37770993664,102,12,3503936,,597448,7296,1,1,0,0,11269176,437751808,,37770993664,,581394432,,356442112,,70291456,,11018240,,,,,,,,,
phase3a-formal-20260925-v2-session-recreate-100,71,session-recreate,2026-09-24T20:00:45.8024425+00:00,53372.3945,session-lifecycle,session-cycle-32-after-session-dispose,32,32,32,0,0,0,32,500273152,644165632,37833515008,102,12,3733552,,597448,7296,1,1,0,0,11498072,500273152,,37833515008,,643915776,,418963456,,70291456,,11018240,,,,,,,,,
phase3a-formal-20260925-v2-session-recreate-100,72,session-recreate,2026-09-24T20:00:45.8065525+00:00,53376.5044,session-lifecycle,session-cycle-33-before-session-create,33,33,33,0,0,0,33,437751808,581644288,37770993664,102,12,3791256,,597448,7296,1,1,0,0,11555584,437751808,,37770993664,,581394432,,356442112,,70291456,,11018240,,,,,,,,,
phase3a-formal-20260925-v2-session-recreate-100,73,session-recreate,2026-09-24T20:00:47.4462409+00:00,55016.193,session-lifecycle,session-cycle-33-after-session-dispose,33,33,33,0,0,0,33,438857728,632893440,37821337600,105,13,4020872,,597448,7296,1,1,0,0,11784480,438857728,,37821337600,,632643584,,357548032,,70291456,,11018240,,,,,,,,,
phase3a-formal-20260925-v2-session-recreate-100,74,session-recreate,2026-09-24T20:00:47.4504500+00:00,55020.402,session-lifecycle,session-cycle-34-before-session-create,34,34,34,0,0,0,34,438857728,632893440,37821337600,105,13,4080016,,597448,7296,1,1,0,0,11843432,438857728,,37821337600,,632643584,,357548032,,70291456,,11018240,,,,,,,,,
phase3a-formal-20260925-v2-session-recreate-100,75,session-recreate,2026-09-24T20:00:49.0384667+00:00,56608.4187,session-lifecycle,session-cycle-34-after-session-dispose,34,34,34,0,0,0,34,494297088,688336896,37876781056,105,13,4311048,,597448,7296,1,1,0,0,12073768,494297088,,37876781056,,688087040,,412987392,,70291456,,11018240,,,,,,,,,
phase3a-formal-20260925-v2-session-recreate-100,76,session-recreate,2026-09-24T20:00:49.0418795+00:00,56611.8313,session-lifecycle,session-cycle-35-before-session-create,35,35,35,0,0,0,35,438853632,632893440,37821337600,105,13,4370208,,597448,7296,1,1,0,0,12132736,438853632,,37821337600,,632643584,,357543936,,70291456,,11018240,,,,,,,,,
phase3a-formal-20260925-v2-session-recreate-100,77,session-recreate,2026-09-24T20:00:50.6306709+00:00,58200.6229,session-lifecycle,session-cycle-35-after-session-dispose,35,35,35,0,0,0,35,494260224,671543296,37859975168,105,12,4601256,,597448,7296,1,1,0,0,12363088,494260224,,37859975168,,671293440,,412950528,,70291456,,11018240,,,,,,,,,
phase3a-formal-20260925-v2-session-recreate-100,78,session-recreate,2026-09-24T20:00:50.6346012+00:00,58204.5531,session-lifecycle,session-cycle-36-before-session-create,36,36,36,0,0,0,36,438816768,616099840,37804531712,105,12,4659144,,597448,7296,1,1,0,0,12420784,438816768,,37804531712,,615849984,,357507072,,70291456,,11018240,,,,,,,,,
phase3a-formal-20260925-v2-session-recreate-100,79,session-recreate,2026-09-24T20:00:52.1829375+00:00,59752.8896,session-lifecycle,session-cycle-36-after-session-dispose,36,36,36,0,0,0,36,501338112,678621184,37867053056,105,12,4888944,,597448,7296,1,1,0,0,12649864,501338112,,37867053056,,678371328,,420028416,,70291456,,11018240,,,,,,,,,
phase3a-formal-20260925-v2-session-recreate-100,80,session-recreate,2026-09-24T20:00:52.1938235+00:00,59763.7756,session-lifecycle,session-cycle-37-before-session-create,37,37,37,0,0,0,37,501338112,678621184,37867053056,105,12,4946832,,597448,7296,1,1,0,0,12707560,501338112,,37867053056,,678371328,,420028416,,70291456,,11018240,,,,,,,,,
phase3a-formal-20260925-v2-session-recreate-100,81,session-recreate,2026-09-24T20:00:53.7918147+00:00,61361.7668,session-lifecycle,session-cycle-37-after-session-dispose,37,37,37,0,0,0,37,716840960,895152128,38083584000,105,12,5176632,,597448,7296,1,1,0,0,12936640,716840960,,38083584000,,894902272,,635531264,,70291456,,11018240,,,,,,,,,
phase3a-formal-20260925-v2-session-recreate-100,82,session-recreate,2026-09-24T20:00:53.7956771+00:00,61365.6291,session-lifecycle,session-cycle-38-before-session-create,38,38,38,0,0,0,38,716840960,895152128,38083584000,105,12,5234520,,597448,7296,1,1,0,0,12994336,716840960,,38083584000,,894902272,,635531264,,70291456,,11018240,,,,,,,,,
phase3a-formal-20260925-v2-session-recreate-100,83,session-recreate,2026-09-24T20:00:55.3175003+00:00,62887.4523,session-lifecycle,session-cycle-38-after-session-dispose,38,38,38,0,0,0,38,503697408,680980480,37869412352,104,12,5464320,,597448,7296,1,1,0,0,13223416,503697408,,37869412352,,680730624,,422387712,,70291456,,11018240,,,,,,,,,
phase3a-formal-20260925-v2-session-recreate-100,84,session-recreate,2026-09-24T20:00:55.3212571+00:00,62891.2089,session-lifecycle,session-cycle-39-before-session-create,39,39,39,0,0,0,39,438816768,616099840,37804531712,104,12,5522144,,597448,7296,1,1,0,0,13281048,438816768,,37804531712,,615849984,,357507072,,70291456,,11018240,,,,,,,,,
phase3a-formal-20260925-v2-session-recreate-100,85,session-recreate,2026-09-24T20:00:56.8683536+00:00,64438.3056,session-lifecycle,session-cycle-39-after-session-dispose,39,39,39,0,0,0,39,494260224,671543296,37859975168,105,12,5751880,,597448,7296,1,1,0,0,13510064,494260224,,37859975168,,671293440,,412950528,,70291456,,11018240,,,,,,,,,
phase3a-formal-20260925-v2-session-recreate-100,86,session-recreate,2026-09-24T20:00:56.8721124+00:00,64442.0646,session-lifecycle,session-cycle-40-before-session-create,40,40,40,0,0,0,40,438816768,616099840,37804531712,105,12,5809768,,597448,7296,1,1,0,0,13567760,438816768,,37804531712,,615849984,,357507072,,70291456,,11018240,,,,,,,,,
phase3a-formal-20260925-v2-session-recreate-100,87,session-recreate,2026-09-24T20:00:58.5336764+00:00,66103.6283,session-lifecycle,session-cycle-40-after-session-dispose,40,40,40,0,0,0,40,494260224,671543296,37859975168,105,12,6039536,,597448,7296,1,1,0,0,13796808,494260224,,37859975168,,671293440,,412950528,,70291456,,11018240,,,,,,,,,
phase3a-formal-20260925-v2-session-recreate-100,88,session-recreate,2026-09-24T20:00:58.5403527+00:00,66110.3047,session-lifecycle,session-cycle-41-before-session-create,41,41,41,0,0,0,41,438816768,616120320,37804556288,105,13,6097424,,597448,7296,1,1,0,0,13854504,438816768,,37804556288,,615870464,,357507072,,70291456,,11018240,,,,,,,,,
phase3a-formal-20260925-v2-session-recreate-100,89,session-recreate,2026-09-24T20:01:00.1565463+00:00,67726.499,session-lifecycle,session-cycle-41-after-session-dispose,41,41,41,0,0,0,41,494288896,688345088,37876781056,105,13,6328464,,597448,7296,1,1,0,0,14084848,494288896,,37876781056,,688095232,,412979200,,70291456,,11018240,,,,,,,,,
phase3a-formal-20260925-v2-session-recreate-100,90,session-recreate,2026-09-24T20:01:00.1619769+00:00,67731.9297,session-lifecycle,session-cycle-42-before-session-create,42,42,42,0,0,0,42,438845440,632901632,37821337600,105,13,6387600,,597448,7296,1,1,0,0,14143792,438845440,,37821337600,,632651776,,357535744,,70291456,,11018240,,,,,,,,,
phase3a-formal-20260925-v2-session-recreate-100,91,session-recreate,2026-09-24T20:01:01.7836458+00:00,69353.5979,session-lifecycle,session-cycle-42-after-session-dispose,42,42,42,0,0,0,42,494292992,688345088,37876781056,105,13,6618640,,597448,7296,1,1,0,0,14374136,494292992,,37876781056,,688095232,,412983296,,70291456,,11018240,,,,,,,,,
phase3a-formal-20260925-v2-session-recreate-100,92,session-recreate,2026-09-24T20:01:01.7881459+00:00,69358.0982,session-lifecycle,session-cycle-43-before-session-create,43,43,43,0,0,0,43,438849536,632901632,37821337600,105,13,6677792,,597448,7296,1,1,0,0,14433096,438849536,,37821337600,,632651776,,357539840,,70291456,,11018240,,,,,,,,,
phase3a-formal-20260925-v2-session-recreate-100,93,session-recreate,2026-09-24T20:01:03.4039002+00:00,70973.8525,session-lifecycle,session-cycle-43-after-session-dispose,43,43,43,0,0,0,43,494268416,671547392,37859975168,104,12,6908832,,597448,7296,1,1,0,0,14663440,494268416,,37859975168,,671297536,,412958720,,70291456,,11018240,,,,,,,,,
phase3a-formal-20260925-v2-session-recreate-100,94,session-recreate,2026-09-24T20:01:03.4143169+00:00,70984.269,session-lifecycle,session-cycle-44-before-session-create,44,44,44,0,0,0,44,494268416,671547392,37859975168,104,12,6966656,,597448,7296,1,1,0,0,14721072,494268416,,37859975168,,671297536,,412958720,,70291456,,11018240,,,,,,,,,
phase3a-formal-20260925-v2-session-recreate-100,95,session-recreate,2026-09-24T20:01:05.0235166+00:00,72593.4688,session-lifecycle,session-cycle-44-after-session-dispose,44,44,44,0,0,0,44,496656384,690704384,37879140352,105,13,7196376,,597448,7296,1,1,0,0,14950072,496656384,,37879140352,,690454528,,415342592,,70291456,,11022336,,,,,,,,,
phase3a-formal-20260925-v2-session-recreate-100,96,session-recreate,2026-09-24T20:01:05.0272587+00:00,72597.2105,session-lifecycle,session-cycle-45-before-session-create,45,45,45,0,0,0,45,438853632,632901632,37821337600,105,13,7255528,,597448,7296,1,1,0,0,15009032,438853632,,37821337600,,632651776,,357539840,,70291456,,11022336,,,,,,,,,
phase3a-formal-20260925-v2-session-recreate-100,97,session-recreate,2026-09-24T20:01:06.6537302+00:00,74223.6825,session-lifecycle,session-cycle-45-after-session-dispose,45,45,45,0,0,0,45,496656384,690704384,37879140352,104,13,7486536,,597448,7296,1,1,0,0,15239344,496656384,,37879140352,,690454528,,415342592,,70291456,,11022336,,,,,,,,,
phase3a-formal-20260925-v2-session-recreate-100,98,session-recreate,2026-09-24T20:01:06.6578597+00:00,74227.812,session-lifecycle,session-cycle-46-before-session-create,46,46,46,0,0,0,46,438853632,632901632,37821337600,104,13,7545640,,597448,7296,1,1,0,0,15298256,438853632,,37821337600,,632651776,,357539840,,70291456,,11022336,,,,,,,,,
phase3a-formal-20260925-v2-session-recreate-100,99,session-recreate,2026-09-24T20:01:08.2063471+00:00,75776.2989,session-lifecycle,session-cycle-46-after-session-dispose,46,46,46,0,0,0,46,496660480,690704384,37879140352,104,13,7776616,,597448,7296,1,1,0,0,15528536,496660480,,37879140352,,690454528,,415346688,,70291456,,11022336,,,,,,,,,
phase3a-formal-20260925-v2-session-recreate-100,100,session-recreate,2026-09-24T20:01:08.2100102+00:00,75779.9621,session-lifecycle,session-cycle-47-before-session-create,47,47,47,0,0,0,47,438857728,632901632,37821337600,104,13,7835712,,597448,7296,1,1,0,0,15587440,438857728,,37821337600,,632651776,,357543936,,70291456,,11022336,,,,,,,,,
phase3a-formal-20260925-v2-session-recreate-100,101,session-recreate,2026-09-24T20:01:09.7501957+00:00,77320.1475,session-lifecycle,session-cycle-47-after-session-dispose,47,47,47,0,0,0,47,716857344,895156224,38083584000,104,12,8066704,,597448,7296,1,1,0,0,15817736,716857344,,38083584000,,894906368,,635543552,,70291456,,11022336,,,,,,,,,
phase3a-formal-20260925-v2-session-recreate-100,102,session-recreate,2026-09-24T20:01:09.7532462+00:00,77323.198,session-lifecycle,session-cycle-48-before-session-create,48,48,48,0,0,0,48,716857344,895156224,38083584000,104,12,8124544,,597448,7296,1,1,0,0,15875384,716857344,,38083584000,,894906368,,635543552,,70291456,,11022336,,,,,,,,,
phase3a-formal-20260925-v2-session-recreate-100,103,session-recreate,2026-09-24T20:01:11.2333339+00:00,78803.2862,session-lifecycle,session-cycle-48-after-session-dispose,48,48,48,0,0,0,48,722997248,900399104,38088826880,105,12,8354256,,597448,7296,1,1,0,0,16104376,722997248,,38088826880,,900149248,,641683456,,70291456,,11022336,,,,,,,,,
phase3a-formal-20260925-v2-session-recreate-100,104,session-recreate,2026-09-24T20:01:11.2384755+00:00,78808.4276,session-lifecycle,session-cycle-49-before-session-create,49,49,49,0,0,0,49,722997248,900399104,38088826880,105,12,8412152,,597448,7296,1,1,0,0,16162080,722997248,,38088826880,,900149248,,641683456,,70291456,,11022336,,,,,,,,,
phase3a-formal-20260925-v2-session-recreate-100,105,session-recreate,2026-09-24T20:01:12.7750610+00:00,80345.0131,session-lifecycle,session-cycle-49-after-session-dispose,49,49,49,0,0,0,49,722997248,900399104,38088826880,105,12,8641936,,597448,7296,1,1,0,0,16391144,722997248,,38088826880,,900149248,,641683456,,70291456,,11022336,,,,,,,,,
phase3a-formal-20260925-v2-session-recreate-100,106,session-recreate,2026-09-24T20:01:12.7812471+00:00,80351.1991,measurement,request-count-50,50,50,50,0,0,0,50,722997248,900419584,38088851456,105,13,8700328,,597448,7296,1,1,0,0,16449344,722997248,,38088851456,,900169728,,641683456,,70291456,,11022336,,1530.0157,1563.5602,1562.8617,1631.4995,1666.0389,170.8271,67,false
phase3a-formal-20260925-v2-session-recreate-100,107,session-recreate,2026-09-24T20:01:12.7898084+00:00,80359.7604,session-lifecycle,session-cycle-50-before-session-create,50,50,50,0,0,0,50,722997248,900419584,38088851456,105,13,8766120,,597448,7296,1,1,0,0,16514944,722997248,,38088851456,,900169728,,641683456,,70291456,,11022336,,,,,,,,,
phase3a-formal-20260925-v2-session-recreate-100,108,session-recreate,2026-09-24T20:01:14.2739403+00:00,81843.8922,session-lifecycle,session-cycle-50-after-session-dispose,50,50,50,0,0,0,50,438988800,599347200,37787774976,104,13,618944,,597448,7296,1,2,1,0,16751656,438988800,,37787774976,,599097344,,357597184,,70291456,,11100160,,,,,,,,,
phase3a-formal-20260925-v2-session-recreate-100,109,session-recreate,2026-09-24T20:01:14.2781763+00:00,81848.1286,session-lifecycle,session-cycle-51-before-session-create,51,51,51,0,0,0,51,439537664,599937024,37787766784,104,13,678752,,595120,768,2,2,1,0,16811272,439537664,,37787766784,,599687168,,358154240,,70291456,,11091968,,,,,,,,,
phase3a-formal-20260925-v2-session-recreate-100,110,session-recreate,2026-09-24T20:01:15.8766278+00:00,83446.5795,session-lifecycle,session-cycle-51-after-session-dispose,51,51,51,0,0,0,51,439586816,633491456,37821329408,105,13,909960,,595120,768,2,2,1,0,17041784,439586816,,37821329408,,633241600,,358203392,,70291456,,11091968,,,,,,,,,
phase3a-formal-20260925-v2-session-recreate-100,111,session-recreate,2026-09-24T20:01:15.8798648+00:00,83449.8165,session-lifecycle,session-cycle-52-before-session-create,52,52,52,0,0,0,52,439586816,633491456,37821329408,105,13,969120,,595120,768,2,2,1,0,17100752,439586816,,37821329408,,633241600,,358203392,,70291456,,11091968,,,,,,,,,
phase3a-formal-20260925-v2-session-recreate-100,112,session-recreate,2026-09-24T20:01:17.4525603+00:00,85022.5122,session-lifecycle,session-cycle-52-after-session-dispose,52,52,52,0,0,0,52,439566336,616714240,37804548096,104,13,1200168,,595120,768,2,2,1,0,17331104,439566336,,37804548096,,616464384,,358182912,,70291456,,11091968,,,,,,,,,
phase3a-formal-20260925-v2-session-recreate-100,113,session-recreate,2026-09-24T20:01:17.4567829+00:00,85026.735,session-lifecycle,session-cycle-53-before-session-create,53,53,53,0,0,0,53,439566336,616714240,37804548096,104,13,1259272,,595120,768,2,2,1,0,17390016,439566336,,37804548096,,616464384,,358182912,,70291456,,11091968,,,,,,,,,
phase3a-formal-20260925-v2-session-recreate-100,114,session-recreate,2026-09-24T20:01:19.0802633+00:00,86650.2151,session-lifecycle,session-cycle-53-after-session-dispose,53,53,53,0,0,0,53,439590912,633491456,37821329408,105,13,1490248,,595120,768,2,2,1,0,17620296,439590912,,37821329408,,633241600,,358207488,,70291456,,11091968,,,,,,,,,
phase3a-formal-20260925-v2-session-recreate-100,115,session-recreate,2026-09-24T20:01:19.0842331+00:00,86654.1851,session-lifecycle,session-cycle-54-before-session-create,54,54,54,0,0,0,54,439590912,633491456,37821329408,105,13,1549416,,595120,768,2,2,1,0,17679272,439590912,,37821329408,,633241600,,358207488,,70291456,,11091968,,,,,,,,,
phase3a-formal-20260925-v2-session-recreate-100,116,session-recreate,2026-09-24T20:01:20.6832108+00:00,88253.1631,session-lifecycle,session-cycle-54-after-session-dispose,54,54,54,0,0,0,54,439590912,633491456,37821329408,105,13,1780472,,595120,768,2,2,1,0,17909632,439590912,,37821329408,,633241600,,358207488,,70291456,,11091968,,,,,,,,,
phase3a-formal-20260925-v2-session-recreate-100,117,session-recreate,2026-09-24T20:01:20.6873098+00:00,88257.2617,session-lifecycle,session-cycle-55-before-session-create,55,55,55,0,0,0,55,439590912,633491456,37821329408,105,13,1839632,,595120,768,2,2,1,0,17968600,439590912,,37821329408,,633241600,,358207488,,70291456,,11091968,,,,,,,,,
phase3a-formal-20260925-v2-session-recreate-100,118,session-recreate,2026-09-24T20:01:22.3192598+00:00,89889.2119,session-lifecycle,session-cycle-55-after-session-dispose,55,55,55,0,0,0,55,439599104,633491456,37821333504,104,13,2070688,,595120,768,2,2,1,0,18198960,439599104,,37821333504,,633241600,,358203392,,70291456,,11104256,,,,,,,,,
phase3a-formal-20260925-v2-session-recreate-100,119,session-recreate,2026-09-24T20:01:22.3234736+00:00,89893.4256,session-lifecycle,session-cycle-56-before-session-create,56,56,56,0,0,0,56,439599104,633491456,37821333504,104,13,2129792,,595120,768,2,2,1,0,18257872,439599104,,37821333504,,633241600,,358203392,,70291456,,11104256,,,,,,,,,
phase3a-formal-20260925-v2-session-recreate-100,120,session-recreate,2026-09-24T20:01:23.9200762+00:00,91490.0282,session-lifecycle,session-cycle-56-after-session-dispose,56,56,56,0,0,0,56,439615488,633491456,37821341696,105,13,2360784,,595120,768,2,2,1,0,18488168,439615488,,37821341696,,633241600,,358203392,,70291456,,11120640,,,,,,,,,
phase3a-formal-20260925-v2-session-recreate-100,121,session-recreate,2026-09-24T20:01:23.9236789+00:00,91493.6308,session-lifecycle,session-cycle-57-before-session-create,57,57,57,0,0,0,57,439615488,633491456,37821341696,105,13,2419952,,595120,768,2,2,1,0,18547144,439615488,,37821341696,,633241600,,358203392,,70291456,,11120640,,,,,,,,,
phase3a-formal-20260925-v2-session-recreate-100,122,session-recreate,2026-09-24T20:01:25.5430062+00:00,93112.9583,session-lifecycle,session-cycle-57-after-session-dispose,57,57,57,0,0,0,57,440877056,634707968,37821345792,105,13,2651008,,595120,768,2,2,1,0,18777504,440877056,,37821345792,,634458112,,359440384,,70291456,,11145216,,,,,,,,,
phase3a-formal-20260925-v2-session-recreate-100,123,session-recreate,2026-09-24T20:01:25.5473631+00:00,93117.3153,session-lifecycle,session-cycle-58-before-session-create,58,58,58,0,0,0,58,440877056,634707968,37821345792,105,13,2710176,,595120,768,2,2,1,0,18836480,440877056,,37821345792,,634458112,,359440384,,70291456,,11145216,,,,,,,,,
phase3a-formal-20260925-v2-session-recreate-100,124,session-recreate,2026-09-24T20:01:27.1708614+00:00,94740.8134,session-lifecycle,session-cycle-58-after-session-dispose,58,58,58,0,0,0,58,440856576,617930752,37804552192,104,13,2941232,,595120,768,2,2,1,0,19066840,440856576,,37804552192,,617680896,,359419904,,70291456,,11145216,,,,,,,,,
phase3a-formal-20260925-v2-session-recreate-100,125,session-recreate,2026-09-24T20:01:27.1749002+00:00,94744.852,session-lifecycle,session-cycle-59-before-session-create,59,59,59,0,0,0,59,440856576,617930752,37804552192,104,13,3000336,,595120,768,2,2,1,0,19125752,440856576,,37804552192,,617680896,,359419904,,70291456,,11145216,,,,,,,,,
phase3a-formal-20260925-v2-session-recreate-100,126,session-recreate,2026-09-24T20:01:28.8377033+00:00,96407.6553,session-lifecycle,session-cycle-59-after-session-dispose,59,59,59,0,0,0,59,440893440,617938944,37804556288,105,13,3231312,,595120,768,2,2,1,0,19356032,440893440,,37804556288,,617689088,,359428096,,70291456,,11173888,,,,,,,,,
phase3a-formal-20260925-v2-session-recreate-100,127,session-recreate,2026-09-24T20:01:28.8410029+00:00,96410.9547,session-lifecycle,session-cycle-60-before-session-create,60,60,60,0,0,0,60,440893440,617938944,37804556288,105,13,3290480,,595120,768,2,2,1,0,19415008,440893440,,37804556288,,617689088,,359428096,,70291456,,11173888,,,,,,,,,
phase3a-formal-20260925-v2-session-recreate-100,128,session-recreate,2026-09-24T20:01:30.5227306+00:00,98092.6828,session-lifecycle,session-cycle-60-after-session-dispose,60,60,60,0,0,0,60,441032704,617967616,37804556288,105,13,3521536,,595120,768,2,2,1,0,19645368,441032704,,37804556288,,617717760,,359456768,,70291456,,11284480,,,,,,,,,
phase3a-formal-20260925-v2-session-recreate-100,129,session-recreate,2026-09-24T20:01:30.5267583+00:00,98096.7103,session-lifecycle,session-cycle-61-before-session-create,61,61,61,0,0,0,61,441032704,617967616,37804556288,105,13,3580712,,595120,768,2,2,1,0,19704352,441032704,,37804556288,,617717760,,359456768,,70291456,,11284480,,,,,,,,,
phase3a-formal-20260925-v2-session-recreate-100,130,session-recreate,2026-09-24T20:01:32.0884547+00:00,99658.4067,session-lifecycle,session-cycle-61-after-session-dispose,61,61,61,0,0,0,61,441057280,634744832,37821337600,104,13,3811656,,595120,768,2,2,1,0,19934600,441057280,,37821337600,,634494976,,359481344,,70291456,,11284480,,,,,,,,,
phase3a-formal-20260925-v2-session-recreate-100,131,session-recreate,2026-09-24T20:01:32.0918453+00:00,99661.7971,session-lifecycle,session-cycle-62-before-session-create,62,62,62,0,0,0,62,441057280,634744832,37821337600,104,13,3870760,,595120,768,2,2,1,0,19993512,441057280,,37821337600,,634494976,,359481344,,70291456,,11284480,,,,,,,,,
phase3a-formal-20260925-v2-session-recreate-100,132,session-recreate,2026-09-24T20:01:33.6851094+00:00,101255.0614,session-lifecycle,session-cycle-62-after-session-dispose,62,62,62,0,0,0,62,721440768,916156416,38102749184,105,13,4101640,,595120,768,2,2,1,0,20223696,721440768,,38102749184,,915906560,,639864832,,70291456,,11284480,,,,,,,,,
phase3a-formal-20260925-v2-session-recreate-100,133,session-recreate,2026-09-24T20:01:33.6900200+00:00,101259.9718,session-lifecycle,session-cycle-63-before-session-create,63,63,63,0,0,0,63,721440768,916156416,38102749184,105,13,4160816,,595120,768,2,2,1,0,20282680,721440768,,38102749184,,915906560,,639864832,,70291456,,11284480,,,,,,,,,
phase3a-formal-20260925-v2-session-recreate-100,134,session-recreate,2026-09-24T20:01:35.1592836+00:00,102729.2355,session-lifecycle,session-cycle-63-after-session-dispose,63,63,63,0,0,0,63,441053184,634744832,37821337600,105,13,4391760,,595120,768,2,2,1,0,20512928,441053184,,37821337600,,634494976,,359477248,,70291456,,11284480,,,,,,,,,
phase3a-formal-20260925-v2-session-recreate-100,135,session-recreate,2026-09-24T20:01:35.1636673+00:00,102733.6193,session-lifecycle,session-cycle-64-before-session-create,64,64,64,0,0,0,64,441053184,634744832,37821337600,105,13,4450936,,595120,768,2,2,1,0,20571912,441053184,,37821337600,,634494976,,359477248,,70291456,,11284480,,,,,,,,,
phase3a-formal-20260925-v2-session-recreate-100,136,session-recreate,2026-09-24T20:01:36.7607948+00:00,104330.7467,session-lifecycle,session-cycle-64-after-session-dispose,64,64,64,0,0,0,64,441053184,634744832,37821337600,105,13,4681880,,595120,768,2,2,1,0,20802160,441053184,,37821337600,,634494976,,359477248,,70291456,,11284480,,,,,,,,,
phase3a-formal-20260925-v2-session-recreate-100,137,session-recreate,2026-09-24T20:01:36.7642538+00:00,104334.2058,session-lifecycle,session-cycle-65-before-session-create,65,65,65,0,0,0,65,441053184,634744832,37821337600,105,13,4741056,,595120,768,2,2,1,0,20861144,441053184,,37821337600,,634494976,,359477248,,70291456,,11284480,,,,,,,,,
phase3a-formal-20260925-v2-session-recreate-100,138,session-recreate,2026-09-24T20:01:38.4229536+00:00,105992.9055,session-lifecycle,session-cycle-65-after-session-dispose,65,65,65,0,0,0,65,441016320,617947136,37804531712,104,12,4972000,,595120,768,2,2,1,0,21091392,441016320,,37804531712,,617697280,,359440384,,70291456,,11284480,,,,,,,,,
phase3a-formal-20260925-v2-session-recreate-100,139,session-recreate,2026-09-24T20:01:38.4264531+00:00,105996.4049,session-lifecycle,session-cycle-66-before-session-create,66,66,66,0,0,0,66,441016320,617947136,37804531712,104,12,5029840,,595120,768,2,2,1,0,21149040,441016320,,37804531712,,617697280,,359440384,,70291456,,11284480,,,,,,,,,
phase3a-formal-20260925-v2-session-recreate-100,140,session-recreate,2026-09-24T20:01:40.0958760+00:00,107665.828,session-lifecycle,session-cycle-66-after-session-dispose,66,66,66,0,0,0,66,441016320,617947136,37804531712,105,12,5259472,,595120,768,2,2,1,0,21377952,441016320,,37804531712,,617697280,,359440384,,70291456,,11284480,,,,,,,,,
phase3a-formal-20260925-v2-session-recreate-100,141,session-recreate,2026-09-24T20:01:40.0998619+00:00,107669.8139,session-lifecycle,session-cycle-67-before-session-create,67,67,67,0,0,0,67,441016320,617947136,37804531712,105,12,5317376,,595120,768,2,2,1,0,21435664,441016320,,37804531712,,617697280,,359440384,,70291456,,11284480,,,,,,,,,
phase3a-formal-20260925-v2-session-recreate-100,142,session-recreate,2026-09-24T20:01:41.7204034+00:00,109290.3552,session-lifecycle,session-cycle-67-after-session-dispose,67,67,67,0,0,0,67,441016320,617947136,37804531712,105,12,5547072,,595120,768,2,2,1,0,21664640,441016320,,37804531712,,617697280,,359440384,,70291456,,11284480,,,,,,,,,
phase3a-formal-20260925-v2-session-recreate-100,143,session-recreate,2026-09-24T20:01:41.7229671+00:00,109292.9188,session-lifecycle,session-cycle-68-before-session-create,68,68,68,0,0,0,68,441016320,617947136,37804531712,105,12,5604976,,595120,768,2,2,1,0,21722352,441016320,,37804531712,,617697280,,359440384,,70291456,,11284480,,,,,,,,,
phase3a-formal-20260925-v2-session-recreate-100,144,session-recreate,2026-09-24T20:01:43.3335602+00:00,110903.5123,session-lifecycle,session-cycle-68-after-session-dispose,68,68,68,0,0,0,68,441016320,617947136,37804531712,105,12,5834672,,595120,768,2,2,1,0,21951328,441016320,,37804531712,,617697280,,359440384,,70291456,,11284480,,,,,,,,,
phase3a-formal-20260925-v2-session-recreate-100,145,session-recreate,2026-09-24T20:01:43.3370713+00:00,110907.0231,session-lifecycle,session-cycle-69-before-session-create,69,69,69,0,0,0,69,441016320,617947136,37804531712,105,12,5892576,,595120,768,2,2,1,0,22009040,441016320,,37804531712,,617697280,,359440384,,70291456,,11284480,,,,,,,,,
phase3a-formal-20260925-v2-session-recreate-100,146,session-recreate,2026-09-24T20:01:44.9096351+00:00,112479.5871,session-lifecycle,session-cycle-69-after-session-dispose,69,69,69,0,0,0,69,440954880,567615488,37754187776,102,11,6122272,,595120,768,2,2,1,0,22238016,440954880,,37754187776,,567365632,,359378944,,70291456,,11284480,,,,,,,,,
phase3a-formal-20260925-v2-session-recreate-100,147,session-recreate,2026-09-24T20:01:44.9127223+00:00,112482.6741,session-lifecycle,session-cycle-70-before-session-create,70,70,70,0,0,0,70,440954880,567615488,37754187776,102,11,6179840,,595120,768,2,2,1,0,22295416,440954880,,37754187776,,567365632,,359378944,,70291456,,11284480,,,,,,,,,
phase3a-formal-20260925-v2-session-recreate-100,148,session-recreate,2026-09-24T20:01:46.4480814+00:00,114018.0332,session-lifecycle,session-cycle-70-after-session-dispose,70,70,70,0,0,0,70,440954880,567615488,37754187776,102,11,6406936,,595120,768,2,2,1,0,22521792,440954880,,37754187776,,567365632,,359378944,,70291456,,11284480,,,,,,,,,
phase3a-formal-20260925-v2-session-recreate-100,149,session-recreate,2026-09-24T20:01:46.4547393+00:00,114024.6913,session-lifecycle,session-cycle-71-before-session-create,71,71,71,0,0,0,71,440954880,567635968,37754212352,102,12,6464504,,595120,768,2,2,1,0,22579192,440954880,,37754212352,,567386112,,359378944,,70291456,,11284480,,,,,,,,,
phase3a-formal-20260925-v2-session-recreate-100,150,session-recreate,2026-09-24T20:01:47.9879083+00:00,115557.8603,session-lifecycle,session-cycle-71-after-session-dispose,71,71,71,0,0,0,71,440979456,584413184,37770993664,102,12,6692864,,595120,768,2,2,1,0,22806832,440979456,,37770993664,,584163328,,359403520,,70291456,,11284480,,,,,,,,,
phase3a-formal-20260925-v2-session-recreate-100,151,session-recreate,2026-09-24T20:01:47.9924075+00:00,115562.3596,session-lifecycle,session-cycle-72-before-session-create,72,72,72,0,0,0,72,440979456,584413184,37770993664,102,12,6750576,,595120,768,2,2,1,0,22864352,440979456,,37770993664,,584163328,,359403520,,70291456,,11284480,,,,,,,,,
phase3a-formal-20260925-v2-session-recreate-100,152,session-recreate,2026-09-24T20:01:49.6109235+00:00,117180.8755,session-lifecycle,session-cycle-72-after-session-dispose,72,72,72,0,0,0,72,496422912,639856640,37826437120,102,12,6980080,,595120,768,2,2,1,0,23093136,496422912,,37826437120,,639606784,,414846976,,70291456,,11284480,,,,,,,,,
phase3a-formal-20260925-v2-session-recreate-100,153,session-recreate,2026-09-24T20:01:49.6144425+00:00,117184.3943,session-lifecycle,session-cycle-73-before-session-create,73,73,73,0,0,0,73,440979456,584413184,37770993664,102,12,7037792,,595120,768,2,2,1,0,23150656,440979456,,37770993664,,584163328,,359403520,,70291456,,11284480,,,,,,,,,
phase3a-formal-20260925-v2-session-recreate-100,154,session-recreate,2026-09-24T20:01:51.2219784+00:00,118791.9302,session-lifecycle,session-cycle-73-after-session-dispose,73,73,73,0,0,0,73,440954880,567615488,37754187776,102,11,7267296,,595120,768,2,2,1,0,23379440,440954880,,37754187776,,567365632,,359378944,,70291456,,11284480,,,,,,,,,
phase3a-formal-20260925-v2-session-recreate-100,155,session-recreate,2026-09-24T20:01:51.2250829+00:00,118795.0347,session-lifecycle,session-cycle-74-before-session-create,74,74,74,0,0,0,74,440954880,567615488,37754187776,102,11,7324864,,595120,768,2,2,1,0,23436840,440954880,,37754187776,,567365632,,359378944,,70291456,,11284480,,,,,,,,,
phase3a-formal-20260925-v2-session-recreate-100,156,session-recreate,2026-09-24T20:01:52.7950889+00:00,120365.0407,session-lifecycle,session-cycle-74-after-session-dispose,74,74,74,0,0,0,74,440954880,567615488,37754187776,102,11,7551960,,595120,768,2,2,1,0,23663216,440954880,,37754187776,,567365632,,359378944,,70291456,,11284480,,,,,,,,,
phase3a-formal-20260925-v2-session-recreate-100,157,session-recreate,2026-09-24T20:01:52.7981748+00:00,120368.1265,session-lifecycle,session-cycle-75-before-session-create,75,75,75,0,0,0,75,440954880,567615488,37754187776,102,11,7609528,,595120,768,2,2,1,0,23720616,440954880,,37754187776,,567365632,,359378944,,70291456,,11284480,,,,,,,,,
phase3a-formal-20260925-v2-session-recreate-100,158,session-recreate,2026-09-24T20:01:54.3406746+00:00,121910.6268,session-lifecycle,session-cycle-75-after-session-dispose,75,75,75,0,0,0,75,442060800,618864640,37804531712,105,12,7836624,,595120,768,2,2,1,0,23946992,442060800,,37804531712,,618614784,,360484864,,70291456,,11284480,,,,,,,,,
phase3a-formal-20260925-v2-session-recreate-100,159,session-recreate,2026-09-24T20:01:54.3442665+00:00,121914.2189,session-lifecycle,session-cycle-76-before-session-create,76,76,76,0,0,0,76,442060800,618864640,37804531712,105,12,7894528,,595120,768,2,2,1,0,24004704,442060800,,37804531712,,618614784,,360484864,,70291456,,11284480,,,,,,,,,
phase3a-formal-20260925-v2-session-recreate-100,160,session-recreate,2026-09-24T20:01:55.8990945+00:00,123469.0464,session-lifecycle,session-cycle-76-after-session-dispose,76,76,76,0,0,0,76,442060800,618868736,37804531712,105,12,8124224,,595120,768,2,2,1,0,24233680,442060800,,37804531712,,618618880,,360484864,,70291456,,11284480,,,,,,,,,
phase3a-formal-20260925-v2-session-recreate-100,161,session-recreate,2026-09-24T20:01:55.9027543+00:00,123472.7065,session-lifecycle,session-cycle-77-before-session-create,77,77,77,0,0,0,77,442060800,618868736,37804531712,105,12,8182128,,595120,768,2,2,1,0,24291392,442060800,,37804531712,,618618880,,360484864,,70291456,,11284480,,,,,,,,,
phase3a-formal-20260925-v2-session-recreate-100,162,session-recreate,2026-09-24T20:01:57.4162209+00:00,124986.1727,session-lifecycle,session-cycle-77-after-session-dispose,77,77,77,0,0,0,77,442056704,618868736,37804531712,105,12,8411824,,595120,768,2,2,1,0,24520368,442056704,,37804531712,,618618880,,360480768,,70291456,,11284480,,,,,,,,,
phase3a-formal-20260925-v2-session-recreate-100,163,session-recreate,2026-09-24T20:01:57.4198152+00:00,124989.767,session-lifecycle,session-cycle-78-before-session-create,78,78,78,0,0,0,78,442056704,618868736,37804531712,105,12,8469728,,595120,768,2,2,1,0,24578080,442056704,,37804531712,,618618880,,360480768,,70291456,,11284480,,,,,,,,,
phase3a-formal-20260925-v2-session-recreate-100,164,session-recreate,2026-09-24T20:01:59.1149242+00:00,126684.876,session-lifecycle,session-cycle-78-after-session-dispose,78,78,78,0,0,0,78,442056704,618868736,37804531712,105,12,8699424,,595120,768,2,2,1,0,24807056,442056704,,37804531712,,618618880,,360480768,,70291456,,11284480,,,,,,,,,
phase3a-formal-20260925-v2-session-recreate-100,165,session-recreate,2026-09-24T20:01:59.1192906+00:00,126689.2425,session-lifecycle,session-cycle-79-before-session-create,79,79,79,0,0,0,79,442056704,618868736,37804531712,105,12,8757328,,595120,768,2,2,1,0,24864768,442056704,,37804531712,,618618880,,360480768,,70291456,,11284480,,,,,,,,,
phase3a-formal-20260925-v2-session-recreate-100,166,session-recreate,2026-09-24T20:02:00.7250909+00:00,128295.0432,session-lifecycle,session-cycle-79-after-session-dispose,79,79,79,0,0,0,79,497500160,674312192,37859975168,104,12,606616,,595120,768,2,3,1,0,25084952,497500160,,37859975168,,674062336,,415924224,,70291456,,11284480,,,,,,,,,
phase3a-formal-20260925-v2-session-recreate-100,167,session-recreate,2026-09-24T20:02:00.7313661+00:00,128301.3179,session-lifecycle,session-cycle-80-before-session-create,80,80,80,0,0,0,80,442056704,618889216,37804556288,104,13,666928,,607192,1032,3,3,1,0,25145096,442056704,,37804556288,,618639360,,360480768,,70291456,,11284480,,,,,,,,,
phase3a-formal-20260925-v2-session-recreate-100,168,session-recreate,2026-09-24T20:02:02.2707490+00:00,129840.7008,session-lifecycle,session-cycle-80-after-session-dispose,80,80,80,0,0,0,80,442081280,635666432,37821337600,104,13,898024,,607192,1032,3,3,1,0,25375496,442081280,,37821337600,,635416576,,360505344,,70291456,,11284480,,,,,,,,,
phase3a-formal-20260925-v2-session-recreate-100,169,session-recreate,2026-09-24T20:02:02.2749264+00:00,129844.8786,session-lifecycle,session-cycle-81-before-session-create,81,81,81,0,0,0,81,442081280,635666432,37821337600,104,13,957128,,607192,1032,3,3,1,0,25434408,442081280,,37821337600,,635416576,,360505344,,70291456,,11284480,,,,,,,,,
phase3a-formal-20260925-v2-session-recreate-100,170,session-recreate,2026-09-24T20:02:03.8410802+00:00,131411.0321,session-lifecycle,session-cycle-81-after-session-dispose,81,81,81,0,0,0,81,442081280,635666432,37821337600,104,13,1188000,,607192,1032,3,3,1,0,25664584,442081280,,37821337600,,635416576,,360505344,,70291456,,11284480,,,,,,,,,
phase3a-formal-20260925-v2-session-recreate-100,171,session-recreate,2026-09-24T20:02:03.8445571+00:00,131414.5089,session-lifecycle,session-cycle-82-before-session-create,82,82,82,0,0,0,82,442081280,635666432,37821337600,104,13,1247104,,607192,1032,3,3,1,0,25723496,442081280,,37821337600,,635416576,,360505344,,70291456,,11284480,,,,,,,,,
phase3a-formal-20260925-v2-session-recreate-100,172,session-recreate,2026-09-24T20:02:05.4193809+00:00,132989.3329,session-lifecycle,session-cycle-82-after-session-dispose,82,82,82,0,0,0,82,497504256,674312192,37859975168,104,12,1479360,,607192,1032,3,3,1,0,25955056,497504256,,37859975168,,674062336,,415928320,,70291456,,11284480,,,,,,,,,
phase3a-formal-20260925-v2-session-recreate-100,173,session-recreate,2026-09-24T20:02:05.4230570+00:00,132993.0087,session-lifecycle,session-cycle-83-before-session-create,83,83,83,0,0,0,83,442060800,618868736,37804531712,104,12,1537200,,607192,1032,3,3,1,0,26012704,442060800,,37804531712,,618618880,,360484864,,70291456,,11284480,,,,,,,,,
phase3a-formal-20260925-v2-session-recreate-100,174,session-recreate,2026-09-24T20:02:07.0157226+00:00,134585.6746,session-lifecycle,session-cycle-83-after-session-dispose,83,83,83,0,0,0,83,497504256,674312192,37859975168,104,12,1766832,,607192,1032,3,3,1,0,26241616,497504256,,37859975168,,674062336,,415928320,,70291456,,11284480,,,,,,,,,
phase3a-formal-20260925-v2-session-recreate-100,175,session-recreate,2026-09-24T20:02:07.0194419+00:00,134589.3937,session-lifecycle,session-cycle-84-before-session-create,84,84,84,0,0,0,84,442060800,618868736,37804531712,104,12,1824672,,607192,1032,3,3,1,0,26299264,442060800,,37804531712,,618618880,,360484864,,70291456,,11284480,,,,,,,,,
phase3a-formal-20260925-v2-session-recreate-100,176,session-recreate,2026-09-24T20:02:08.6166456+00:00,136186.5975,session-lifecycle,session-cycle-84-after-session-dispose,84,84,84,0,0,0,84,442060800,618868736,37804531712,104,12,2054304,,607192,1032,3,3,1,0,26528176,442060800,,37804531712,,618618880,,360484864,,70291456,,11284480,,,,,,,,,
phase3a-formal-20260925-v2-session-recreate-100,177,session-recreate,2026-09-24T20:02:08.6203757+00:00,136190.3275,session-lifecycle,session-cycle-85-before-session-create,85,85,85,0,0,0,85,442060800,618868736,37804531712,104,12,2112144,,607192,1032,3,3,1,0,26585824,442060800,,37804531712,,618618880,,360484864,,70291456,,11284480,,,,,,,,,
phase3a-formal-20260925-v2-session-recreate-100,178,session-recreate,2026-09-24T20:02:10.1244954+00:00,137694.4474,session-lifecycle,session-cycle-85-after-session-dispose,85,85,85,0,0,0,85,497504256,674312192,37859975168,104,12,2341776,,607192,1032,3,3,1,0,26814736,497504256,,37859975168,,674062336,,415928320,,70291456,,11284480,,,,,,,,,
phase3a-formal-20260925-v2-session-recreate-100,179,session-recreate,2026-09-24T20:02:10.1279084+00:00,137697.8602,session-lifecycle,session-cycle-86-before-session-create,86,86,86,0,0,0,86,442060800,618868736,37804531712,104,12,2399616,,607192,1032,3,3,1,0,26872384,442060800,,37804531712,,618618880,,360484864,,70291456,,11284480,,,,,,,,,
phase3a-formal-20260925-v2-session-recreate-100,180,session-recreate,2026-09-24T20:02:11.6449848+00:00,139214.9367,session-lifecycle,session-cycle-86-after-session-dispose,86,86,86,0,0,0,86,442060800,618868736,37804531712,105,12,2629248,,607192,1032,3,3,1,0,27101296,442060800,,37804531712,,618618880,,360484864,,70291456,,11284480,,,,,,,,,
phase3a-formal-20260925-v2-session-recreate-100,181,session-recreate,2026-09-24T20:02:11.6498097+00:00,139219.7617,session-lifecycle,session-cycle-87-before-session-create,87,87,87,0,0,0,87,442060800,618868736,37804531712,105,12,2687152,,607192,1032,3,3,1,0,27159008,442060800,,37804531712,,618618880,,360484864,,70291456,,11284480,,,,,,,,,
phase3a-formal-20260925-v2-session-recreate-100,182,session-recreate,2026-09-24T20:02:13.2006082+00:00,140770.5602,session-lifecycle,session-cycle-87-after-session-dispose,87,87,87,0,0,0,87,442060800,618868736,37804531712,105,12,2916848,,607192,1032,3,3,1,0,27387984,442060800,,37804531712,,618618880,,360484864,,70291456,,11284480,,,,,,,,,
phase3a-formal-20260925-v2-session-recreate-100,183,session-recreate,2026-09-24T20:02:13.2044958+00:00,140774.4477,session-lifecycle,session-cycle-88-before-session-create,88,88,88,0,0,0,88,442060800,618868736,37804531712,105,12,2974744,,607192,1032,3,3,1,0,27445688,442060800,,37804531712,,618618880,,360484864,,70291456,,11284480,,,,,,,,,
phase3a-formal-20260925-v2-session-recreate-100,184,session-recreate,2026-09-24T20:02:14.7987805+00:00,142368.7323,session-lifecycle,session-cycle-88-after-session-dispose,88,88,88,0,0,0,88,442060800,618868736,37804531712,105,12,3204440,,607192,1032,3,3,1,0,27674664,442060800,,37804531712,,618618880,,360484864,,70291456,,11284480,,,,,,,,,
phase3a-formal-20260925-v2-session-recreate-100,185,session-recreate,2026-09-24T20:02:14.8033090+00:00,142373.2611,session-lifecycle,session-cycle-89-before-session-create,89,89,89,0,0,0,89,442060800,618868736,37804531712,105,12,3262344,,607192,1032,3,3,1,0,27732376,442060800,,37804531712,,618618880,,360484864,,70291456,,11284480,,,,,,,,,
phase3a-formal-20260925-v2-session-recreate-100,186,session-recreate,2026-09-24T20:02:16.3489438+00:00,143918.8958,session-lifecycle,session-cycle-89-after-session-dispose,89,89,89,0,0,0,89,442060800,618868736,37804531712,104,12,3492040,,607192,1032,3,3,1,0,27961352,442060800,,37804531712,,618618880,,360484864,,70291456,,11284480,,,,,,,,,
phase3a-formal-20260925-v2-session-recreate-100,187,session-recreate,2026-09-24T20:02:16.3537257+00:00,143923.6778,session-lifecycle,session-cycle-90-before-session-create,90,90,90,0,0,0,90,442060800,618868736,37804531712,104,12,3549880,,607192,1032,3,3,1,0,28019000,442060800,,37804531712,,618618880,,360484864,,70291456,,11284480,,,,,,,,,
phase3a-formal-20260925-v2-session-recreate-100,188,session-recreate,2026-09-24T20:02:17.9165558+00:00,145486.5077,session-lifecycle,session-cycle-90-after-session-dispose,90,90,90,0,0,0,90,442060800,618868736,37804531712,105,12,3779512,,607192,1032,3,3,1,0,28247912,442060800,,37804531712,,618618880,,360484864,,70291456,,11284480,,,,,,,,,
phase3a-formal-20260925-v2-session-recreate-100,189,session-recreate,2026-09-24T20:02:17.9199057+00:00,145489.8575,session-lifecycle,session-cycle-91-before-session-create,91,91,91,0,0,0,91,442060800,618868736,37804531712,105,12,3837416,,607192,1032,3,3,1,0,28305624,442060800,,37804531712,,618618880,,360484864,,70291456,,11284480,,,,,,,,,
phase3a-formal-20260925-v2-session-recreate-100,190,session-recreate,2026-09-24T20:02:19.5263533+00:00,147096.305,session-lifecycle,session-cycle-91-after-session-dispose,91,91,91,0,0,0,91,442060800,618868736,37804531712,105,12,4067112,,607192,1032,3,3,1,0,28534600,442060800,,37804531712,,618618880,,360484864,,70291456,,11284480,,,,,,,,,
phase3a-formal-20260925-v2-session-recreate-100,191,session-recreate,2026-09-24T20:02:19.5284536+00:00,147098.4054,session-lifecycle,session-cycle-92-before-session-create,92,92,92,0,0,0,92,442060800,618868736,37804531712,105,12,4125016,,607192,1032,3,3,1,0,28592312,442060800,,37804531712,,618618880,,360484864,,70291456,,11284480,,,,,,,,,
phase3a-formal-20260925-v2-session-recreate-100,192,session-recreate,2026-09-24T20:02:21.0960480+00:00,148665.9998,session-lifecycle,session-cycle-92-after-session-dispose,92,92,92,0,0,0,92,442060800,618868736,37804531712,104,12,4354712,,607192,1032,3,3,1,0,28821288,442060800,,37804531712,,618618880,,360484864,,70291456,,11284480,,,,,,,,,
phase3a-formal-20260925-v2-session-recreate-100,193,session-recreate,2026-09-24T20:02:21.0991782+00:00,148669.13,session-lifecycle,session-cycle-93-before-session-create,93,93,93,0,0,0,93,442060800,618868736,37804531712,104,12,4412552,,607192,1032,3,3,1,0,28878936,442060800,,37804531712,,618618880,,360484864,,70291456,,11284480,,,,,,,,,
phase3a-formal-20260925-v2-session-recreate-100,194,session-recreate,2026-09-24T20:02:22.6932717+00:00,150263.2238,session-lifecycle,session-cycle-93-after-session-dispose,93,93,93,0,0,0,93,442060800,618868736,37804531712,104,12,4642176,,607192,1032,3,3,1,0,29107840,442060800,,37804531712,,618618880,,360484864,,70291456,,11284480,,,,,,,,,
phase3a-formal-20260925-v2-session-recreate-100,195,session-recreate,2026-09-24T20:02:22.6965055+00:00,150266.4574,session-lifecycle,session-cycle-94-before-session-create,94,94,94,0,0,0,94,442060800,618868736,37804531712,104,12,4700016,,607192,1032,3,3,1,0,29165488,442060800,,37804531712,,618618880,,360484864,,70291456,,11284480,,,,,,,,,
phase3a-formal-20260925-v2-session-recreate-100,196,session-recreate,2026-09-24T20:02:24.3384525+00:00,151908.4045,session-lifecycle,session-cycle-94-after-session-dispose,94,94,94,0,0,0,94,442060800,618868736,37804531712,105,12,4929648,,607192,1032,3,3,1,0,29394400,442060800,,37804531712,,618618880,,360484864,,70291456,,11284480,,,,,,,,,
phase3a-formal-20260925-v2-session-recreate-100,197,session-recreate,2026-09-24T20:02:24.3421823+00:00,151912.1342,session-lifecycle,session-cycle-95-before-session-create,95,95,95,0,0,0,95,442060800,618868736,37804531712,105,12,4987552,,607192,1032,3,3,1,0,29452112,442060800,,37804531712,,618618880,,360484864,,70291456,,11284480,,,,,,,,,
phase3a-formal-20260925-v2-session-recreate-100,198,session-recreate,2026-09-24T20:02:25.9344758+00:00,153504.4277,session-lifecycle,session-cycle-95-after-session-dispose,95,95,95,0,0,0,95,442060800,618868736,37804531712,105,12,5217248,,607192,1032,3,3,1,0,29681088,442060800,,37804531712,,618618880,,360484864,,70291456,,11284480,,,,,,,,,
phase3a-formal-20260925-v2-session-recreate-100,199,session-recreate,2026-09-24T20:02:25.9386861+00:00,153508.6382,session-lifecycle,session-cycle-96-before-session-create,96,96,96,0,0,0,96,442060800,618868736,37804531712,105,12,5275152,,607192,1032,3,3,1,0,29738800,442060800,,37804531712,,618618880,,360484864,,70291456,,11284480,,,,,,,,,
phase3a-formal-20260925-v2-session-recreate-100,200,session-recreate,2026-09-24T20:02:27.5394392+00:00,155109.3913,session-lifecycle,session-cycle-96-after-session-dispose,96,96,96,0,0,0,96,442060800,618868736,37804531712,104,12,5504848,,607192,1032,3,3,1,0,29967776,442060800,,37804531712,,618618880,,360484864,,70291456,,11284480,,,,,,,,,
phase3a-formal-20260925-v2-session-recreate-100,201,session-recreate,2026-09-24T20:02:27.5433317+00:00,155113.2838,session-lifecycle,session-cycle-97-before-session-create,97,97,97,0,0,0,97,442060800,618868736,37804531712,104,12,5562688,,607192,1032,3,3,1,0,30025424,442060800,,37804531712,,618618880,,360484864,,70291456,,11284480,,,,,,,,,
phase3a-formal-20260925-v2-session-recreate-100,202,session-recreate,2026-09-24T20:02:29.1402167+00:00,156710.1687,session-lifecycle,session-cycle-97-after-session-dispose,97,97,97,0,0,0,97,442060800,618868736,37804531712,105,12,5792320,,607192,1032,3,3,1,0,30254336,442060800,,37804531712,,618618880,,360484864,,70291456,,11284480,,,,,,,,,
phase3a-formal-20260925-v2-session-recreate-100,203,session-recreate,2026-09-24T20:02:29.1437667+00:00,156713.7186,session-lifecycle,session-cycle-98-before-session-create,98,98,98,0,0,0,98,442060800,618868736,37804531712,105,12,5850224,,607192,1032,3,3,1,0,30312048,442060800,,37804531712,,618618880,,360484864,,70291456,,11284480,,,,,,,,,
phase3a-formal-20260925-v2-session-recreate-100,204,session-recreate,2026-09-24T20:02:30.7499548+00:00,158319.9068,session-lifecycle,session-cycle-98-after-session-dispose,98,98,98,0,0,0,98,497504256,674312192,37859975168,105,12,6079920,,607192,1032,3,3,1,0,30541024,497504256,,37859975168,,674062336,,415928320,,70291456,,11284480,,,,,,,,,
phase3a-formal-20260925-v2-session-recreate-100,205,session-recreate,2026-09-24T20:02:30.7540671+00:00,158324.019,session-lifecycle,session-cycle-99-before-session-create,99,99,99,0,0,0,99,442060800,618868736,37804531712,105,12,6137816,,607192,1032,3,3,1,0,30598728,442060800,,37804531712,,618618880,,360484864,,70291456,,11284480,,,,,,,,,
phase3a-formal-20260925-v2-session-recreate-100,206,session-recreate,2026-09-24T20:02:32.3179180+00:00,159887.8698,session-lifecycle,session-cycle-99-after-session-dispose,99,99,99,0,0,0,99,442011648,585314304,37770969088,104,14,6367512,,607192,1032,3,3,1,0,30827704,442011648,,37770969088,,585064448,,360435712,,70291456,,11284480,,,,,,,,,
phase3a-formal-20260925-v2-session-recreate-100,207,session-recreate,2026-09-24T20:02:32.3201697+00:00,159890.1215,measurement,request-count-100,100,100,100,0,0,0,100,442019840,602112000,37787774976,104,14,6428472,,607192,1032,3,3,1,0,30888472,442019840,,37787774976,,601862144,,360443904,,70291456,,11284480,,1559.2585,1578.866,1587.4231,1657.2786,1682.7802,84.828,67,false
phase3a-formal-20260925-v2-session-recreate-100,208,session-recreate,2026-09-24T20:02:32.3303678+00:00,159900.3198,idle,idle-0-seconds,100,100,100,0,0,0,100,442077184,602112000,37787770880,104,13,6495928,,607192,1032,3,3,1,0,30955712,442077184,,37787770880,,601862144,,360464384,,70291456,,11321344,,,,,,,,,
phase3a-formal-20260925-v2-session-recreate-100,209,session-recreate,2026-09-24T20:02:32.4195048+00:00,159989.4568,lifecycle,post-dispose,100,100,100,0,0,0,100,442150912,602112000,37787770880,104,13,6554728,,607192,1032,3,3,1,0,31014320,442150912,,37787770880,,601862144,,360464384,,70356992,,11329536,,,,,,,,,
phase3a-formal-20260925-v2-component-tokenizer-en,0,tokenizer-only,2026-09-24T19:34:05.3750773+00:00,0.4203,lifecycle,t0-before-model-load,0,0,0,0,0,0,0,61087744,184066048,36483481600,86,11,1305936,,0,0,0,0,0,0,1301952,61050880,,36483489792,,183861248,,9564160,,45670400,,5816320,,,,,,,,,
phase3a-formal-20260925-v2-component-tokenizer-en,1,tokenizer-only,2026-09-24T19:34:06.4172962+00:00,1042.6375,setup,t1-after-setup,0,0,0,0,0,0,0,398147584,514445312,36818722816,96,11,1452296,,0,0,0,0,0,0,1447904,398127104,,36818726912,,514306048,,340213760,,50720768,,7192576,,,,,,,,,
phase3a-formal-20260925-v2-component-tokenizer-en,2,tokenizer-only,2026-09-24T19:34:06.4197901+00:00,1045.1307,first-operation,t2-after-first-operation,0,0,0,0,0,1,1,398209024,514510848,36818718720,96,11,1509864,,0,0,0,0,0,0,1505304,398180352,,36818718720,,514371584,,340267008,,50720768,,7192576,,,,,,,,3,false
phase3a-formal-20260925-v2-component-tokenizer-en,3,tokenizer-only,2026-09-24T19:34:06.4208787+00:00,1046.2193,warmup,warmup-complete,0,0,0,0,0,5,5,398266368,514576384,36818718720,96,11,1567824,,0,0,0,0,0,0,1563072,398241792,,36818718720,,514437120,,340328448,,50720768,,7192576,,,,,,,,,
phase3a-formal-20260925-v2-component-tokenizer-en,4,tokenizer-only,2026-09-24T19:34:06.4218504+00:00,1047.1911,measurement,request-count-0,0,0,0,0,0,5,5,398311424,514641920,36818718720,96,11,1624488,,0,0,0,0,0,0,1619544,398299136,,36818718720,,514437120,,340385792,,50720768,,7192576,,,,,,,,,
phase3a-formal-20260925-v2-component-tokenizer-en,5,tokenizer-only,2026-09-24T19:34:06.4298099+00:00,1055.1512,measurement,request-count-10,10,10,10,0,0,5,15,398540800,514772992,36818718720,96,11,1772280,,0,0,0,0,0,0,1767072,398516224,,36818718720,,514633728,,340533248,,50720768,,7262208,,0.0081,0.0318,0.0093,0.1109,0.117,,3,false
phase3a-formal-20260925-v2-component-tokenizer-en,6,tokenizer-only,2026-09-24T19:34:06.4367073+00:00,1062.0481,measurement,request-count-50,50,50,50,0,0,5,55,398655488,514904064,36818722816,96,11,1886632,,0,0,0,0,0,0,1881040,398643200,,36818722816,,514699264,,340647936,,50720768,,7274496,,0.0097,0.0113,0.0071,0.0215,0.0638,,3,false
phase3a-formal-20260925-v2-component-tokenizer-en,7,tokenizer-only,2026-09-24T19:34:06.4423372+00:00,1067.6781,measurement,request-count-100,100,100,100,0,0,5,105,398778368,514969600,36818722816,96,11,2009480,,0,0,0,0,0,0,2003480,398766080,,36818722816,,514830336,,340770816,,50720768,,7274496,,0.0065,0.0111,0.0072,0.0202,0.0641,,3,false
phase3a-formal-20260925-v2-component-tokenizer-en,8,tokenizer-only,2026-09-24T19:34:06.4476279+00:00,1072.9687,measurement,request-count-150,150,150,150,0,0,5,155,398905344,515100672,36818722816,96,11,2132328,,0,0,0,0,0,0,2125944,398888960,,36818722816,,514961408,,340893696,,50720768,,7274496,,0.005,0.0088,0.0057,0.0193,0.0551,,3,false
phase3a-formal-20260925-v2-component-tokenizer-en,9,tokenizer-only,2026-09-24T19:34:06.4516674+00:00,1077.0084,measurement,request-count-200,200,200,200,0,0,5,205,399036416,515231744,36818722816,96,11,2255176,,0,0,0,0,0,0,2248408,399011840,,36818722816,,515092480,,341016576,,50720768,,7274496,,0.0053,0.0075,0.0053,0.0149,0.0437,,3,false
phase3a-formal-20260925-v2-component-tokenizer-en,10,tokenizer-only,2026-09-24T19:34:06.4559614+00:00,1081.3022,measurement,request-count-250,250,250,250,0,0,5,255,399159296,515362816,36818722816,96,11,2378024,,0,0,0,0,0,0,2370872,399134720,,36818722816,,515223552,,341139456,,50720768,,7274496,,0.0053,0.0099,0.0065,0.0235,0.0585,,3,false
phase3a-formal-20260925-v2-component-tokenizer-en,11,tokenizer-only,2026-09-24T19:34:06.4606844+00:00,1086.0252,measurement,request-count-300,300,300,300,0,0,5,305,399282176,515493888,36818722816,96,11,2500872,,0,0,0,0,0,0,2493312,399257600,,36818722816,,515354624,,341262336,,50720768,,7274496,,0.0057,0.0101,0.0071,0.0195,0.0626,,3,false
phase3a-formal-20260925-v2-component-tokenizer-en,12,tokenizer-only,2026-09-24T19:34:06.4680925+00:00,1093.4335,measurement,request-count-350,350,350,350,0,0,5,355,399405056,515624960,36818722816,96,11,2625464,,0,0,0,0,0,0,2617520,399380480,,36818722816,,515485696,,341385216,,50720768,,7274496,,0.093,0.0328,0.0167,0.1125,0.1508,,3,false
phase3a-formal-20260925-v2-component-tokenizer-en,13,tokenizer-only,2026-09-24T19:34:06.4733136+00:00,1098.6543,measurement,request-count-400,400,400,400,0,0,5,405,399527936,515756032,36818722816,96,11,2749240,,0,0,0,0,0,0,2740888,399503360,,36818722816,,515616768,,341508096,,50720768,,7274496,,0.007,0.0086,0.0063,0.014,0.0461,,3,false
phase3a-formal-20260925-v2-component-tokenizer-en,14,tokenizer-only,2026-09-24T19:34:06.4772079+00:00,1102.5486,measurement,request-count-450,450,450,450,0,0,5,455,399650816,515887104,36818722816,96,11,2869672,,0,0,0,0,0,0,2860912,399626240,,36818722816,,515682304,,341630976,,50720768,,7274496,,0.0057,0.0076,0.0057,0.0185,0.031,,3,false
phase3a-formal-20260925-v2-component-tokenizer-en,15,tokenizer-only,2026-09-24T19:34:06.4808377+00:00,1106.1783,measurement,request-count-500,500,500,500,0,0,5,505,399769600,516018176,36818722816,96,11,2992520,,0,0,0,0,0,0,2983376,399753216,,36818722816,,515813376,,341757952,,50720768,,7274496,,0.0062,0.0064,0.0052,0.01,0.0227,,3,false
phase3a-formal-20260925-v2-component-tokenizer-en,16,tokenizer-only,2026-09-24T19:34:06.4849992+00:00,1110.3399,measurement,request-count-550,550,550,550,0,0,5,555,399892480,516083712,36818722816,96,11,3123592,,0,0,0,0,0,0,3114040,399880192,,36818722816,,515944448,,341884928,,50720768,,7274496,,0.0051,0.007,0.0052,0.0098,0.0416,,3,false
phase3a-formal-20260925-v2-component-tokenizer-en,17,tokenizer-only,2026-09-24T19:34:06.4891179+00:00,1114.459,measurement,request-count-600,600,600,600,0,0,5,605,400019456,516214784,36818722816,96,11,3246440,,0,0,0,0,0,0,3236480,400003072,,36818722816,,516075520,,342007808,,50720768,,7274496,,0.0068,0.0077,0.0063,0.0122,0.0321,,3,false
phase3a-formal-20260925-v2-component-tokenizer-en,18,tokenizer-only,2026-09-24T19:34:06.4938195+00:00,1119.1604,measurement,request-count-650,650,650,650,0,0,5,655,400142336,516345856,36818722816,96,11,3369288,,0,0,0,0,0,0,3358944,400125952,,36818722816,,516206592,,342130688,,50720768,,7274496,,0.009,0.0112,0.0081,0.0173,0.0695,,3,false
phase3a-formal-20260925-v2-component-tokenizer-en,19,tokenizer-only,2026-09-24T19:34:06.4986423+00:00,1123.9831,measurement,request-count-700,700,700,700,0,0,5,705,400273408,516476928,36818722816,96,11,3492136,,0,0,0,0,0,0,3481408,400248832,,36818722816,,516337664,,342253568,,50720768,,7274496,,0.0062,0.0109,0.0072,0.0192,0.0732,,3,false
phase3a-formal-20260925-v2-component-tokenizer-en,20,tokenizer-only,2026-09-24T19:34:06.5028806+00:00,1128.2215,measurement,request-count-750,750,750,750,0,0,5,755,400396288,516608000,36818722816,96,11,3614984,,0,0,0,0,0,0,3603848,400371712,,36818722816,,516468736,,342376448,,50720768,,7274496,,0.0059,0.0079,0.0059,0.0108,0.0535,,3,false
phase3a-formal-20260925-v2-component-tokenizer-en,21,tokenizer-only,2026-09-24T19:34:06.5070185+00:00,1132.3592,measurement,request-count-800,800,800,800,0,0,5,805,400519168,516739072,36818722816,96,11,3739416,,0,0,0,0,0,0,3727896,400494592,,36818722816,,516599808,,342499328,,50720768,,7274496,,0.0195,0.0085,0.0057,0.0196,0.0469,,3,false
phase3a-formal-20260925-v2-component-tokenizer-en,22,tokenizer-only,2026-09-24T19:34:06.5108167+00:00,1136.1575,measurement,request-count-850,850,850,850,0,0,5,855,400642048,516870144,36818722816,96,11,3863240,,0,0,0,0,0,0,3851312,400617472,,36818722816,,516730880,,342622208,,50720768,,7274496,,0.0047,0.0059,0.0047,0.0089,0.0234,,3,false
phase3a-formal-20260925-v2-component-tokenizer-en,23,tokenizer-only,2026-09-24T19:34:06.5149379+00:00,1140.2786,measurement,request-count-900,900,900,900,0,0,5,905,400764928,517001216,36818722816,96,11,3983784,,0,0,0,0,0,0,3971448,400740352,,36818722816,,516796416,,342745088,,50720768,,7274496,,0.0063,0.0071,0.0062,0.013,0.023,,3,false
phase3a-formal-20260925-v2-component-tokenizer-en,24,tokenizer-only,2026-09-24T19:34:06.5188648+00:00,1144.2056,measurement,request-count-950,950,950,950,0,0,5,955,400883712,517132288,36818722816,96,11,4106632,,0,0,0,0,0,0,4093912,400863232,,36818722816,,516927488,,342867968,,50720768,,7274496,,0.0064,0.0083,0.0067,0.0136,0.0308,,3,false
phase3a-formal-20260925-v2-component-tokenizer-en,25,tokenizer-only,2026-09-24T19:34:06.5256103+00:00,1150.9513,measurement,request-count-1000,1000,1000,1000,0,0,5,1005,401006592,517300224,36818718720,96,11,4237392,,0,0,0,0,0,0,4224264,400994304,,36818722816,,517054464,,342999040,,50720768,,7274496,,0.0054,0.0093,0.0057,0.0126,0.079,,3,false
phase3a-formal-20260925-v2-component-tokenizer-en,26,tokenizer-only,2026-09-24T19:34:06.5307913+00:00,1156.1322,measurement,request-count-1050,1050,1050,1050,0,0,5,1055,401137664,517431296,36818718720,96,11,4360240,,0,0,0,0,0,0,4346728,401121280,,36818718720,,517292032,,343130112,,50720768,,7270400,,0.005,0.0087,0.0056,0.0121,0.0635,,3,false
phase3a-formal-20260925-v2-component-tokenizer-en,27,tokenizer-only,2026-09-24T19:34:06.5361910+00:00,1161.5319,measurement,request-count-1100,1100,1100,1100,0,0,5,1105,401268736,517562368,36818718720,96,11,4483088,,0,0,0,0,0,0,4469192,401244160,,36818718720,,517423104,,343252992,,50720768,,7270400,,0.0095,0.0144,0.01,0.034,0.0593,,3,false
phase3a-formal-20260925-v2-component-tokenizer-en,28,tokenizer-only,2026-09-24T19:34:06.5409997+00:00,1166.3407,measurement,request-count-1150,1150,1150,1150,0,0,5,1155,401391616,517693440,36818718720,96,11,4605936,,0,0,0,0,0,0,4591632,401367040,,36818718720,,517554176,,343375872,,50720768,,7270400,,0.0057,0.0081,0.0057,0.0141,0.0497,,3,false
phase3a-formal-20260925-v2-component-tokenizer-en,29,tokenizer-only,2026-09-24T19:34:06.5453861+00:00,1170.7269,measurement,request-count-1200,1200,1200,1200,0,0,5,1205,401514496,517824512,36818718720,96,11,4728784,,0,0,0,0,0,0,4714096,401489920,,36818718720,,517685248,,343498752,,50720768,,7270400,,0.0073,0.0086,0.0066,0.0169,0.0383,,3,false
phase3a-formal-20260925-v2-component-tokenizer-en,30,tokenizer-only,2026-09-24T19:34:06.5494907+00:00,1174.8319,measurement,request-count-1250,1250,1250,1250,0,0,5,1255,401637376,517955584,36818718720,96,11,4855432,,0,0,0,0,0,0,4840360,401612800,,36818718720,,517816320,,343621632,,50720768,,7270400,,0.0057,0.009,0.0074,0.0234,0.0294,,3,false
phase3a-formal-20260925-v2-component-tokenizer-en,31,tokenizer-only,2026-09-24T19:34:06.5541518+00:00,1179.4926,measurement,request-count-1300,1300,1300,1300,0,0,5,1305,401760256,518086656,36818718720,96,11,4975552,,0,0,0,0,0,0,4960072,401739776,,36818718720,,517947392,,343748608,,50720768,,7270400,,0.0079,0.0107,0.0081,0.0173,0.0551,,3,false
phase3a-formal-20260925-v2-component-tokenizer-en,32,tokenizer-only,2026-09-24T19:34:06.5592309+00:00,1184.5724,measurement,request-count-1350,1350,1350,1350,0,0,5,1355,401883136,518217728,36818718720,96,11,5105808,,0,0,0,0,0,0,5089944,401862656,,36818718720,,518012928,,343871488,,50720768,,7270400,,0.016,0.0118,0.0081,0.0219,0.0847,,3,false
phase3a-formal-20260925-v2-component-tokenizer-en,33,tokenizer-only,2026-09-24T19:34:06.5645103+00:00,1189.8511,measurement,request-count-1400,1400,1400,1400,0,0,5,1405,402014208,518348800,36818718720,96,11,5228656,,0,0,0,0,0,0,5212408,401989632,,36818718720,,518144000,,343998464,,50720768,,7270400,,0.0063,0.0098,0.0068,0.0141,0.0647,,3,false
phase3a-formal-20260925-v2-component-tokenizer-en,34,tokenizer-only,2026-09-24T19:34:06.5687153+00:00,1194.0561,measurement,request-count-1450,1450,1450,1450,0,0,5,1455,402132992,518479872,36818718720,96,11,5351504,,0,0,0,0,0,0,5334848,402112512,,36818718720,,518275072,,344121344,,50720768,,7270400,,0.0065,0.0076,0.0062,0.0177,0.0299,,3,false
phase3a-formal-20260925-v2-component-tokenizer-en,35,tokenizer-only,2026-09-24T19:34:06.5727492+00:00,1198.0899,measurement,request-count-1500,1500,1500,1500,0,0,5,1505,402255872,518545408,36818718720,96,11,5474352,,0,0,0,0,0,0,5457312,402235392,,36818718720,,518406144,,344244224,,50720768,,7270400,,0.0107,0.0074,0.0062,0.0132,0.0199,,3,false
phase3a-formal-20260925-v2-component-tokenizer-en,36,tokenizer-only,2026-09-24T19:34:06.5767203+00:00,1202.0609,measurement,request-count-1550,1550,1550,1550,0,0,5,1555,402382848,518676480,36818718720,96,11,5597200,,0,0,0,0,0,0,5579776,402358272,,36818718720,,518537216,,344367104,,50720768,,7270400,,0.0072,0.0082,0.0071,0.0129,0.0254,,3,false
phase3a-formal-20260925-v2-component-tokenizer-en,37,tokenizer-only,2026-09-24T19:34:06.5804275+00:00,1205.7681,measurement,request-count-1600,1600,1600,1600,0,0,5,1605,402505728,518807552,36818718720,96,11,5728272,,0,0,0,0,0,0,5710440,402489344,,36818718720,,518668288,,344498176,,50720768,,7270400,,0.0047,0.0064,0.0052,0.01,0.0256,,3,false
phase3a-formal-20260925-v2-component-tokenizer-en,38,tokenizer-only,2026-09-24T19:34:06.5842777+00:00,1209.6185,measurement,request-count-1650,1650,1650,1650,0,0,5,1655,402628608,518938624,36818718720,96,11,5851120,,0,0,0,0,0,0,5832904,402612224,,36818718720,,518799360,,344621056,,50720768,,7270400,,0.0055,0.0088,0.0067,0.0201,0.0323,,3,false
phase3a-formal-20260925-v2-component-tokenizer-en,39,tokenizer-only,2026-09-24T19:34:06.5885618+00:00,1213.9025,measurement,request-count-1700,1700,1700,1700,0,0,5,1705,402759680,519069696,36818718720,96,11,5973968,,0,0,0,0,0,0,5955368,402735104,,36818718720,,518930432,,344743936,,50720768,,7270400,,0.0053,0.0079,0.0055,0.0129,0.0456,,3,false
phase3a-formal-20260925-v2-component-tokenizer-en,40,tokenizer-only,2026-09-24T19:34:06.5939559+00:00,1219.2968,measurement,request-count-1750,1750,1750,1750,0,0,5,1755,402882560,519200768,36818718720,96,11,6097184,,0,0,0,0,0,0,6078176,402857984,,36818718720,,519061504,,344866816,,50720768,,7270400,,0.0057,0.0157,0.0083,0.0245,0.1338,,3,false
phase3a-formal-20260925-v2-component-tokenizer-en,41,tokenizer-only,2026-09-24T19:34:06.5997886+00:00,1225.13,measurement,request-count-1800,1800,1800,1800,0,0,5,1805,403005440,519331840,36818718720,96,11,6221384,,0,0,0,0,0,0,6201968,402980864,,36818718720,,519192576,,344989696,,50720768,,7270400,,0.0155,0.0159,0.0114,0.0321,0.0936,,3,false
phase3a-formal-20260925-v2-component-tokenizer-en,42,tokenizer-only,2026-09-24T19:34:06.6044150+00:00,1229.7558,measurement,request-count-1850,1850,1850,1850,0,0,5,1855,403128320,519462912,36818718720,96,11,6342768,,0,0,0,0,0,0,6322944,403103744,,36818718720,,519258112,,345112576,,50720768,,7270400,,0.0053,0.008,0.0054,0.0129,0.0521,,3,false
phase3a-formal-20260925-v2-component-tokenizer-en,43,tokenizer-only,2026-09-24T19:34:06.6088497+00:00,1234.1903,measurement,request-count-1900,1900,1900,1900,0,0,5,1905,403386368,519716864,36818714624,96,11,6465616,,0,0,0,0,0,0,6445408,403357696,,36818714624,,519512064,,345354240,,50720768,,7282688,,0.0064,0.0098,0.0071,0.0229,0.0487,,3,false
phase3a-formal-20260925-v2-component-tokenizer-en,44,tokenizer-only,2026-09-24T19:34:06.6137257+00:00,1239.0663,measurement,request-count-1950,1950,1950,1950,0,0,5,1955,403521536,519782400,36818718720,96,11,6596688,,0,0,0,0,0,0,6576072,403509248,,36818718720,,519643136,,345485312,,50720768,,7303168,,0.007,0.0113,0.0067,0.0131,0.1121,,3,false
phase3a-formal-20260925-v2-component-tokenizer-en,45,tokenizer-only,2026-09-24T19:34:06.6190445+00:00,1244.385,measurement,request-count-2000,2000,2000,2000,0,0,5,2005,403648512,519913472,36818718720,96,11,6719536,,0,0,0,0,0,0,6698536,403632128,,36818718720,,519774208,,345608192,,50720768,,7303168,,0.0054,0.0095,0.007,0.0167,0.0544,,3,false
phase3a-formal-20260925-v2-component-tokenizer-en,46,tokenizer-only,2026-09-24T19:34:06.6237032+00:00,1249.0437,measurement,request-count-2050,2050,2050,2050,0,0,5,2055,403779584,520044544,36818718720,96,11,6842384,,0,0,0,0,0,0,6821000,403755008,,36818718720,,519905280,,345731072,,50720768,,7303168,,0.0061,0.0101,0.0072,0.0147,0.0607,,3,false
phase3a-formal-20260925-v2-component-tokenizer-en,47,tokenizer-only,2026-09-24T19:34:06.6287010+00:00,1254.0416,measurement,request-count-2100,2100,2100,2100,0,0,5,2105,403902464,520175616,36818718720,96,11,6965232,,0,0,0,0,0,0,6943440,403877888,,36818718720,,520036352,,345853952,,50720768,,7303168,,0.0057,0.0095,0.0058,0.019,0.0735,,3,false
phase3a-formal-20260925-v2-component-tokenizer-en,48,tokenizer-only,2026-09-24T19:34:06.6334583+00:00,1258.7988,measurement,request-count-2150,2150,2150,2150,0,0,5,2155,404025344,520306688,36818718720,96,11,7088080,,0,0,0,0,0,0,7065904,404000768,,36818718720,,520167424,,345976832,,50720768,,7303168,,0.0061,0.0097,0.0069,0.0238,0.0561,,3,false
phase3a-formal-20260925-v2-component-tokenizer-en,49,tokenizer-only,2026-09-24T19:34:06.6377146+00:00,1263.0551,measurement,request-count-2200,2200,2200,2200,0,0,5,2205,404148224,520437760,36818718720,96,11,7214752,,0,0,0,0,0,0,7192192,404123648,,36818718720,,520298496,,346099712,,50720768,,7303168,,0.0063,0.0094,0.007,0.0193,0.0481,,3,false
phase3a-formal-20260925-v2-component-tokenizer-en,50,tokenizer-only,2026-09-24T19:34:06.6419200+00:00,1267.2606,measurement,request-count-2250,2250,2250,2250,0,0,5,2255,404271104,520568832,36818718720,96,11,7334824,,0,0,0,0,0,0,7311856,404250624,,36818718720,,520429568,,346226688,,50720768,,7303168,,0.0066,0.0086,0.0062,0.0118,0.058,,3,false
phase3a-formal-20260925-v2-component-tokenizer-en,51,tokenizer-only,2026-09-24T19:34:06.6461967+00:00,1271.5372,measurement,request-count-2300,2300,2300,2300,0,0,5,2305,404393984,520699904,36818718720,96,11,7465104,,0,0,0,0,0,0,7441752,404373504,,36818718720,,520495104,,346349568,,50720768,,7303168,,0.0066,0.0084,0.0068,0.0171,0.0321,,3,false
phase3a-formal-20260925-v2-component-tokenizer-en,52,tokenizer-only,2026-09-24T19:34:06.6502428+00:00,1275.5835,measurement,request-count-2350,2350,2350,2350,0,0,5,2355,404525056,520830976,36818718720,96,11,7587952,,0,0,0,0,0,0,7564216,404500480,,36818718720,,520626176,,346476544,,50720768,,7303168,,0.0062,0.01,0.0085,0.0163,0.0309,,3,false
phase3a-formal-20260925-v2-component-tokenizer-en,53,tokenizer-only,2026-09-24T19:34:06.6558610+00:00,1281.2015,measurement,request-count-2400,2400,2400,2400,0,0,5,2405,404643840,520962048,36818718720,96,11,7710800,,0,0,0,0,0,0,7686656,404623360,,36818718720,,520757248,,346599424,,50720768,,7303168,,0.0059,0.0122,0.0091,0.0202,0.0691,,3,false
phase3a-formal-20260925-v2-component-tokenizer-en,54,tokenizer-only,2026-09-24T19:34:06.6616118+00:00,1286.9523,measurement,request-count-2450,2450,2450,2450,0,0,5,2455,404766720,521027584,36818718720,96,11,7833648,,0,0,0,0,0,0,7809120,404746240,,36818718720,,520888320,,346722304,,50720768,,7303168,,0.0144,0.0115,0.0078,0.0189,0.0716,,3,false
phase3a-formal-20260925-v2-component-tokenizer-en,55,tokenizer-only,2026-09-24T19:34:06.6687736+00:00,1294.1142,measurement,request-count-2500,2500,2500,2500,0,0,5,2505,404893696,521158656,36818718720,96,11,7956496,,0,0,0,0,0,0,7931584,404869120,,36818718720,,521019392,,346845184,,50720768,,7303168,,0.0102,0.0141,0.011,0.022,0.0695,,3,false
phase3a-formal-20260925-v2-component-tokenizer-en,56,tokenizer-only,2026-09-24T19:34:06.6746413+00:00,1299.9819,measurement,request-count-2550,2550,2550,2550,0,0,5,2555,405016576,521289728,36818718720,96,11,8079344,,0,0,0,0,0,0,8062248,405000192,,36818718720,,521150464,,346976256,,50720768,,7303168,,0.0088,0.0117,0.0101,0.0171,0.0346,,3,false
phase3a-formal-20260925-v2-component-tokenizer-en,57,tokenizer-only,2026-09-24T19:34:06.6794415+00:00,1304.7821,measurement,request-count-2600,2600,2600,2600,0,0,5,2605,405139456,521420800,36818718720,96,11,8210416,,0,0,0,0,0,0,8184712,405123072,,36818718720,,521281536,,347099136,,50720768,,7303168,,0.0054,0.0066,0.0056,0.0108,0.0213,,3,false
phase3a-formal-20260925-v2-component-tokenizer-en,58,tokenizer-only,2026-09-24T19:34:06.6856019+00:00,1310.9425,measurement,request-count-2650,2650,2650,2650,0,0,5,2655,405266432,521551872,36818718720,96,11,8333264,,0,0,0,0,0,0,8307176,405250048,,36818718720,,521412608,,347226112,,50720768,,7303168,,0.0069,0.0088,0.0071,0.0121,0.04,,3,false
phase3a-formal-20260925-v2-component-tokenizer-en,59,tokenizer-only,2026-09-24T19:34:06.6929935+00:00,1318.3341,measurement,request-count-2700,2700,2700,2700,0,0,5,2705,406020096,522158080,36818722816,96,11,589384,,531040,7656,1,1,0,0,8411272,406003712,,36818718720,,522018816,,347914240,,50786304,,7303168,,1.9904,0.0496,0.0071,0.0358,1.0423,,3,false
phase3a-formal-20260925-v2-component-tokenizer-en,60,tokenizer-only,2026-09-24T19:34:06.6990798+00:00,1324.4204,measurement,request-count-2750,2750,2750,2750,0,0,5,2755,406081536,522158080,36818714624,94,11,708760,,531040,7656,1,1,0,0,8530264,406081536,,36818714624,,522018816,,347959296,,50786304,,7335936,,0.0067,0.0102,0.0071,0.0093,0.0825,,3,false
phase3a-formal-20260925-v2-component-tokenizer-en,61,tokenizer-only,2026-09-24T19:34:06.7040772+00:00,1329.4178,measurement,request-count-2800,2800,2800,2800,0,0,5,2805,406081536,522158080,36818714624,94,11,832896,,531040,7656,1,1,0,0,8654016,406081536,,36818714624,,522018816,,347959296,,50786304,,7335936,,0.011,0.0141,0.0122,0.0163,0.0605,,3,false
phase3a-formal-20260925-v2-component-tokenizer-en,62,tokenizer-only,2026-09-24T19:34:06.7087682+00:00,1334.1087,measurement,request-count-2850,2850,2850,2850,0,0,5,2855,406081536,522158080,36818714624,94,11,957008,,531040,7656,1,1,0,0,8777744,406081536,,36818714624,,522018816,,347959296,,50786304,,7335936,,0.0067,0.009,0.0069,0.0111,0.0564,,3,false
phase3a-formal-20260925-v2-component-tokenizer-en,63,tokenizer-only,2026-09-24T19:34:06.7128697+00:00,1338.2103,measurement,request-count-2900,2900,2900,2900,0,0,5,2905,406081536,522158080,36818714624,94,11,1081200,,531040,7656,1,1,0,0,8901552,406081536,,36818714624,,522018816,,347959296,,50786304,,7335936,,0.0063,0.0078,0.0065,0.0078,0.0468,,3,false
phase3a-formal-20260925-v2-component-tokenizer-en,64,tokenizer-only,2026-09-24T19:34:06.7168129+00:00,1342.1535,measurement,request-count-2950,2950,2950,2950,0,0,5,2955,406089728,522158080,36818714624,94,11,1205304,,531040,7656,1,1,0,0,9025272,406089728,,36818714624,,522018816,,347967488,,50786304,,7335936,,0.0052,0.0068,0.0053,0.0111,0.0376,,3,false
phase3a-formal-20260925-v2-component-tokenizer-en,65,tokenizer-only,2026-09-24T19:34:06.7209803+00:00,1346.3208,measurement,request-count-3000,3000,3000,3000,0,0,5,3005,406089728,522158080,36818714624,94,11,1329488,,531040,7656,1,1,0,0,9149072,406089728,,36818714624,,522018816,,347967488,,50786304,,7335936,,0.0083,0.01,0.0091,0.0119,0.0306,,3,false
phase3a-formal-20260925-v2-component-tokenizer-en,66,tokenizer-only,2026-09-24T19:34:06.7247804+00:00,1350.1209,measurement,request-count-3050,3050,3050,3050,0,0,5,3055,406089728,522158080,36818714624,94,11,1453632,,531040,7656,1,1,0,0,9272832,406089728,,36818714624,,522018816,,347967488,,50786304,,7335936,,0.007,0.0082,0.0069,0.0134,0.0292,,3,false
phase3a-formal-20260925-v2-component-tokenizer-en,67,tokenizer-only,2026-09-24T19:34:06.7293003+00:00,1354.641,measurement,request-count-3100,3100,3100,3100,0,0,5,3105,406089728,522158080,36818714624,94,11,1577760,,531040,7656,1,1,0,0,9396576,406089728,,36818714624,,522018816,,347967488,,50786304,,7335936,,0.0054,0.0071,0.0056,0.008,0.042,,3,false
phase3a-formal-20260925-v2-component-tokenizer-en,68,tokenizer-only,2026-09-24T19:34:06.7331725+00:00,1358.5131,measurement,request-count-3150,3150,3150,3150,0,0,5,3155,406089728,522158080,36818714624,94,11,1701888,,531040,7656,1,1,0,0,9520320,406089728,,36818714624,,522018816,,347967488,,50786304,,7335936,,0.0066,0.0065,0.0062,0.0076,0.019,,3,false
phase3a-formal-20260925-v2-component-tokenizer-en,69,tokenizer-only,2026-09-24T19:34:06.7369623+00:00,1362.3029,measurement,request-count-3200,3200,3200,3200,0,0,5,3205,406089728,522158080,36818714624,94,11,1826064,,531040,7656,1,1,0,0,9644112,406089728,,36818714624,,522018816,,347967488,,50786304,,7335936,,0.0066,0.0067,0.0066,0.0076,0.0171,,3,false
phase3a-formal-20260925-v2-component-tokenizer-en,70,tokenizer-only,2026-09-24T19:34:06.7406673+00:00,1366.0079,measurement,request-count-3250,3250,3250,3250,0,0,5,3255,406089728,522158080,36818714624,94,11,1950168,,531040,7656,1,1,0,0,9767832,406089728,,36818714624,,522018816,,347967488,,50786304,,7335936,,0.0055,0.0062,0.0054,0.0068,0.0244,,3,false
phase3a-formal-20260925-v2-component-tokenizer-en,71,tokenizer-only,2026-09-24T19:34:06.7448619+00:00,1370.2024,measurement,request-count-3300,3300,3300,3300,0,0,5,3305,406089728,522158080,36818714624,94,11,2074288,,531040,7656,1,1,0,0,9891568,406089728,,36818714624,,522018816,,347967488,,50786304,,7335936,,0.0056,0.0064,0.0054,0.0076,0.0284,,3,false
phase3a-formal-20260925-v2-component-tokenizer-en,72,tokenizer-only,2026-09-24T19:34:06.7485860+00:00,1373.9266,measurement,request-count-3350,3350,3350,3350,0,0,5,3355,406089728,522158080,36818714624,94,11,2198472,,531040,7656,1,1,0,0,10015368,406089728,,36818714624,,522018816,,347967488,,50786304,,7335936,,0.0065,0.0064,0.0056,0.0077,0.0219,,3,false
phase3a-formal-20260925-v2-component-tokenizer-en,73,tokenizer-only,2026-09-24T19:34:06.7534792+00:00,1378.8198,measurement,request-count-3400,3400,3400,3400,0,0,5,3405,406089728,522158080,36818714624,94,11,2322640,,531040,7656,1,1,0,0,10139152,406089728,,36818714624,,522018816,,347967488,,50786304,,7335936,,0.0085,0.0113,0.0086,0.02,0.0647,,3,false
phase3a-formal-20260925-v2-component-tokenizer-en,74,tokenizer-only,2026-09-24T19:34:06.7584545+00:00,1383.7951,measurement,request-count-3450,3450,3450,3450,0,0,5,3455,406089728,522158080,36818714624,94,11,2446752,,531040,7656,1,1,0,0,10262880,406089728,,36818714624,,522018816,,347967488,,50786304,,7335936,,0.007,0.0098,0.0076,0.0118,0.0571,,3,false
phase3a-formal-20260925-v2-component-tokenizer-en,75,tokenizer-only,2026-09-24T19:34:06.7628670+00:00,1388.2075,measurement,request-count-3500,3500,3500,3500,0,0,5,3505,406089728,522158080,36818714624,94,11,2570864,,531040,7656,1,1,0,0,10386608,406089728,,36818714624,,522018816,,347967488,,50786304,,7335936,,0.007,0.0086,0.007,0.0083,0.0473,,3,false
phase3a-formal-20260925-v2-component-tokenizer-en,76,tokenizer-only,2026-09-24T19:34:06.7671368+00:00,1392.4774,measurement,request-count-3550,3550,3550,3550,0,0,5,3555,406089728,522158080,36818714624,94,11,2694936,,531040,7656,1,1,0,0,10510296,406089728,,36818714624,,522018816,,347967488,,50786304,,7335936,,0.0073,0.0094,0.008,0.0123,0.0427,,3,false
phase3a-formal-20260925-v2-component-tokenizer-en,77,tokenizer-only,2026-09-24T19:34:06.7724030+00:00,1397.7435,measurement,request-count-3600,3600,3600,3600,0,0,5,3605,406089728,522158080,36818714624,94,11,2819048,,531040,7656,1,1,0,0,10634024,406089728,,36818714624,,522018816,,347967488,,50786304,,7335936,,0.0091,0.0122,0.0083,0.0266,0.0932,,3,false
phase3a-formal-20260925-v2-component-tokenizer-en,78,tokenizer-only,2026-09-24T19:34:06.7773967+00:00,1402.7373,measurement,request-count-3650,3650,3650,3650,0,0,5,3655,406089728,522158080,36818714624,94,11,2943136,,531040,7656,1,1,0,0,10757728,406089728,,36818714624,,522018816,,347967488,,50786304,,7335936,,0.0054,0.0093,0.0071,0.0113,0.0609,,3,false
phase3a-formal-20260925-v2-component-tokenizer-en,79,tokenizer-only,2026-09-24T19:34:06.7816889+00:00,1407.0295,measurement,request-count-3700,3700,3700,3700,0,0,5,3705,406089728,522158080,36818714624,94,11,3067288,,531040,7656,1,1,0,0,10881496,406089728,,36818714624,,522018816,,347967488,,50786304,,7335936,,0.0065,0.008,0.0067,0.0087,0.0384,,3,false
phase3a-formal-20260925-v2-component-tokenizer-en,80,tokenizer-only,2026-09-24T19:34:06.7858242+00:00,1411.1648,measurement,request-count-3750,3750,3750,3750,0,0,5,3755,406089728,522158080,36818714624,94,11,3191416,,531040,7656,1,1,0,0,11005240,406089728,,36818714624,,522018816,,347967488,,50786304,,7335936,,0.006,0.0085,0.0068,0.0144,0.0416,,3,false
phase3a-formal-20260925-v2-component-tokenizer-en,81,tokenizer-only,2026-09-24T19:34:06.7914198+00:00,1416.7606,measurement,request-count-3800,3800,3800,3800,0,0,5,3805,406089728,522158080,36818714624,94,11,3315528,,531040,7656,1,1,0,0,11128968,406089728,,36818714624,,522018816,,347967488,,50786304,,7335936,,0.0097,0.0114,0.0092,0.0152,0.0577,,3,false
phase3a-formal-20260925-v2-component-tokenizer-en,82,tokenizer-only,2026-09-24T19:34:06.7970220+00:00,1422.3625,measurement,request-count-3850,3850,3850,3850,0,0,5,3855,406089728,522158080,36818714624,94,11,3439632,,531040,7656,1,1,0,0,11252688,406089728,,36818714624,,522018816,,347967488,,50786304,,7335936,,0.0053,0.0083,0.0057,0.0124,0.0643,,3,false
phase3a-formal-20260925-v2-component-tokenizer-en,83,tokenizer-only,2026-09-24T19:34:06.8026320+00:00,1427.9725,measurement,request-count-3900,3900,3900,3900,0,0,5,3905,406089728,522158080,36818714624,94,11,3563736,,531040,7656,1,1,0,0,11376408,406089728,,36818714624,,522018816,,347967488,,50786304,,7335936,,0.0053,0.0107,0.0084,0.0184,0.0625,,3,false
phase3a-formal-20260925-v2-component-tokenizer-en,84,tokenizer-only,2026-09-24T19:34:06.8068169+00:00,1432.1575,measurement,request-count-3950,3950,3950,3950,0,0,5,3955,406089728,522158080,36818714624,94,11,3687872,,531040,7656,1,1,0,0,11500160,406089728,,36818714624,,522018816,,347967488,,50786304,,7335936,,0.005,0.0069,0.0054,0.0077,0.0421,,3,false
phase3a-formal-20260925-v2-component-tokenizer-en,85,tokenizer-only,2026-09-24T19:34:06.8108628+00:00,1436.2034,measurement,request-count-4000,4000,4000,4000,0,0,5,4005,406089728,522158080,36818714624,94,11,3811984,,531040,7656,1,1,0,0,11623888,406089728,,36818714624,,522018816,,347967488,,50786304,,7335936,,0.0066,0.0086,0.0069,0.0135,0.0408,,3,false
phase3a-formal-20260925-v2-component-tokenizer-en,86,tokenizer-only,2026-09-24T19:34:06.8144974+00:00,1439.838,measurement,request-count-4050,4050,4050,4050,0,0,5,4055,406106112,522158080,36818718720,94,11,3944288,,531040,7656,1,1,0,0,11755808,406106112,,36818718720,,522018816,,347967488,,50786304,,7352320,,0.0061,0.0055,0.0049,0.0065,0.0183,,3,false
phase3a-formal-20260925-v2-component-tokenizer-en,87,tokenizer-only,2026-09-24T19:34:06.8187971+00:00,1444.1377,measurement,request-count-4100,4100,4100,4100,0,0,5,4105,406118400,522158080,36818722816,94,11,4068328,,531040,7656,1,1,0,0,11879464,406118400,,36818722816,,522018816,,347967488,,50786304,,7364608,,0.0067,0.0075,0.0061,0.0076,0.0395,,3,false
phase3a-formal-20260925-v2-component-tokenizer-en,88,tokenizer-only,2026-09-24T19:34:06.8228180+00:00,1448.1586,measurement,request-count-4150,4150,4150,4150,0,0,5,4155,406134784,522158080,36818726912,94,11,4192336,,531040,7656,1,1,0,0,12003088,406134784,,36818726912,,522018816,,347967488,,50786304,,7380992,,0.0046,0.0082,0.006,0.0205,0.0431,,3,false
phase3a-formal-20260925-v2-component-tokenizer-en,89,tokenizer-only,2026-09-24T19:34:06.8271573+00:00,1452.498,measurement,request-count-4200,4200,4200,4200,0,0,5,4205,406155264,522158080,36818722816,94,11,4316448,,531040,7656,1,1,0,0,12126816,406151168,,36818722816,,522018816,,347967488,,50786304,,7397376,,0.0072,0.0114,0.0083,0.0238,0.0668,,3,false
phase3a-formal-20260925-v2-component-tokenizer-en,90,tokenizer-only,2026-09-24T19:34:06.8337884+00:00,1459.129,measurement,request-count-4250,4250,4250,4250,0,0,5,4255,406212608,522194944,36818722816,94,11,4440520,,531040,7656,1,1,0,0,12250504,406212608,,36818722816,,522055680,,347996160,,50786304,,7430144,,0.0075,0.0192,0.0134,0.0404,0.128,,3,false
phase3a-formal-20260925-v2-component-tokenizer-en,91,tokenizer-only,2026-09-24T19:34:06.8382655+00:00,1463.6062,measurement,request-count-4300,4300,4300,4300,0,0,5,4305,406216704,522194944,36818722816,94,11,4564584,,531040,7656,1,1,0,0,12374184,406216704,,36818722816,,522055680,,347996160,,50786304,,7434240,,0.0053,0.0078,0.0055,0.0157,0.0495,,3,false
phase3a-formal-20260925-v2-component-tokenizer-en,92,tokenizer-only,2026-09-24T19:34:06.8426319+00:00,1467.9725,measurement,request-count-4350,4350,4350,4350,0,0,5,4355,406843392,522842112,36818722816,94,11,4688688,,531040,7656,1,1,0,0,12497904,406839296,,36818722816,,522702848,,348618752,,50786304,,7434240,,0.0062,0.0075,0.0062,0.0074,0.0411,,3,false
phase3a-formal-20260925-v2-component-tokenizer-en,93,tokenizer-only,2026-09-24T19:34:06.8467851+00:00,1472.1256,measurement,request-count-4400,4400,4400,4400,0,0,5,4405,407023616,523042816,36818722816,94,11,4819688,,531040,7656,1,1,0,0,12626168,406999040,,36818722816,,522838016,,348778496,,50786304,,7434240,,0.006,0.008,0.0063,0.0124,0.0393,,3,false
phase3a-formal-20260925-v2-component-tokenizer-en,94,tokenizer-only,2026-09-24T19:34:06.8515824+00:00,1476.923,measurement,request-count-4450,4450,4450,4450,0,0,5,4455,407146496,523108352,36818722816,94,11,4942536,,531040,7656,1,1,0,0,12748608,407126016,,36818722816,,522969088,,348901376,,50786304,,7438336,,0.0083,0.0103,0.0073,0.0173,0.0682,,3,false
phase3a-formal-20260925-v2-component-tokenizer-en,95,tokenizer-only,2026-09-24T19:34:06.8558635+00:00,1481.204,measurement,request-count-4500,4500,4500,4500,0,0,5,4505,407293952,523243520,36818726912,94,11,5065384,,531040,7656,1,1,0,0,12871072,407269376,,36818726912,,523104256,,349028352,,50786304,,7454720,,0.0102,0.0088,0.0052,0.0253,0.0674,,3,false
phase3a-formal-20260925-v2-component-tokenizer-en,96,tokenizer-only,2026-09-24T19:34:06.8605044+00:00,1485.8449,measurement,request-count-4550,4550,4550,4550,0,0,5,4555,407416832,523374592,36818722816,94,11,5188232,,531040,7656,1,1,0,0,12993536,407392256,,36818722816,,523235328,,349151232,,50786304,,7454720,,0.007,0.0107,0.007,0.0207,0.0753,,3,false
phase3a-formal-20260925-v2-component-tokenizer-en,97,tokenizer-only,2026-09-24T19:34:06.8655123+00:00,1490.8528,measurement,request-count-4600,4600,4600,4600,0,0,5,4605,408002560,523956224,36818726912,94,11,5311080,,531040,7656,1,1,0,0,13116000,407982080,,36818726912,,523816960,,349728768,,50786304,,7467008,,0.0052,0.0083,0.0052,0.0119,0.0694,,3,false
phase3a-formal-20260925-v2-component-tokenizer-en,98,tokenizer-only,2026-09-24T19:34:06.8698808+00:00,1495.2213,measurement,request-count-4650,4650,4650,4650,0,0,5,4655,408150016,524087296,36818726912,94,11,5435640,,531040,7656,1,1,0,0,13240176,408133632,,36818726912,,523948032,,349855744,,50786304,,7491584,,0.0063,0.0082,0.0057,0.0113,0.0575,,3,false
phase3a-formal-20260925-v2-component-tokenizer-en,99,tokenizer-only,2026-09-24T19:34:06.8744133+00:00,1499.7539,measurement,request-count-4700,4700,4700,4700,0,0,5,4705,408293376,524234752,36818726912,94,11,5565256,,531040,7656,1,1,0,0,13369384,408272896,,36818726912,,524095488,,349990912,,50786304,,7495680,,0.0067,0.0094,0.0066,0.0163,0.0519,,3,false
phase3a-formal-20260925-v2-component-tokenizer-en,100,tokenizer-only,2026-09-24T19:34:06.8785356+00:00,1503.8762,measurement,request-count-4750,4750,4750,4750,0,0,5,4755,408428544,524365824,36818722816,94,11,5688104,,531040,7656,1,1,0,0,13491848,408399872,,36818722816,,524161024,,350113792,,50786304,,7499776,,0.0065,0.0077,0.0061,0.0112,0.0421,,3,false
phase3a-formal-20260925-v2-component-tokenizer-en,101,tokenizer-only,2026-09-24T19:34:06.8827136+00:00,1508.0542,measurement,request-count-4800,4800,4800,4800,0,0,5,4805,408547328,524496896,36818722816,94,11,5810952,,531040,7656,1,1,0,0,13614288,408530944,,36818722816,,524292096,,350240768,,50786304,,7503872,,0.0056,0.0065,0.0051,0.0092,0.0331,,3,false
phase3a-formal-20260925-v2-component-tokenizer-en,102,tokenizer-only,2026-09-24T19:34:06.8868488+00:00,1512.1894,measurement,request-count-4850,4850,4850,4850,0,0,5,4855,408686592,524627968,36818722816,94,11,5933800,,531040,7656,1,1,0,0,13736752,408666112,,36818722816,,524423168,,350363648,,50786304,,7516160,,0.0052,0.0108,0.0064,0.0305,0.0674,,3,false
phase3a-formal-20260925-v2-component-tokenizer-en,103,tokenizer-only,2026-09-24T19:34:06.8909556+00:00,1516.2962,measurement,request-count-4900,4900,4900,4900,0,0,5,4905,408969216,524783616,36818722816,94,11,6056648,,531040,7656,1,1,0,0,13859216,408948736,,36818722816,,524644352,,350576640,,50786304,,7585792,,0.0051,0.0077,0.0053,0.0214,0.0456,,3,false
phase3a-formal-20260925-v2-component-tokenizer-en,104,tokenizer-only,2026-09-24T19:34:06.8979821+00:00,1523.3226,measurement,request-count-4950,4950,4950,4950,0,0,5,4955,409128960,524914688,36818722816,94,11,6187720,,531040,7656,1,1,0,0,13989880,409112576,,36818722816,,524775424,,350707712,,50786304,,7618560,,0.0063,0.0103,0.0063,0.0124,0.0972,,3,false
phase3a-formal-20260925-v2-component-tokenizer-en,105,tokenizer-only,2026-09-24T19:34:06.9025485+00:00,1527.889,measurement,request-count-5000,5000,5000,5000,0,0,5,5005,409251840,525045760,36818722816,94,11,6310568,,531040,7656,1,1,0,0,14112320,409235456,,36818722816,,524906496,,350830592,,50786304,,7618560,,0.0056,0.0087,0.0056,0.0164,0.057,,3,false
phase3a-formal-20260925-v2-component-tokenizer-en,106,tokenizer-only,2026-09-24T19:34:06.9066410+00:00,1531.9815,measurement,request-count-5050,5050,5050,5050,0,0,5,5055,409382912,525176832,36818722816,94,11,6433416,,531040,7656,1,1,0,0,14234784,409358336,,36818722816,,525037568,,350953472,,50786304,,7618560,,0.005,0.0076,0.0052,0.0177,0.048,,3,false
phase3a-formal-20260925-v2-component-tokenizer-en,107,tokenizer-only,2026-09-24T19:34:06.9102966+00:00,1535.6372,measurement,request-count-5100,5100,5100,5100,0,0,5,5105,409505792,525307904,36818722816,94,11,6556264,,531040,7656,1,1,0,0,14357224,409481216,,36818722816,,525168640,,351076352,,50786304,,7618560,,0.0055,0.0065,0.005,0.0095,0.0336,,3,false
phase3a-formal-20260925-v2-component-tokenizer-en,108,tokenizer-only,2026-09-24T19:34:06.9139064+00:00,1539.2469,measurement,request-count-5150,5150,5150,5150,0,0,5,5155,409628672,525438976,36818722816,94,11,6680808,,531040,7656,1,1,0,0,14481360,409604096,,36818722816,,525299712,,351199232,,50786304,,7618560,,0.0261,0.0065,0.0049,0.017,0.0237,,3,false
phase3a-formal-20260925-v2-component-tokenizer-en,109,tokenizer-only,2026-09-24T19:34:06.9175931+00:00,1542.9337,measurement,request-count-5200,5200,5200,5200,0,0,5,5205,409751552,525570048,36818722816,94,11,6804832,,531040,7656,1,1,0,0,14604976,409726976,,36818722816,,525430784,,351322112,,50786304,,7618560,,0.0049,0.0069,0.0049,0.0151,0.0384,,3,false
phase3a-formal-20260925-v2-component-tokenizer-en,110,tokenizer-only,2026-09-24T19:34:06.9212370+00:00,1546.5775,measurement,request-count-5250,5250,5250,5250,0,0,5,5255,409874432,525701120,36818722816,94,11,6925064,,531040,7656,1,1,0,0,14724800,409849856,,36818722816,,525496320,,351444992,,50786304,,7618560,,0.005,0.0058,0.0049,0.0092,0.0198,,3,false
phase3a-formal-20260925-v2-component-tokenizer-en,111,tokenizer-only,2026-09-24T19:34:06.9249583+00:00,1550.2988,measurement,request-count-5300,5300,5300,5300,0,0,5,5305,409993216,525832192,36818722816,94,11,7056136,,531040,7656,1,1,0,0,14855464,409980928,,36818722816,,525627392,,351576064,,50786304,,7618560,,0.0052,0.0085,0.0062,0.0231,0.036,,3,false
phase3a-formal-20260925-v2-component-tokenizer-en,112,tokenizer-only,2026-09-24T19:34:06.9293081+00:00,1554.6487,measurement,request-count-5350,5350,5350,5350,0,0,5,5355,410116096,525897728,36818722816,94,11,7178984,,531040,7656,1,1,0,0,14977904,410103808,,36818722816,,525758464,,351698944,,50786304,,7618560,,0.006,0.0086,0.006,0.0135,0.0544,,3,false
phase3a-formal-20260925-v2-component-tokenizer-en,113,tokenizer-only,2026-09-24T19:34:06.9333626+00:00,1558.7031,measurement,request-count-5400,5400,5400,5400,0,0,5,5405,410247168,526028800,36818722816,94,11,7301832,,531040,7656,1,1,0,0,15100368,410226688,,36818722816,,525889536,,351821824,,50786304,,7618560,,0.0062,0.0069,0.0056,0.013,0.0226,,3,false
phase3a-formal-20260925-v2-component-tokenizer-en,114,tokenizer-only,2026-09-24T19:34:06.9376813+00:00,1563.0219,measurement,request-count-5450,5450,5450,5450,0,0,5,5455,410374144,526159872,36818722816,94,11,7424680,,531040,7656,1,1,0,0,15222808,410349568,,36818722816,,526020608,,351944704,,50786304,,7618560,,0.0072,0.0106,0.0081,0.0205,0.0422,,3,false
phase3a-formal-20260925-v2-component-tokenizer-en,115,tokenizer-only,2026-09-24T19:34:06.9420271+00:00,1567.3677,measurement,request-count-5500,5500,5500,5500,0,0,5,5505,410497024,526290944,36818722816,94,11,7547528,,531040,7656,1,1,0,0,15345272,410472448,,36818722816,,526151680,,352067584,,50786304,,7618560,,0.0129,0.0084,0.0057,0.0159,0.0566,,3,false
phase3a-formal-20260925-v2-component-tokenizer-en,116,tokenizer-only,2026-09-24T19:34:06.9466880+00:00,1572.0288,measurement,request-count-5550,5550,5550,5550,0,0,5,5555,410619904,526422016,36818722816,94,11,7670376,,531040,7656,1,1,0,0,15467736,410595328,,36818722816,,526282752,,352190464,,50786304,,7618560,,0.007,0.01,0.0075,0.0203,0.0482,,3,false
phase3a-formal-20260925-v2-component-tokenizer-en,117,tokenizer-only,2026-09-24T19:34:06.9513454+00:00,1576.6859,measurement,request-count-5600,5600,5600,5600,0,0,5,5605,410742784,526553088,36818722816,94,11,7793704,,531040,7656,1,1,0,0,15590680,410726400,,36818722816,,526413824,,352321536,,50786304,,7618560,,0.0057,0.0112,0.0075,0.0274,0.0477,,3,false
phase3a-formal-20260925-v2-component-tokenizer-en,118,tokenizer-only,2026-09-24T19:34:06.9561998+00:00,1581.5404,measurement,request-count-5650,5650,5650,5650,0,0,5,5655,410865664,526684160,36818722816,94,11,7917832,,531040,7656,1,1,0,0,15714424,410845184,,36818722816,,526544896,,352440320,,50786304,,7618560,,0.0077,0.0098,0.0075,0.0149,0.0481,,3,false
phase3a-formal-20260925-v2-component-tokenizer-en,119,tokenizer-only,2026-09-24T19:34:06.9615261+00:00,1586.8667,measurement,request-count-5700,5700,5700,5700,0,0,5,5705,410988544,526815232,36818722816,94,11,8047400,,531040,7656,1,1,0,0,15843608,410968064,,36818722816,,526610432,,352563200,,50786304,,7618560,,0.0065,0.0132,0.0085,0.0361,0.0893,,3,false
phase3a-formal-20260925-v2-component-tokenizer-en,120,tokenizer-only,2026-09-24T19:34:06.9669255+00:00,1592.2661,measurement,request-count-5750,5750,5750,5750,0,0,5,5755,411119616,526946304,36818722816,94,11,8170248,,531040,7656,1,1,0,0,15966072,411095040,,36818722816,,526741504,,352690176,,50786304,,7618560,,0.0068,0.0139,0.0103,0.0254,0.0824,,3,false
phase3a-formal-20260925-v2-component-tokenizer-en,121,tokenizer-only,2026-09-24T19:34:06.9723431+00:00,1597.6837,measurement,request-count-5800,5800,5800,5800,0,0,5,5805,411238400,527077376,36818722816,94,11,8293096,,531040,7656,1,1,0,0,16088512,411217920,,36818722816,,526872576,,352813056,,50786304,,7618560,,0.0133,0.0109,0.0078,0.0194,0.0604,,3,false
phase3a-formal-20260925-v2-component-tokenizer-en,122,tokenizer-only,2026-09-24T19:34:06.9765150+00:00,1601.8556,measurement,request-count-5850,5850,5850,5850,0,0,5,5855,411361280,527142912,36818722816,94,11,8415944,,531040,7656,1,1,0,0,16210976,411340800,,36818722816,,527003648,,352935936,,50786304,,7618560,,0.0049,0.0081,0.0061,0.0142,0.0436,,3,false
phase3a-formal-20260925-v2-component-tokenizer-en,123,tokenizer-only,2026-09-24T19:34:06.9802098+00:00,1605.5504,measurement,request-count-5900,5900,5900,5900,0,0,5,5905,411488256,527273984,36818722816,94,11,8538792,,531040,7656,1,1,0,0,16333440,411463680,,36818722816,,527134720,,353058816,,50786304,,7618560,,0.0057,0.0066,0.0049,0.013,0.0246,,3,false
phase3a-formal-20260925-v2-component-tokenizer-en,124,tokenizer-only,2026-09-24T19:34:06.9841736+00:00,1609.5142,measurement,request-count-5950,5950,5950,5950,0,0,5,5955,411611136,527405056,36818722816,94,11,8669864,,531040,7656,1,1,0,0,16464104,411594752,,36818722816,,527265792,,353189888,,50786304,,7618560,,0.0061,0.0073,0.0058,0.0175,0.0292,,3,false
phase3a-formal-20260925-v2-component-tokenizer-en,125,tokenizer-only,2026-09-24T19:34:06.9893632+00:00,1614.7037,measurement,request-count-6000,6000,6000,6000,0,0,5,6005,411734016,527536128,36818722816,94,11,8792712,,531040,7656,1,1,0,0,16586568,411717632,,36818722816,,527396864,,353312768,,50786304,,7618560,,0.0066,0.0086,0.0065,0.0128,0.0463,,3,false
phase3a-formal-20260925-v2-component-tokenizer-en,126,tokenizer-only,2026-09-24T19:34:06.9943635+00:00,1619.7041,measurement,request-count-6050,6050,6050,6050,0,0,5,6055,411865088,527663104,36818722816,94,11,8911464,,531040,7656,1,1,0,0,16704936,411840512,,36818722816,,527523840,,353435648,,50786304,,7618560,,0.0075,0.0153,0.0094,0.0309,0.1132,,3,false
phase3a-formal-20260925-v2-component-tokenizer-en,127,tokenizer-only,2026-09-24T19:34:07.0005523+00:00,1625.8928,measurement,request-count-6100,6100,6100,6100,0,0,5,6105,412393472,528203776,36818722816,94,11,653208,,519488,528,2,2,1,0,16830416,412393472,,36818722816,,528064512,,353988608,,50786304,,7618560,,0.0051,0.0075,0.0054,0.0099,0.0543,,3,false
phase3a-formal-20260925-v2-component-tokenizer-en,128,tokenizer-only,2026-09-24T19:34:07.0052899+00:00,1630.6305,measurement,request-count-6150,6150,6150,6150,0,0,5,6155,412393472,528203776,36818722816,94,11,773400,,519488,528,2,2,1,0,16950224,412393472,,36818722816,,528064512,,353988608,,50786304,,7618560,,0.0087,0.0105,0.0087,0.0158,0.0532,,3,false
phase3a-formal-20260925-v2-component-tokenizer-en,129,tokenizer-only,2026-09-24T19:34:07.0105987+00:00,1635.9393,measurement,request-count-6200,6200,6200,6200,0,0,5,6205,412393472,528203776,36818722816,94,11,897456,,519488,528,2,2,1,0,17073896,412393472,,36818722816,,528064512,,353988608,,50786304,,7618560,,0.0057,0.008,0.0062,0.0087,0.0498,,3,false
phase3a-formal-20260925-v2-component-tokenizer-en,130,tokenizer-only,2026-09-24T19:34:07.0145500+00:00,1639.8906,measurement,request-count-6250,6250,6250,6250,0,0,5,6255,412393472,528203776,36818722816,94,11,1021472,,519488,528,2,2,1,0,17197528,412393472,,36818722816,,528064512,,353988608,,50786304,,7618560,,0.0061,0.0069,0.006,0.0073,0.0261,,3,false
phase3a-formal-20260925-v2-component-tokenizer-en,131,tokenizer-only,2026-09-24T19:34:07.0188859+00:00,1644.2265,measurement,request-count-6300,6300,6300,6300,0,0,5,6305,412393472,528203776,36818722816,94,11,1145600,,519488,528,2,2,1,0,17321272,412393472,,36818722816,,528064512,,353988608,,50786304,,7618560,,0.0346,0.012,0.0095,0.0194,0.0631,,3,false
phase3a-formal-20260925-v2-component-tokenizer-en,132,tokenizer-only,2026-09-24T19:34:07.0247398+00:00,1650.0804,measurement,request-count-6350,6350,6350,6350,0,0,5,6355,412393472,528203776,36818722816,94,11,1269760,,519488,528,2,2,1,0,17445048,412393472,,36818722816,,528064512,,353988608,,50786304,,7618560,,0.0079,0.0109,0.0091,0.0144,0.0477,,3,false
phase3a-formal-20260925-v2-component-tokenizer-en,133,tokenizer-only,2026-09-24T19:34:07.0310322+00:00,1656.3728,measurement,request-count-6400,6400,6400,6400,0,0,5,6405,412393472,528203776,36818722816,94,11,1393896,,519488,528,2,2,1,0,17568800,412393472,,36818722816,,528064512,,353988608,,50786304,,7618560,,0.0065,0.0097,0.0076,0.0105,0.0592,,3,false
phase3a-formal-20260925-v2-component-tokenizer-en,134,tokenizer-only,2026-09-24T19:34:07.0362774+00:00,1661.618,measurement,request-count-6450,6450,6450,6450,0,0,5,6455,412393472,528203776,36818722816,94,11,1518112,,519488,528,2,2,1,0,17692632,412393472,,36818722816,,528064512,,353988608,,50786304,,7618560,,0.0069,0.0095,0.0065,0.0105,0.0788,,3,false
phase3a-formal-20260925-v2-component-tokenizer-en,135,tokenizer-only,2026-09-24T19:34:07.0404788+00:00,1665.8193,measurement,request-count-6500,6500,6500,6500,0,0,5,6505,412393472,528203776,36818722816,94,11,1642104,,519488,528,2,2,1,0,17816240,412393472,,36818722816,,528064512,,353988608,,50786304,,7618560,,0.0047,0.0076,0.005,0.0086,0.0678,,3,false
phase3a-formal-20260925-v2-component-tokenizer-en,136,tokenizer-only,2026-09-24T19:34:07.0445271+00:00,1669.8676,measurement,request-count-6550,6550,6550,6550,0,0,5,6555,412393472,528203776,36818722816,94,11,1766216,,519488,528,2,2,1,0,17939968,412393472,,36818722816,,528064512,,353988608,,50786304,,7618560,,0.0064,0.0077,0.0063,0.0106,0.037,,3,false
phase3a-formal-20260925-v2-component-tokenizer-en,137,tokenizer-only,2026-09-24T19:34:07.0487221+00:00,1674.0627,measurement,request-count-6600,6600,6600,6600,0,0,5,6605,412393472,528203776,36818722816,94,11,1890216,,519488,528,2,2,1,0,18063584,412393472,,36818722816,,528064512,,353988608,,50786304,,7618560,,0.0065,0.0078,0.0061,0.0076,0.0459,,3,false
phase3a-formal-20260925-v2-component-tokenizer-en,138,tokenizer-only,2026-09-24T19:34:07.0532001+00:00,1678.5406,measurement,request-count-6650,6650,6650,6650,0,0,5,6655,412393472,528203776,36818722816,94,11,2014304,,519488,528,2,2,1,0,18187288,412393472,,36818722816,,528064512,,353988608,,50786304,,7618560,,0.006,0.0078,0.0062,0.0134,0.0398,,3,false
phase3a-formal-20260925-v2-component-tokenizer-en,139,tokenizer-only,2026-09-24T19:34:07.0573954+00:00,1682.736,measurement,request-count-6700,6700,6700,6700,0,0,5,6705,412393472,528203776,36818722816,94,11,2138448,,519488,528,2,2,1,0,18311048,412393472,,36818722816,,528064512,,353988608,,50786304,,7618560,,0.0049,0.0081,0.0057,0.0108,0.0503,,3,false
phase3a-formal-20260925-v2-component-tokenizer-en,140,tokenizer-only,2026-09-24T19:34:07.0623248+00:00,1687.6654,measurement,request-count-6750,6750,6750,6750,0,0,5,6755,412393472,528203776,36818722816,94,11,2262616,,519488,528,2,2,1,0,18434832,412393472,,36818722816,,528064512,,353988608,,50786304,,7618560,,0.0102,0.0123,0.0098,0.0181,0.0713,,3,false
phase3a-formal-20260925-v2-component-tokenizer-en,141,tokenizer-only,2026-09-24T19:34:07.0674841+00:00,1692.8248,measurement,request-count-6800,6800,6800,6800,0,0,5,6805,412393472,528203776,36818722816,94,11,2386704,,519488,528,2,2,1,0,18558536,412393472,,36818722816,,528064512,,353988608,,50786304,,7618560,,0.0089,0.0118,0.01,0.0149,0.0516,,3,false
phase3a-formal-20260925-v2-component-tokenizer-en,142,tokenizer-only,2026-09-24T19:34:07.0716788+00:00,1697.0194,measurement,request-count-6850,6850,6850,6850,0,0,5,6855,412393472,528203776,36818722816,94,11,2510848,,519488,528,2,2,1,0,18682296,412393472,,36818722816,,528064512,,353988608,,50786304,,7618560,,0.011,0.009,0.0081,0.0112,0.0228,,3,false
phase3a-formal-20260925-v2-component-tokenizer-en,143,tokenizer-only,2026-09-24T19:34:07.0757739+00:00,1701.1145,measurement,request-count-6900,6900,6900,6900,0,0,5,6905,412393472,528203776,36818722816,94,11,2634904,,519488,528,2,2,1,0,18805968,412393472,,36818722816,,528064512,,353988608,,50786304,,7618560,,0.0057,0.0074,0.0061,0.0074,0.0372,,3,false
phase3a-formal-20260925-v2-component-tokenizer-en,144,tokenizer-only,2026-09-24T19:34:07.0809596+00:00,1706.3002,measurement,request-count-6950,6950,6950,6950,0,0,5,6955,412393472,528203776,36818722816,94,11,2758944,,519488,528,2,2,1,0,18929624,412393472,,36818722816,,528064512,,353988608,,50786304,,7618560,,0.0049,0.0075,0.006,0.0086,0.0412,,3,false
phase3a-formal-20260925-v2-component-tokenizer-en,145,tokenizer-only,2026-09-24T19:34:07.0858423+00:00,1711.1828,measurement,request-count-7000,7000,7000,7000,0,0,5,7005,412393472,528203776,36818722816,94,11,2883056,,519488,528,2,2,1,0,19053352,412393472,,36818722816,,528064512,,353988608,,50786304,,7618560,,0.0047,0.0065,0.0051,0.0082,0.0389,,3,false
phase3a-formal-20260925-v2-component-tokenizer-en,146,tokenizer-only,2026-09-24T19:34:07.0900241+00:00,1715.3647,measurement,request-count-7050,7050,7050,7050,0,0,5,7055,412393472,528203776,36818722816,94,11,3007224,,519488,528,2,2,1,0,19177136,412393472,,36818722816,,528064512,,353988608,,50786304,,7618560,,0.009,0.0101,0.0069,0.0184,0.0622,,3,false
phase3a-formal-20260925-v2-component-tokenizer-en,147,tokenizer-only,2026-09-24T19:34:07.0945526+00:00,1719.8932,measurement,request-count-7100,7100,7100,7100,0,0,5,7105,412393472,528203776,36818722816,94,11,3131352,,519488,528,2,2,1,0,19300880,412393472,,36818722816,,528064512,,353988608,,50786304,,7618560,,0.005,0.0077,0.0052,0.0084,0.0633,,3,false
phase3a-formal-20260925-v2-component-tokenizer-en,148,tokenizer-only,2026-09-24T19:34:07.1003869+00:00,1725.7275,measurement,request-count-7150,7150,7150,7150,0,0,5,7155,412393472,528203776,36818722816,94,11,3255496,,519488,528,2,2,1,0,19424640,412393472,,36818722816,,528064512,,353988608,,50786304,,7618560,,0.0056,0.0084,0.0056,0.008,0.07,,3,false
phase3a-formal-20260925-v2-component-tokenizer-en,149,tokenizer-only,2026-09-24T19:34:07.1058841+00:00,1731.2247,measurement,request-count-7200,7200,7200,7200,0,0,5,7205,412393472,528203776,36818722816,94,11,3379648,,519488,528,2,2,1,0,19548408,412393472,,36818722816,,528064512,,353988608,,50786304,,7618560,,0.0059,0.0085,0.0063,0.0094,0.0594,,3,false
phase3a-formal-20260925-v2-component-tokenizer-en,150,tokenizer-only,2026-09-24T19:34:07.1112782+00:00,1736.6188,measurement,request-count-7250,7250,7250,7250,0,0,5,7255,412393472,528203776,36818722816,94,11,3503816,,519488,528,2,2,1,0,19672192,412393472,,36818722816,,528064512,,353988608,,50786304,,7618560,,0.0055,0.009,0.0061,0.0158,0.0596,,3,false
phase3a-formal-20260925-v2-component-tokenizer-en,151,tokenizer-only,2026-09-24T19:34:07.1156132+00:00,1740.9538,measurement,request-count-7300,7300,7300,7300,0,0,5,7305,412393472,528203776,36818722816,94,11,3627928,,519488,528,2,2,1,0,19795920,412393472,,36818722816,,528064512,,353988608,,50786304,,7618560,,0.0067,0.009,0.0074,0.0126,0.0412,,3,false
phase3a-formal-20260925-v2-component-tokenizer-en,152,tokenizer-only,2026-09-24T19:34:07.1198562+00:00,1745.1967,measurement,request-count-7350,7350,7350,7350,0,0,5,7355,412393472,528203776,36818722816,94,11,3752008,,519488,528,2,2,1,0,19919616,412393472,,36818722816,,528064512,,353988608,,50786304,,7618560,,0.006,0.007,0.006,0.0078,0.0335,,3,false
phase3a-formal-20260925-v2-component-tokenizer-en,153,tokenizer-only,2026-09-24T19:34:07.1237444+00:00,1749.0849,measurement,request-count-7400,7400,7400,7400,0,0,5,7405,412393472,528203776,36818722816,94,11,3876168,,519488,528,2,2,1,0,20043392,412393472,,36818722816,,528064512,,353988608,,50786304,,7618560,,0.0071,0.0074,0.0064,0.0078,0.0303,,3,false
phase3a-formal-20260925-v2-component-tokenizer-en,154,tokenizer-only,2026-09-24T19:34:07.1297931+00:00,1755.1337,measurement,request-count-7450,7450,7450,7450,0,0,5,7455,412393472,528203776,36818722816,94,11,4000288,,519488,528,2,2,1,0,20167128,412393472,,36818722816,,528064512,,353988608,,50786304,,7618560,,0.0063,0.0086,0.0057,0.0083,0.0752,,3,false
phase3a-formal-20260925-v2-component-tokenizer-en,155,tokenizer-only,2026-09-24T19:34:07.1361983+00:00,1761.5389,measurement,request-count-7500,7500,7500,7500,0,0,5,7505,412393472,528203776,36818722816,94,11,4124392,,519488,528,2,2,1,0,20290848,412393472,,36818722816,,528064512,,353988608,,50786304,,7618560,,0.0083,0.0103,0.0081,0.0136,0.0585,,3,false
phase3a-formal-20260925-v2-component-tokenizer-en,156,tokenizer-only,2026-09-24T19:34:07.1405262+00:00,1765.8671,measurement,request-count-7550,7550,7550,7550,0,0,5,7555,412393472,528203776,36818722816,94,11,4248560,,519488,528,2,2,1,0,20414632,412393472,,36818722816,,528064512,,353988608,,50786304,,7618560,,0.0062,0.0084,0.0066,0.0082,0.0523,,3,false
phase3a-formal-20260925-v2-component-tokenizer-en,157,tokenizer-only,2026-09-24T19:34:07.1458244+00:00,1771.1649,measurement,request-count-7600,7600,7600,7600,0,0,5,7605,412393472,528203776,36818722816,94,11,4372712,,519488,528,2,2,1,0,20538400,412393472,,36818722816,,528064512,,353988608,,50786304,,7618560,,0.0047,0.008,0.0062,0.0096,0.0512,,3,false
phase3a-formal-20260925-v2-component-tokenizer-en,158,tokenizer-only,2026-09-24T19:34:07.1509846+00:00,1776.3251,measurement,request-count-7650,7650,7650,7650,0,0,5,7655,412393472,528203776,36818722816,94,11,4496808,,519488,528,2,2,1,0,20662112,412393472,,36818722816,,528064512,,353988608,,50786304,,7618560,,0.0061,0.0078,0.0062,0.0079,0.0451,,3,false
phase3a-formal-20260925-v2-component-tokenizer-en,159,tokenizer-only,2026-09-24T19:34:07.1564478+00:00,1781.7883,measurement,request-count-7700,7700,7700,7700,0,0,5,7705,412393472,528203776,36818722816,94,11,4620976,,519488,528,2,2,1,0,20785896,412393472,,36818722816,,528064512,,353988608,,50786304,,7618560,,0.009,0.0113,0.0097,0.0142,0.0437,,3,false
phase3a-formal-20260925-v2-component-tokenizer-en,160,tokenizer-only,2026-09-24T19:34:07.1618133+00:00,1787.1538,measurement,request-count-7750,7750,7750,7750,0,0,5,7755,412393472,528203776,36818722816,94,11,4745744,,519488,528,2,2,1,0,20910280,412393472,,36818722816,,528064512,,353988608,,50786304,,7618560,,0.0051,0.0081,0.0052,0.0116,0.0713,,3,false
phase3a-formal-20260925-v2-component-tokenizer-en,161,tokenizer-only,2026-09-24T19:34:07.1669699+00:00,1792.3105,measurement,request-count-7800,7800,7800,7800,0,0,5,7805,412393472,528203776,36818722816,94,11,4869272,,519488,528,2,2,1,0,21033424,412393472,,36818722816,,528064512,,353988608,,50786304,,7618560,,0.0052,0.0084,0.0055,0.0093,0.075,,3,false
phase3a-formal-20260925-v2-component-tokenizer-en,162,tokenizer-only,2026-09-24T19:34:07.1716749+00:00,1797.0154,measurement,request-count-7850,7850,7850,7850,0,0,5,7855,412393472,528203776,36818722816,94,11,4993352,,519488,528,2,2,1,0,21157120,412393472,,36818722816,,528064512,,353988608,,50786304,,7618560,,0.006,0.0081,0.0062,0.0106,0.0502,,3,false
phase3a-formal-20260925-v2-component-tokenizer-en,163,tokenizer-only,2026-09-24T19:34:07.1756168+00:00,1800.9574,measurement,request-count-7900,7900,7900,7900,0,0,5,7905,412393472,528203776,36818722816,94,11,5117528,,519488,528,2,2,1,0,21280912,412393472,,36818722816,,528064512,,353988608,,50786304,,7618560,,0.0059,0.0075,0.0062,0.0094,0.034,,3,false
phase3a-formal-20260925-v2-component-tokenizer-en,164,tokenizer-only,2026-09-24T19:34:07.1790202+00:00,1804.3608,measurement,request-count-7950,7950,7950,7950,0,0,5,7955,412393472,528203776,36818722816,94,11,5241672,,519488,528,2,2,1,0,21404672,412393472,,36818722816,,528064512,,353988608,,50786304,,7618560,,0.0047,0.0054,0.0047,0.0072,0.017,,3,false
phase3a-formal-20260925-v2-component-tokenizer-en,165,tokenizer-only,2026-09-24T19:34:07.1825452+00:00,1807.8858,measurement,request-count-8000,8000,8000,8000,0,0,5,8005,412393472,528203776,36818722816,94,11,5365752,,519488,528,2,2,1,0,21528368,412393472,,36818722816,,528064512,,353988608,,50786304,,7618560,,0.0056,0.0063,0.0059,0.0068,0.0165,,3,false
phase3a-formal-20260925-v2-component-tokenizer-en,166,tokenizer-only,2026-09-24T19:34:07.1867363+00:00,1812.0769,measurement,request-count-8050,8050,8050,8050,0,0,5,8055,412393472,528203776,36818722816,94,11,5489920,,519488,528,2,2,1,0,21652152,412393472,,36818722816,,528064512,,353988608,,50786304,,7618560,,0.0071,0.0101,0.0092,0.0116,0.0308,,3,false
phase3a-formal-20260925-v2-component-tokenizer-en,167,tokenizer-only,2026-09-24T19:34:07.1914808+00:00,1816.8213,measurement,request-count-8100,8100,8100,8100,0,0,5,8105,412393472,528203776,36818722816,94,11,5614088,,519488,528,2,2,1,0,21775936,412393472,,36818722816,,528064512,,353988608,,50786304,,7618560,,0.0053,0.0068,0.0055,0.0088,0.0335,,3,false
phase3a-formal-20260925-v2-component-tokenizer-en,168,tokenizer-only,2026-09-24T19:34:07.1961172+00:00,1821.4578,measurement,request-count-8150,8150,8150,8150,0,0,5,8155,412418048,528203776,36818722816,94,11,5738208,,519488,528,2,2,1,0,21899672,412413952,,36818722816,,528064512,,353988608,,50786304,,7639040,,0.0061,0.0096,0.0071,0.0129,0.0568,,3,false
phase3a-formal-20260925-v2-component-tokenizer-en,169,tokenizer-only,2026-09-24T19:34:07.2013335+00:00,1826.674,measurement,request-count-8200,8200,8200,8200,0,0,5,8205,412418048,528203776,36818722816,94,11,5862344,,519488,528,2,2,1,0,22023424,412418048,,36818722816,,528064512,,353988608,,50786304,,7643136,,0.0057,0.0089,0.0057,0.0103,0.0814,,3,false
phase3a-formal-20260925-v2-component-tokenizer-en,170,tokenizer-only,2026-09-24T19:34:07.2063216+00:00,1831.6621,measurement,request-count-8250,8250,8250,8250,0,0,5,8255,412446720,528203776,36818722816,94,11,5986432,,519488,528,2,2,1,0,22147128,412446720,,36818722816,,528064512,,353988608,,50786304,,7671808,,0.006,0.0098,0.0068,0.0174,0.0582,,3,false
phase3a-formal-20260925-v2-component-tokenizer-en,171,tokenizer-only,2026-09-24T19:34:07.2104848+00:00,1835.8253,measurement,request-count-8300,8300,8300,8300,0,0,5,8305,412454912,528203776,36818726912,94,11,6110576,,519488,528,2,2,1,0,22270888,412454912,,36818726912,,528064512,,353988608,,50786304,,7680000,,0.0085,0.007,0.0055,0.008,0.0407,,3,false
phase3a-formal-20260925-v2-component-tokenizer-en,172,tokenizer-only,2026-09-24T19:34:07.2144160+00:00,1839.7565,measurement,request-count-8350,8350,8350,8350,0,0,5,8355,412463104,528203776,36818722816,94,11,6234568,,519488,528,2,2,1,0,22394496,412463104,,36818722816,,528064512,,353988608,,50786304,,7688192,,0.0051,0.0067,0.0051,0.0064,0.043,,3,false
phase3a-formal-20260925-v2-component-tokenizer-en,173,tokenizer-only,2026-09-24T19:34:07.2186930+00:00,1844.0337,measurement,request-count-8400,8400,8400,8400,0,0,5,8405,412467200,528203776,36818722816,94,11,6358744,,519488,528,2,2,1,0,22518288,412467200,,36818722816,,528064512,,353988608,,50786304,,7692288,,0.0052,0.0071,0.0054,0.0068,0.0469,,3,false
phase3a-formal-20260925-v2-component-tokenizer-en,174,tokenizer-only,2026-09-24T19:34:07.2226562+00:00,1847.9967,measurement,request-count-8450,8450,8450,8450,0,0,5,8455,412479488,528203776,36818722816,94,11,6482880,,519488,528,2,2,1,0,22642040,412475392,,36818722816,,528064512,,353988608,,50786304,,7700480,,0.006,0.0069,0.0053,0.0087,0.0379,,3,false
phase3a-formal-20260925-v2-component-tokenizer-en,175,tokenizer-only,2026-09-24T19:34:07.2270646+00:00,1852.4052,measurement,request-count-8500,8500,8500,8500,0,0,5,8505,412475392,528203776,36818714624,94,11,6607320,,519488,528,2,2,1,0,22766096,412475392,,36818714624,,528064512,,353988608,,50786304,,7700480,,0.0075,0.0105,0.0083,0.0161,0.0588,,3,false
phase3a-formal-20260925-v2-component-tokenizer-en,176,tokenizer-only,2026-09-24T19:34:07.2314165+00:00,1856.7571,measurement,request-count-8550,8550,8550,8550,0,0,5,8555,412475392,528203776,36818714624,94,11,6731752,,519488,528,2,2,1,0,22890144,412475392,,36818714624,,528064512,,353988608,,50786304,,7700480,,0.0049,0.0075,0.0053,0.0073,0.0591,,3,false
phase3a-formal-20260925-v2-component-tokenizer-en,177,tokenizer-only,2026-09-24T19:34:07.2354924+00:00,1860.8329,measurement,request-count-8600,8600,8600,8600,0,0,5,8605,412475392,528203776,36818714624,94,11,6856168,,519488,528,2,2,1,0,23014176,412475392,,36818714624,,528064512,,353988608,,50786304,,7700480,,0.0061,0.0074,0.0063,0.0075,0.0331,,3,false
phase3a-formal-20260925-v2-component-tokenizer-en,178,tokenizer-only,2026-09-24T19:34:07.2405960+00:00,1865.9367,measurement,request-count-8650,8650,8650,8650,0,0,5,8655,412475392,528203776,36818714624,94,11,6980616,,519488,528,2,2,1,0,23138240,412475392,,36818714624,,528064512,,353988608,,50786304,,7700480,,0.005,0.0088,0.0065,0.0155,0.0519,,3,false
phase3a-formal-20260925-v2-component-tokenizer-en,179,tokenizer-only,2026-09-24T19:34:07.2458193+00:00,1871.16,measurement,request-count-8700,8700,8700,8700,0,0,5,8705,412475392,528203776,36818714624,94,11,7105056,,519488,528,2,2,1,0,23262296,412475392,,36818714624,,528064512,,353988608,,50786304,,7700480,,0.0067,0.0086,0.0066,0.0092,0.0551,,3,false
phase3a-formal-20260925-v2-component-tokenizer-en,180,tokenizer-only,2026-09-24T19:34:07.2513954+00:00,1876.7365,measurement,request-count-8750,8750,8750,8750,0,0,5,8755,412475392,528203776,36818714624,94,11,7229472,,519488,528,2,2,1,0,23386328,412475392,,36818714624,,528064512,,353988608,,50786304,,7700480,,0.006,0.0084,0.0066,0.0161,0.0367,,3,false
phase3a-formal-20260925-v2-component-tokenizer-en,181,tokenizer-only,2026-09-24T19:34:07.2567232+00:00,1882.0638,measurement,request-count-8800,8800,8800,8800,0,0,5,8805,412475392,528203776,36818714624,94,11,7353864,,519488,528,2,2,1,0,23510336,412475392,,36818714624,,528064512,,353988608,,50786304,,7700480,,0.0065,0.0076,0.0063,0.0074,0.0395,,3,false
phase3a-formal-20260925-v2-component-tokenizer-en,182,tokenizer-only,2026-09-24T19:34:07.2620245+00:00,1887.3651,measurement,request-count-8850,8850,8850,8850,0,0,5,8855,412475392,528203776,36818714624,94,11,7478264,,519488,528,2,2,1,0,23634352,412475392,,36818714624,,528064512,,353988608,,50786304,,7700480,,0.0072,0.0098,0.0073,0.01,0.07,,3,false
phase3a-formal-20260925-v2-component-tokenizer-en,183,tokenizer-only,2026-09-24T19:34:07.2679663+00:00,1893.3068,measurement,request-count-8900,8900,8900,8900,0,0,5,8905,412475392,528203776,36818714624,94,11,7602624,,519488,528,2,2,1,0,23758328,412475392,,36818714624,,528064512,,353988608,,50786304,,7700480,,0.0068,0.0106,0.0072,0.0137,0.0767,,3,false
phase3a-formal-20260925-v2-component-tokenizer-en,184,tokenizer-only,2026-09-24T19:34:07.2721678+00:00,1897.5084,measurement,request-count-8950,8950,8950,8950,0,0,5,8955,412475392,528203776,36818714624,94,11,7727056,,519488,528,2,2,1,0,23882376,412475392,,36818714624,,528064512,,353988608,,50786304,,7700480,,0.0059,0.0073,0.0062,0.0071,0.0384,,3,false
phase3a-formal-20260925-v2-component-tokenizer-en,185,tokenizer-only,2026-09-24T19:34:07.2762765+00:00,1901.617,measurement,request-count-9000,9000,9000,9000,0,0,5,9005,412475392,528203776,36818714624,94,11,7851520,,519488,528,2,2,1,0,24006456,412475392,,36818714624,,528064512,,353988608,,50786304,,7700480,,0.0065,0.0084,0.0066,0.0159,0.0387,,3,false
phase3a-formal-20260925-v2-component-tokenizer-en,186,tokenizer-only,2026-09-24T19:34:07.2799091+00:00,1905.2497,measurement,request-count-9050,9050,9050,9050,0,0,5,9055,412475392,528203776,36818714624,94,11,7975904,,519488,528,2,2,1,0,24130456,412475392,,36818714624,,528064512,,353988608,,50786304,,7700480,,0.0047,0.0062,0.0052,0.0072,0.028,,3,false
phase3a-formal-20260925-v2-component-tokenizer-en,187,tokenizer-only,2026-09-24T19:34:07.2839026+00:00,1909.2432,measurement,request-count-9100,9100,9100,9100,0,0,5,9105,412475392,528203776,36818714624,94,11,8100280,,519488,528,2,2,1,0,24254448,412475392,,36818714624,,528064512,,353988608,,50786304,,7700480,,0.0049,0.0067,0.0052,0.0066,0.0424,,3,false
phase3a-formal-20260925-v2-component-tokenizer-en,188,tokenizer-only,2026-09-24T19:34:07.2904334+00:00,1915.7739,measurement,request-count-9150,9150,9150,9150,0,0,5,9155,412475392,528203776,36818714624,94,11,8224760,,519488,528,2,2,1,0,24378544,412475392,,36818714624,,528064512,,353988608,,50786304,,7700480,,0.0049,0.0072,0.0053,0.0066,0.0538,,3,false
phase3a-formal-20260925-v2-component-tokenizer-en,189,tokenizer-only,2026-09-24T19:34:07.2958771+00:00,1921.218,measurement,request-count-9200,9200,9200,9200,0,0,5,9205,412475392,528203776,36818714624,94,11,8349128,,519488,528,2,2,1,0,24502528,412475392,,36818714624,,528064512,,353988608,,50786304,,7700480,,0.0053,0.0076,0.0053,0.0097,0.0597,,3,false
phase3a-formal-20260925-v2-component-tokenizer-en,190,tokenizer-only,2026-09-24T19:34:07.3013937+00:00,1926.7342,measurement,request-count-9250,9250,9250,9250,0,0,5,9255,412475392,528203776,36818714624,94,11,8473512,,519488,528,2,2,1,0,24626528,412475392,,36818714624,,528064512,,353988608,,50786304,,7700480,,0.0053,0.007,0.0052,0.0078,0.0503,,3,false
phase3a-formal-20260925-v2-component-tokenizer-en,191,tokenizer-only,2026-09-24T19:34:07.3075300+00:00,1932.8705,measurement,request-count-9300,9300,9300,9300,0,0,5,9305,412475392,528203776,36818714624,94,11,8597824,,519488,528,2,2,1,0,24750456,412475392,,36818714624,,528064512,,353988608,,50786304,,7700480,,0.0047,0.0066,0.005,0.0081,0.0401,,3,false
phase3a-formal-20260925-v2-component-tokenizer-en,192,tokenizer-only,2026-09-24T19:34:07.3126873+00:00,1938.0279,measurement,request-count-9350,9350,9350,9350,0,0,5,9355,412475392,528203776,36818714624,94,11,8722200,,519488,528,2,2,1,0,24874448,412475392,,36818714624,,528064512,,353988608,,50786304,,7700480,,0.0084,0.0113,0.0103,0.0151,0.0274,,3,false
phase3a-formal-20260925-v2-component-tokenizer-en,193,tokenizer-only,2026-09-24T19:34:07.3172453+00:00,1942.5858,measurement,request-count-9400,9400,9400,9400,0,0,5,9405,412475392,528203776,36818714624,94,11,8846664,,519488,528,2,2,1,0,24998528,412475392,,36818714624,,528064512,,353988608,,50786304,,7700480,,0.0055,0.0101,0.0062,0.0128,0.0942,,3,false
phase3a-formal-20260925-v2-component-tokenizer-en,194,tokenizer-only,2026-09-24T19:34:07.3222851+00:00,1947.6256,measurement,request-count-9450,9450,9450,9450,0,0,5,9455,412475392,528203776,36818714624,94,11,586856,,521040,576,3,3,1,0,25119968,412475392,,36818714624,,528064512,,353988608,,50786304,,7700480,,0.0049,0.0194,0.0064,0.0218,0.316,,3,false
phase3a-formal-20260925-v2-component-tokenizer-en,195,tokenizer-only,2026-09-24T19:34:07.3265946+00:00,1951.9352,measurement,request-count-9500,9500,9500,9500,0,0,5,9505,412479488,528203776,36818718720,94,11,707224,,521040,576,3,3,1,0,25239952,412479488,,36818718720,,528064512,,353988608,,50786304,,7704576,,0.0069,0.0099,0.0074,0.0129,0.0601,,3,false
phase3a-formal-20260925-v2-component-tokenizer-en,196,tokenizer-only,2026-09-24T19:34:07.3310431+00:00,1956.3836,measurement,request-count-9550,9550,9550,9550,0,0,5,9555,412528640,528207872,36818726912,96,11,831624,,521040,576,3,3,1,0,25363968,412528640,,36818726912,,528068608,,353992704,,50810880,,7725056,,0.005,0.0082,0.0055,0.0093,0.0646,,3,false
phase3a-formal-20260925-v2-component-tokenizer-en,197,tokenizer-only,2026-09-24T19:34:07.3358124+00:00,1961.1529,measurement,request-count-9600,9600,9600,9600,0,0,5,9605,412545024,528207872,36818731008,96,11,956144,,521040,576,3,3,1,0,25488104,412540928,,36818731008,,528068608,,353992704,,50810880,,7737344,,0.0061,0.0084,0.0066,0.0096,0.0507,,3,false
phase3a-formal-20260925-v2-component-tokenizer-en,198,tokenizer-only,2026-09-24T19:34:07.3397938+00:00,1965.1343,measurement,request-count-9650,9650,9650,9650,0,0,5,9655,412557312,528207872,36818731008,96,11,1080672,,521040,576,3,3,1,0,25612248,412557312,,36818731008,,528068608,,353992704,,50810880,,7753728,,0.0069,0.0071,0.0063,0.0076,0.0273,,3,false
phase3a-formal-20260925-v2-component-tokenizer-en,199,tokenizer-only,2026-09-24T19:34:07.3435555+00:00,1968.8961,measurement,request-count-9700,9700,9700,9700,0,0,5,9705,412569600,528207872,36818731008,96,11,1205264,,521040,576,3,3,1,0,25736456,412565504,,36818731008,,528068608,,353992704,,50810880,,7761920,,0.0063,0.0075,0.0066,0.009,0.0263,,3,false
phase3a-formal-20260925-v2-component-tokenizer-en,200,tokenizer-only,2026-09-24T19:34:07.3482557+00:00,1973.5962,measurement,request-count-9750,9750,9750,9750,0,0,5,9755,412577792,528207872,36818731008,96,11,1329856,,521040,576,3,3,1,0,25860664,412577792,,36818731008,,528068608,,353992704,,50810880,,7774208,,0.0097,0.0119,0.0101,0.0131,0.0547,,3,false
phase3a-formal-20260925-v2-component-tokenizer-en,201,tokenizer-only,2026-09-24T19:34:07.3527863+00:00,1978.1269,measurement,request-count-9800,9800,9800,9800,0,0,5,9805,412577792,528207872,36818726912,96,11,1454344,,521040,576,3,3,1,0,25984768,412577792,,36818726912,,528068608,,353992704,,50810880,,7774208,,0.0064,0.0074,0.0063,0.0081,0.0308,,3,false
phase3a-formal-20260925-v2-component-tokenizer-en,202,tokenizer-only,2026-09-24T19:34:07.3576028+00:00,1982.9433,measurement,request-count-9850,9850,9850,9850,0,0,5,9855,412663808,528207872,36818726912,96,11,1578848,,521040,576,3,3,1,0,26108888,412663808,,36818726912,,528068608,,353992704,,50876416,,7794688,,0.0057,0.0079,0.0063,0.0077,0.0435,,3,false
phase3a-formal-20260925-v2-component-tokenizer-en,203,tokenizer-only,2026-09-24T19:34:07.3623017+00:00,1987.6423,measurement,request-count-9900,9900,9900,9900,0,0,5,9905,412684288,528207872,36818731008,96,11,1703336,,521040,576,3,3,1,0,26232992,412684288,,36818731008,,528068608,,353992704,,50876416,,7815168,,0.0082,0.0112,0.0096,0.0148,0.0527,,3,false
phase3a-formal-20260925-v2-component-tokenizer-en,204,tokenizer-only,2026-09-24T19:34:07.3674500+00:00,1992.7905,measurement,request-count-9950,9950,9950,9950,0,0,5,9955,412696576,528207872,36818735104,96,11,1827872,,521040,576,3,3,1,0,26357144,412696576,,36818735104,,528068608,,353992704,,50876416,,7827456,,0.0098,0.0123,0.0103,0.0173,0.0572,,3,false
phase3a-formal-20260925-v2-component-tokenizer-en,205,tokenizer-only,2026-09-24T19:34:07.3724839+00:00,1997.8245,measurement,request-count-10000,10000,10000,10000,0,0,5,10005,412708864,528207872,36818735104,96,11,1952424,,521040,576,3,3,1,0,26481312,412708864,,36818735104,,528068608,,353992704,,50876416,,7839744,,0.009,0.0121,0.0102,0.0176,0.0504,,3,false
phase3a-formal-20260925-v2-component-tokenizer-en,206,tokenizer-only,2026-09-24T19:34:07.3813750+00:00,2006.716,idle,idle-0-seconds,10000,10000,10000,0,0,5,10005,413151232,528216064,36818739200,98,11,2098976,,521040,576,3,3,1,0,26627624,413151232,,36818739200,,528076800,,354029568,,51249152,,7872512,,,,,,,,,
phase3a-formal-20260925-v2-component-tokenizer-en,207,tokenizer-only,2026-09-24T19:34:07.4666868+00:00,2092.0281,lifecycle,post-dispose,10000,10000,10000,0,0,5,10005,365772800,480636928,36771155968,98,11,2156544,,521040,576,3,3,1,0,26685024,365772800,,36771155968,,480497664,,306581504,,51314688,,7876608,,,,,,,,,
phase3a-formal-20260925-v2-component-tokenizer-zh,0,tokenizer-only,2026-09-24T19:34:08.5625304+00:00,0.4475,lifecycle,t0-before-model-load,0,0,0,0,0,0,0,60907520,184246272,36483481600,86,11,1313056,,0,0,0,0,0,0,1308976,60866560,,36483489792,,184107008,,9564160,,45486080,,5816320,,,,,,,,,
phase3a-formal-20260925-v2-component-tokenizer-zh,1,tokenizer-only,2026-09-24T19:34:09.6925621+00:00,1130.4777,setup,t1-after-setup,0,0,0,0,0,0,0,397922304,514416640,36818505728,96,11,1460136,,0,0,0,0,0,0,1455648,397901824,,36818509824,,514277376,,340185088,,50524160,,7192576,,,,,,,,,
phase3a-formal-20260925-v2-component-tokenizer-zh,2,tokenizer-only,2026-09-24T19:34:09.6956103+00:00,1133.5255,first-operation,t2-after-first-operation,0,0,0,0,0,1,1,397975552,514482176,36818501632,96,11,1517448,,0,0,0,0,0,0,1512792,397959168,,36818501632,,514342912,,340242432,,50524160,,7192576,,,,,,,,5,false
phase3a-formal-20260925-v2-component-tokenizer-zh,3,tokenizer-only,2026-09-24T19:34:09.6970259+00:00,1134.9412,warmup,warmup-complete,0,0,0,0,0,5,5,398041088,514547712,36818501632,96,11,1575584,,0,0,0,0,0,0,1570736,398016512,,36818501632,,514408448,,340299776,,50524160,,7192576,,,,,,,,,
phase3a-formal-20260925-v2-component-tokenizer-zh,4,tokenizer-only,2026-09-24T19:34:09.6985017+00:00,1136.4172,measurement,request-count-0,0,0,0,0,0,5,5,398090240,514613248,36818501632,96,11,1632328,,0,0,0,0,0,0,1627312,398069760,,36818501632,,514408448,,340353024,,50524160,,7192576,,,,,,,,,
phase3a-formal-20260925-v2-component-tokenizer-zh,5,tokenizer-only,2026-09-24T19:34:09.7070998+00:00,1145.0153,measurement,request-count-10,10,10,10,0,0,5,15,398315520,514744320,36818501632,96,11,1779592,,0,0,0,0,0,0,1774312,398290944,,36818501632,,514605056,,340504576,,50524160,,7262208,,0.0062,0.025,0.0076,0.0835,0.1015,,5,false
phase3a-formal-20260925-v2-component-tokenizer-zh,6,tokenizer-only,2026-09-24T19:34:09.7146449+00:00,1152.5599,measurement,request-count-50,50,50,50,0,0,5,55,398434304,514875392,36818505728,96,11,1887920,,0,0,0,0,0,0,1882304,398413824,,36818505728,,514670592,,340615168,,50524160,,7274496,,0.0073,0.0106,0.0079,0.018,0.0498,,5,false
phase3a-formal-20260925-v2-component-tokenizer-zh,7,tokenizer-only,2026-09-24T19:34:09.7189177+00:00,1156.8326,measurement,request-count-100,100,100,100,0,0,5,105,398565376,515006464,36818505728,96,11,2017320,,0,0,0,0,0,0,2011320,398540800,,36818505728,,514801664,,340742144,,50524160,,7274496,,0.0082,0.0113,0.009,0.019,0.0397,,5,false
phase3a-formal-20260925-v2-component-tokenizer-zh,8,tokenizer-only,2026-09-24T19:34:09.7228348+00:00,1160.7496,measurement,request-count-150,150,150,150,0,0,5,155,398684160,515137536,36818505728,96,11,2140168,,0,0,0,0,0,0,2133784,398663680,,36818505728,,514932736,,340865024,,50524160,,7274496,,0.0081,0.0087,0.0065,0.0212,0.0327,,5,false
phase3a-formal-20260925-v2-component-tokenizer-zh,9,tokenizer-only,2026-09-24T19:34:09.7269361+00:00,1164.8509,measurement,request-count-200,200,200,200,0,0,5,205,398807040,515203072,36818505728,96,11,2263016,,0,0,0,0,0,0,2256224,398786560,,36818505728,,515063808,,340987904,,50524160,,7274496,,0.0134,0.0093,0.0066,0.014,0.0569,,5,false
phase3a-formal-20260925-v2-component-tokenizer-zh,10,tokenizer-only,2026-09-24T19:34:09.7316306+00:00,1169.5455,measurement,request-count-250,250,250,250,0,0,5,255,398934016,515334144,36818505728,96,11,2385864,,0,0,0,0,0,0,2378688,398909440,,36818505728,,515194880,,341110784,,50524160,,7274496,,0.0062,0.0085,0.006,0.0154,0.0499,,5,false
phase3a-formal-20260925-v2-component-tokenizer-zh,11,tokenizer-only,2026-09-24T19:34:09.7372799+00:00,1175.1951,measurement,request-count-300,300,300,300,0,0,5,305,399056896,515465216,36818505728,96,11,2508712,,0,0,0,0,0,0,2501152,399032320,,36818505728,,515325952,,341233664,,50524160,,7274496,,0.0047,0.013,0.0071,0.042,0.1103,,5,false
phase3a-formal-20260925-v2-component-tokenizer-zh,12,tokenizer-only,2026-09-24T19:34:09.7420690+00:00,1179.9843,measurement,request-count-350,350,350,350,0,0,5,355,399179776,515596288,36818505728,96,11,2639784,,0,0,0,0,0,0,2631816,399163392,,36818505728,,515457024,,341364736,,50524160,,7274496,,0.0054,0.0086,0.0057,0.0125,0.0672,,5,false
phase3a-formal-20260925-v2-component-tokenizer-zh,13,tokenizer-only,2026-09-24T19:34:09.7463432+00:00,1184.2582,measurement,request-count-400,400,400,400,0,0,5,405,399302656,515727360,36818505728,96,11,2762632,,0,0,0,0,0,0,2754280,399286272,,36818505728,,515588096,,341487616,,50524160,,7274496,,0.0057,0.0078,0.0057,0.0114,0.0433,,5,false
phase3a-formal-20260925-v2-component-tokenizer-zh,14,tokenizer-only,2026-09-24T19:34:09.7514745+00:00,1189.3894,measurement,request-count-450,450,450,450,0,0,5,455,399433728,515858432,36818505728,96,11,2885736,,0,0,0,0,0,0,2877000,399405056,,36818505728,,515719168,,341606400,,50524160,,7274496,,0.0044,0.0069,0.0045,0.0098,0.051,,5,false
phase3a-formal-20260925-v2-component-tokenizer-zh,15,tokenizer-only,2026-09-24T19:34:09.7558476+00:00,1193.7625,measurement,request-count-500,500,500,500,0,0,5,505,399556608,515989504,36818505728,96,11,3010016,,0,0,0,0,0,0,3000872,399532032,,36818505728,,515850240,,341733376,,50524160,,7274496,,0.011,0.0095,0.0069,0.0167,0.0438,,5,false
phase3a-formal-20260925-v2-component-tokenizer-zh,16,tokenizer-only,2026-09-24T19:34:09.7600458+00:00,1197.9607,measurement,request-count-550,550,550,550,0,0,5,555,399679488,516120576,36818505728,96,11,3131432,,0,0,0,0,0,0,3121880,399654912,,36818505728,,515915776,,341856256,,50524160,,7274496,,0.0057,0.0073,0.0054,0.0114,0.0397,,5,false
phase3a-formal-20260925-v2-component-tokenizer-zh,17,tokenizer-only,2026-09-24T19:34:09.7654899+00:00,1203.4056,measurement,request-count-600,600,600,600,0,0,5,605,399798272,516251648,36818505728,96,11,3254280,,0,0,0,0,0,0,3244344,399781888,,36818505728,,516046848,,341983232,,50524160,,7274496,,0.0061,0.0077,0.0051,0.0183,0.0451,,5,false
phase3a-formal-20260925-v2-component-tokenizer-zh,18,tokenizer-only,2026-09-24T19:34:09.7718709+00:00,1209.7861,measurement,request-count-650,650,650,650,0,0,5,655,399921152,516317184,36818505728,96,11,3385352,,0,0,0,0,0,0,3375008,399908864,,36818505728,,516177920,,342110208,,50524160,,7274496,,0.0044,0.01,0.0056,0.0153,0.1009,,5,false
phase3a-formal-20260925-v2-component-tokenizer-zh,19,tokenizer-only,2026-09-24T19:34:09.7781796+00:00,1216.0946,measurement,request-count-700,700,700,700,0,0,5,705,400052224,516448256,36818505728,96,11,3508200,,0,0,0,0,0,0,3497472,400031744,,36818505728,,516308992,,342233088,,50524160,,7274496,,0.0042,0.0114,0.0049,0.0387,0.0862,,5,false
phase3a-formal-20260925-v2-component-tokenizer-zh,20,tokenizer-only,2026-09-24T19:34:09.7861161+00:00,1224.0311,measurement,request-count-750,750,750,750,0,0,5,755,400179200,516579328,36818505728,96,11,3631048,,0,0,0,0,0,0,3619912,400154624,,36818505728,,516440064,,342355968,,50524160,,7274496,,0.0089,0.0126,0.0062,0.0455,0.067,,5,false
phase3a-formal-20260925-v2-component-tokenizer-zh,21,tokenizer-only,2026-09-24T19:34:09.7915875+00:00,1229.5025,measurement,request-count-800,800,800,800,0,0,5,805,400302080,516710400,36818505728,96,11,3753896,,0,0,0,0,0,0,3742376,400277504,,36818505728,,516571136,,342478848,,50524160,,7274496,,0.0102,0.0076,0.0055,0.0117,0.048,,5,false
phase3a-formal-20260925-v2-component-tokenizer-zh,22,tokenizer-only,2026-09-24T19:34:09.7972627+00:00,1235.1777,measurement,request-count-850,850,850,850,0,0,5,855,400424960,516841472,36818505728,96,11,3876744,,0,0,0,0,0,0,3864840,400400384,,36818505728,,516702208,,342601728,,50524160,,7274496,,0.0042,0.0075,0.0045,0.0212,0.0389,,5,false
phase3a-formal-20260925-v2-component-tokenizer-zh,23,tokenizer-only,2026-09-24T19:34:09.8030516+00:00,1240.9668,measurement,request-count-900,900,900,900,0,0,5,905,400547840,516972544,36818505728,96,11,4000560,,0,0,0,0,0,0,3988272,400531456,,36818505728,,516833280,,342732800,,50524160,,7274496,,0.0053,0.0105,0.0067,0.0154,0.0917,,5,false
phase3a-formal-20260925-v2-component-tokenizer-zh,24,tokenizer-only,2026-09-24T19:34:09.8088891+00:00,1246.8044,measurement,request-count-950,950,950,950,0,0,5,955,400670720,517103616,36818505728,96,11,4130920,,0,0,0,0,0,0,4118224,400650240,,36818505728,,516964352,,342851584,,50524160,,7274496,,0.0041,0.008,0.0056,0.0122,0.0584,,5,false
phase3a-formal-20260925-v2-component-tokenizer-zh,25,tokenizer-only,2026-09-24T19:34:09.8140230+00:00,1251.9378,measurement,request-count-1000,1000,1000,1000,0,0,5,1005,400805888,517337088,36818501632,96,11,4253272,,0,0,0,0,0,0,4240192,400777216,,36818501632,,517197824,,342982656,,50524160,,7270400,,0.0056,0.007,0.0056,0.0116,0.029,,5,false
phase3a-formal-20260925-v2-component-tokenizer-zh,26,tokenizer-only,2026-09-24T19:34:09.8184513+00:00,1256.3666,measurement,request-count-1050,1050,1050,1050,0,0,5,1055,400928768,517468160,36818501632,96,11,4376008,,0,0,0,0,0,0,4362520,400904192,,36818501632,,517263360,,343109632,,50524160,,7270400,,0.0145,0.0071,0.0057,0.0141,0.0228,,5,false
phase3a-formal-20260925-v2-component-tokenizer-zh,27,tokenizer-only,2026-09-24T19:34:09.8224262+00:00,1260.341,measurement,request-count-1100,1100,1100,1100,0,0,5,1105,401047552,517599232,36818501632,96,11,4498856,,0,0,0,0,0,0,4484984,401027072,,36818501632,,517394432,,343232512,,50524160,,7270400,,0.0052,0.0061,0.0052,0.0114,0.0191,,5,false
phase3a-formal-20260925-v2-component-tokenizer-zh,28,tokenizer-only,2026-09-24T19:34:09.8262381+00:00,1264.1529,measurement,request-count-1150,1150,1150,1150,0,0,5,1155,401170432,517664768,36818501632,96,11,4629928,,0,0,0,0,0,0,4615648,401158144,,36818501632,,517525504,,343363584,,50524160,,7270400,,0.0061,0.0068,0.0055,0.0122,0.0189,,5,false
phase3a-formal-20260925-v2-component-tokenizer-zh,29,tokenizer-only,2026-09-24T19:34:09.8304341+00:00,1268.349,measurement,request-count-1200,1200,1200,1200,0,0,5,1205,401301504,517795840,36818501632,96,11,4752776,,0,0,0,0,0,0,4738112,401281024,,36818501632,,517656576,,343486464,,50524160,,7270400,,0.0057,0.0085,0.0066,0.0131,0.0455,,5,false
phase3a-formal-20260925-v2-component-tokenizer-zh,30,tokenizer-only,2026-09-24T19:34:09.8355156+00:00,1273.4317,measurement,request-count-1250,1250,1250,1250,0,0,5,1255,401428480,517926912,36818501632,96,11,4875624,,0,0,0,0,0,0,4860552,401403904,,36818501632,,517787648,,343609344,,50524160,,7270400,,0.0095,0.0102,0.007,0.0203,0.0727,,5,false
phase3a-formal-20260925-v2-component-tokenizer-zh,31,tokenizer-only,2026-09-24T19:34:09.8401525+00:00,1278.0674,measurement,request-count-1300,1300,1300,1300,0,0,5,1305,401551360,518057984,36818501632,96,11,4998472,,0,0,0,0,0,0,4983016,401526784,,36818501632,,517918720,,343732224,,50524160,,7270400,,0.006,0.0076,0.0048,0.0144,0.0539,,5,false
phase3a-formal-20260925-v2-component-tokenizer-zh,32,tokenizer-only,2026-09-24T19:34:09.8442186+00:00,1282.1334,measurement,request-count-1350,1350,1350,1350,0,0,5,1355,401678336,518189056,36818501632,96,11,5129544,,0,0,0,0,0,0,5113680,401661952,,36818501632,,518049792,,343863296,,50524160,,7274496,,0.0047,0.0071,0.0054,0.0168,0.0237,,5,false
phase3a-formal-20260925-v2-component-tokenizer-zh,33,tokenizer-only,2026-09-24T19:34:09.8491069+00:00,1287.0218,measurement,request-count-1400,1400,1400,1400,0,0,5,1405,401801216,518320128,36818501632,96,11,5252392,,0,0,0,0,0,0,5236144,401784832,,36818501632,,518180864,,343986176,,50524160,,7274496,,0.0056,0.0074,0.0059,0.0178,0.0258,,5,false
phase3a-formal-20260925-v2-component-tokenizer-zh,34,tokenizer-only,2026-09-24T19:34:09.8545466+00:00,1292.4616,measurement,request-count-1450,1450,1450,1450,0,0,5,1455,401932288,518451200,36818501632,96,11,5375784,,0,0,0,0,0,0,5359128,401907712,,36818501632,,518311936,,344109056,,50524160,,7274496,,0.0047,0.007,0.0049,0.0104,0.0478,,5,false
phase3a-formal-20260925-v2-component-tokenizer-zh,35,tokenizer-only,2026-09-24T19:34:09.8589842+00:00,1296.8991,measurement,request-count-1500,1500,1500,1500,0,0,5,1505,402055168,518582272,36818501632,96,11,5500496,,0,0,0,0,0,0,5483432,402030592,,36818501632,,518443008,,344231936,,50524160,,7274496,,0.0066,0.0068,0.0049,0.0098,0.0453,,5,false
phase3a-formal-20260925-v2-component-tokenizer-zh,36,tokenizer-only,2026-09-24T19:34:09.8642598+00:00,1302.1747,measurement,request-count-1550,1550,1550,1550,0,0,5,1555,402178048,518713344,36818501632,96,11,5621232,,0,0,0,0,0,0,5603736,402153472,,36818501632,,518508544,,344354816,,50524160,,7274496,,0.0055,0.0072,0.0055,0.0117,0.0351,,5,false
phase3a-formal-20260925-v2-component-tokenizer-zh,37,tokenizer-only,2026-09-24T19:34:09.8706361+00:00,1308.5513,measurement,request-count-1600,1600,1600,1600,0,0,5,1605,402296832,518844416,36818501632,96,11,5752264,,0,0,0,0,0,0,5734360,402284544,,36818501632,,518639616,,344485888,,50524160,,7274496,,0.0073,0.0135,0.0087,0.0369,0.0923,,5,false
phase3a-formal-20260925-v2-component-tokenizer-zh,38,tokenizer-only,2026-09-24T19:34:09.8757359+00:00,1313.6509,measurement,request-count-1650,1650,1650,1650,0,0,5,1655,402427904,518975488,36818501632,96,11,5875112,,0,0,0,0,0,0,5856824,402407424,,36818501632,,518770688,,344608768,,50524160,,7274496,,0.0054,0.0083,0.0057,0.0161,0.0567,,5,false
phase3a-formal-20260925-v2-component-tokenizer-zh,39,tokenizer-only,2026-09-24T19:34:09.8820908+00:00,1320.0057,measurement,request-count-1700,1700,1700,1700,0,0,5,1705,402550784,519041024,36818501632,96,11,5997960,,0,0,0,0,0,0,5979264,402530304,,36818501632,,518901760,,344731648,,50524160,,7274496,,0.0105,0.0068,0.0047,0.0101,0.0456,,5,false
phase3a-formal-20260925-v2-component-tokenizer-zh,40,tokenizer-only,2026-09-24T19:34:09.8875601+00:00,1325.4751,measurement,request-count-1750,1750,1750,1750,0,0,5,1755,402677760,519172096,36818501632,96,11,6120808,,0,0,0,0,0,0,6101728,402653184,,36818501632,,519032832,,344854528,,50524160,,7274496,,0.005,0.0075,0.0047,0.0212,0.0511,,5,false
phase3a-formal-20260925-v2-component-tokenizer-zh,41,tokenizer-only,2026-09-24T19:34:09.8918184+00:00,1329.7332,measurement,request-count-1800,1800,1800,1800,0,0,5,1805,402800640,519303168,36818501632,96,11,6251880,,0,0,0,0,0,0,6232392,402784256,,36818501632,,519163904,,344985600,,50524160,,7274496,,0.0055,0.0074,0.0049,0.0145,0.0477,,5,false
phase3a-formal-20260925-v2-component-tokenizer-zh,42,tokenizer-only,2026-09-24T19:34:09.8962957+00:00,1334.2105,measurement,request-count-1850,1850,1850,1850,0,0,5,1855,402923520,519434240,36818501632,96,11,6374728,,0,0,0,0,0,0,6354856,402907136,,36818501632,,519294976,,345108480,,50524160,,7274496,,0.0055,0.0077,0.0056,0.0171,0.0318,,5,false
phase3a-formal-20260925-v2-component-tokenizer-zh,43,tokenizer-only,2026-09-24T19:34:09.9016291+00:00,1339.5441,measurement,request-count-1900,1900,1900,1900,0,0,5,1905,403054592,519565312,36818501632,96,11,6497576,,0,0,0,0,0,0,6477296,403030016,,36818501632,,519426048,,345231360,,50524160,,7274496,,0.0074,0.0182,0.0152,0.0379,0.0678,,5,false
phase3a-formal-20260925-v2-component-tokenizer-zh,44,tokenizer-only,2026-09-24T19:34:09.9077925+00:00,1345.7078,measurement,request-count-1950,1950,1950,1950,0,0,5,1955,403177472,519696384,36818501632,96,11,6622992,,0,0,0,0,0,0,6602328,403152896,,36818501632,,519557120,,345354240,,50524160,,7274496,,0.0053,0.0082,0.005,0.012,0.0724,,5,false
phase3a-formal-20260925-v2-component-tokenizer-zh,45,tokenizer-only,2026-09-24T19:34:09.9126633+00:00,1350.5781,measurement,request-count-2000,2000,2000,2000,0,0,5,2005,403300352,519827456,36818501632,96,11,6743688,,0,0,0,0,0,0,6722616,403279872,,36818501632,,519688192,,345481216,,50524160,,7274496,,0.0057,0.0077,0.0047,0.0094,0.0701,,5,false
phase3a-formal-20260925-v2-component-tokenizer-zh,46,tokenizer-only,2026-09-24T19:34:09.9180072+00:00,1355.922,measurement,request-count-2050,2050,2050,2050,0,0,5,2055,403423232,519958528,36818501632,96,11,6868352,,0,0,0,0,0,0,6846896,403402752,,36818501632,,519753728,,345604096,,50524160,,7274496,,0.0064,0.01,0.0069,0.0251,0.0411,,5,false
phase3a-formal-20260925-v2-component-tokenizer-zh,47,tokenizer-only,2026-09-24T19:34:09.9232129+00:00,1361.1278,measurement,request-count-2100,2100,2100,2100,0,0,5,2105,403554304,520089600,36818501632,96,11,6997448,,0,0,0,0,0,0,6975608,403529728,,36818501632,,519884800,,345731072,,50524160,,7274496,,0.0054,0.0074,0.0057,0.0114,0.0389,,5,false
phase3a-formal-20260925-v2-component-tokenizer-zh,48,tokenizer-only,2026-09-24T19:34:09.9270555+00:00,1364.9703,measurement,request-count-2150,2150,2150,2150,0,0,5,2155,403673088,520220672,36818501632,96,11,7120296,,0,0,0,0,0,0,7098048,403652608,,36818501632,,520015872,,345853952,,50524160,,7274496,,0.0103,0.0067,0.0055,0.0126,0.0196,,5,false
phase3a-formal-20260925-v2-component-tokenizer-zh,49,tokenizer-only,2026-09-24T19:34:09.9307687+00:00,1368.6835,measurement,request-count-2200,2200,2200,2200,0,0,5,2205,403795968,520286208,36818501632,96,11,7243144,,0,0,0,0,0,0,7220512,403775488,,36818501632,,520146944,,345976832,,50524160,,7274496,,0.0047,0.0058,0.0047,0.01,0.0206,,5,false
phase3a-formal-20260925-v2-component-tokenizer-zh,50,tokenizer-only,2026-09-24T19:34:09.9355061+00:00,1373.4213,measurement,request-count-2250,2250,2250,2250,0,0,5,2255,403922944,520417280,36818501632,96,11,7374216,,0,0,0,0,0,0,7351176,403906560,,36818501632,,520278016,,346107904,,50524160,,7274496,,0.0071,0.0138,0.0087,0.0226,0.1106,,5,false
phase3a-formal-20260925-v2-component-tokenizer-zh,51,tokenizer-only,2026-09-24T19:34:09.9407220+00:00,1378.6369,measurement,request-count-2300,2300,2300,2300,0,0,5,2305,404045824,520548352,36818501632,96,11,7497064,,0,0,0,0,0,0,7473640,404029440,,36818501632,,520409088,,346230784,,50524160,,7274496,,0.0046,0.0073,0.0049,0.0107,0.0524,,5,false
phase3a-formal-20260925-v2-component-tokenizer-zh,52,tokenizer-only,2026-09-24T19:34:09.9450331+00:00,1382.9479,measurement,request-count-2350,2350,2350,2350,0,0,5,2355,404176896,520679424,36818501632,96,11,7619912,,0,0,0,0,0,0,7596080,404152320,,36818501632,,520540160,,346353664,,50524160,,7274496,,0.0061,0.0077,0.0057,0.0144,0.0364,,5,false
phase3a-formal-20260925-v2-component-tokenizer-zh,53,tokenizer-only,2026-09-24T19:34:09.9491169+00:00,1387.0317,measurement,request-count-2400,2400,2400,2400,0,0,5,2405,404299776,520810496,36818501632,96,11,7742760,,0,0,0,0,0,0,7718544,404275200,,36818501632,,520671232,,346476544,,50524160,,7274496,,0.0063,0.0074,0.0057,0.0128,0.0319,,5,false
phase3a-formal-20260925-v2-component-tokenizer-zh,54,tokenizer-only,2026-09-24T19:34:09.9535137+00:00,1391.4285,measurement,request-count-2450,2450,2450,2450,0,0,5,2455,404426752,520941568,36818501632,96,11,7870008,,0,0,0,0,0,0,7845408,404402176,,36818501632,,520802304,,346603520,,50524160,,7274496,,0.0057,0.0099,0.0057,0.0246,0.0821,,5,false
phase3a-formal-20260925-v2-component-tokenizer-zh,55,tokenizer-only,2026-09-24T19:34:09.9576102+00:00,1395.525,measurement,request-count-2500,2500,2500,2500,0,0,5,2505,404545536,521072640,36818501632,96,11,7990712,,0,0,0,0,0,0,7965728,404525056,,36818501632,,520933376,,346726400,,50524160,,7274496,,0.0047,0.0063,0.0047,0.0105,0.0323,,5,false
phase3a-formal-20260925-v2-component-tokenizer-zh,56,tokenizer-only,2026-09-24T19:34:09.9615418+00:00,1399.4567,measurement,request-count-2550,2550,2550,2550,0,0,5,2555,404676608,521203712,36818501632,96,11,8119784,,0,0,0,0,0,0,8094416,404647936,,36818501632,,520998912,,346849280,,50524160,,7274496,,0.0061,0.0064,0.0054,0.0106,0.0261,,5,false
phase3a-formal-20260925-v2-component-tokenizer-zh,57,tokenizer-only,2026-09-24T19:34:09.9657988+00:00,1403.7136,measurement,request-count-2600,2600,2600,2600,0,0,5,2605,404799488,521334784,36818501632,96,11,8242632,,0,0,0,0,0,0,8216856,404774912,,36818501632,,521129984,,346976256,,50524160,,7274496,,0.0184,0.0083,0.0059,0.0164,0.0485,,5,false
phase3a-formal-20260925-v2-component-tokenizer-zh,58,tokenizer-only,2026-09-24T19:34:09.9710999+00:00,1409.0152,measurement,request-count-2650,2650,2650,2650,0,0,5,2655,404922368,521461760,36818501632,96,11,8365480,,0,0,0,0,0,0,8339320,404901888,,36818501632,,521261056,,347103232,,50524160,,7274496,,0.0069,0.0103,0.0067,0.0181,0.078,,5,false
phase3a-formal-20260925-v2-component-tokenizer-zh,59,tokenizer-only,2026-09-24T19:34:09.9774385+00:00,1415.3538,measurement,request-count-2700,2700,2700,2700,0,0,5,2705,405680128,522006528,36818501632,95,11,633720,,531688,5256,1,1,0,0,8453320,405671936,,36818501632,,521867264,,347803648,,50589696,,7278592,,0.0061,0.0099,0.0068,0.0248,0.0571,,5,false
phase3a-formal-20260925-v2-component-tokenizer-zh,60,tokenizer-only,2026-09-24T19:34:09.9827158+00:00,1420.6308,measurement,request-count-2750,2750,2750,2750,0,0,5,2755,405708800,522006528,36818497536,94,11,752568,,531688,5256,1,1,0,0,8571784,405708800,,36818497536,,521867264,,347811840,,50589696,,7307264,,0.0057,0.0073,0.0057,0.0086,0.0405,,5,false
phase3a-formal-20260925-v2-component-tokenizer-zh,61,tokenizer-only,2026-09-24T19:34:09.9879670+00:00,1425.882,measurement,request-count-2800,2800,2800,2800,0,0,5,2805,405708800,522006528,36818497536,94,11,877264,,531688,5256,1,1,0,0,8696096,405708800,,36818497536,,521867264,,347811840,,50589696,,7307264,,0.0053,0.0066,0.0055,0.0087,0.0311,,5,false
phase3a-formal-20260925-v2-component-tokenizer-zh,62,tokenizer-only,2026-09-24T19:34:09.9936819+00:00,1431.5968,measurement,request-count-2850,2850,2850,2850,0,0,5,2855,405708800,522006528,36818497536,94,11,1001976,,531688,5256,1,1,0,0,8820424,405708800,,36818497536,,521867264,,347811840,,50589696,,7307264,,0.0056,0.008,0.0061,0.0088,0.053,,5,false
phase3a-formal-20260925-v2-component-tokenizer-zh,63,tokenizer-only,2026-09-24T19:34:09.9990641+00:00,1436.9789,measurement,request-count-2900,2900,2900,2900,0,0,5,2905,405708800,522006528,36818497536,94,11,1126576,,531688,5256,1,1,0,0,8944640,405708800,,36818497536,,521867264,,347811840,,50589696,,7307264,,0.0059,0.0091,0.007,0.0152,0.0445,,5,false
phase3a-formal-20260925-v2-component-tokenizer-zh,64,tokenizer-only,2026-09-24T19:34:10.0056105+00:00,1443.5256,measurement,request-count-2950,2950,2950,2950,0,0,5,2955,405716992,522006528,36818497536,94,11,1251200,,531688,5256,1,1,0,0,9068880,405716992,,36818497536,,521867264,,347820032,,50589696,,7307264,,0.0071,0.0091,0.0063,0.0092,0.0743,,5,false
phase3a-formal-20260925-v2-component-tokenizer-zh,65,tokenizer-only,2026-09-24T19:34:10.0112565+00:00,1449.1716,measurement,request-count-3000,3000,3000,3000,0,0,5,3005,405716992,522006528,36818497536,94,11,1375880,,531688,5256,1,1,0,0,9193176,405716992,,36818497536,,521867264,,347820032,,50589696,,7307264,,0.0041,0.0067,0.0046,0.007,0.0579,,5,false
phase3a-formal-20260925-v2-component-tokenizer-zh,66,tokenizer-only,2026-09-24T19:34:10.0163261+00:00,1454.2412,measurement,request-count-3050,3050,3050,3050,0,0,5,3055,405716992,522006528,36818497536,94,11,1500520,,531688,5256,1,1,0,0,9317432,405716992,,36818497536,,521867264,,347820032,,50589696,,7307264,,0.008,0.0078,0.0056,0.0144,0.0416,,5,false
phase3a-formal-20260925-v2-component-tokenizer-zh,67,tokenizer-only,2026-09-24T19:34:10.0207939+00:00,1458.709,measurement,request-count-3100,3100,3100,3100,0,0,5,3105,405716992,522006528,36818497536,94,11,1625112,,531688,5256,1,1,0,0,9441640,405716992,,36818497536,,521867264,,347820032,,50589696,,7307264,,0.0117,0.0069,0.0049,0.0094,0.0524,,5,false
phase3a-formal-20260925-v2-component-tokenizer-zh,68,tokenizer-only,2026-09-24T19:34:10.0249524+00:00,1462.8675,measurement,request-count-3150,3150,3150,3150,0,0,5,3155,405716992,522006528,36818497536,94,11,1749760,,531688,5256,1,1,0,0,9565904,405716992,,36818497536,,521867264,,347820032,,50589696,,7307264,,0.0072,0.0077,0.0059,0.0103,0.0384,,5,false
phase3a-formal-20260925-v2-component-tokenizer-zh,69,tokenizer-only,2026-09-24T19:34:10.0295571+00:00,1467.4721,measurement,request-count-3200,3200,3200,3200,0,0,5,3205,405721088,522006528,36818497536,94,11,1874376,,531688,5256,1,1,0,0,9690136,405721088,,36818497536,,521867264,,347824128,,50589696,,7307264,,0.0044,0.009,0.0071,0.0102,0.0549,,5,false
phase3a-formal-20260925-v2-component-tokenizer-zh,70,tokenizer-only,2026-09-24T19:34:10.0339992+00:00,1471.914,measurement,request-count-3250,3250,3250,3250,0,0,5,3255,405721088,522006528,36818497536,94,11,1999064,,531688,5256,1,1,0,0,9814440,405721088,,36818497536,,521867264,,347824128,,50589696,,7307264,,0.0043,0.0063,0.0046,0.0056,0.0467,,5,false
phase3a-formal-20260925-v2-component-tokenizer-zh,71,tokenizer-only,2026-09-24T19:34:10.0379457+00:00,1475.8605,measurement,request-count-3300,3300,3300,3300,0,0,5,3305,405721088,522006528,36818497536,94,11,2123728,,531688,5256,1,1,0,0,9938720,405721088,,36818497536,,521867264,,347824128,,50589696,,7307264,,0.0043,0.0054,0.0043,0.0067,0.028,,5,false
phase3a-formal-20260925-v2-component-tokenizer-zh,72,tokenizer-only,2026-09-24T19:34:10.0421680+00:00,1480.0828,measurement,request-count-3350,3350,3350,3350,0,0,5,3355,405721088,522006528,36818497536,94,11,2248352,,531688,5256,1,1,0,0,10062960,405721088,,36818497536,,521867264,,347824128,,50589696,,7307264,,0.0216,0.0079,0.0065,0.0126,0.0286,,5,false
phase3a-formal-20260925-v2-component-tokenizer-zh,73,tokenizer-only,2026-09-24T19:34:10.0488913+00:00,1486.8067,measurement,request-count-3400,3400,3400,3400,0,0,5,3405,405721088,522006528,36818497536,94,11,2372968,,531688,5256,1,1,0,0,10187192,405721088,,36818497536,,521867264,,347824128,,50589696,,7307264,,0.007,0.0108,0.0088,0.0116,0.0588,,5,false
phase3a-formal-20260925-v2-component-tokenizer-zh,74,tokenizer-only,2026-09-24T19:34:10.0545095+00:00,1492.4244,measurement,request-count-3450,3450,3450,3450,0,0,5,3455,405721088,522006528,36818497536,94,11,2497624,,531688,5256,1,1,0,0,10311464,405721088,,36818497536,,521867264,,347824128,,50589696,,7307264,,0.0082,0.0101,0.0089,0.0129,0.0355,,5,false
phase3a-formal-20260925-v2-component-tokenizer-zh,75,tokenizer-only,2026-09-24T19:34:10.0600951+00:00,1498.0104,measurement,request-count-3500,3500,3500,3500,0,0,5,3505,405721088,522006528,36818497536,94,11,2622224,,531688,5256,1,1,0,0,10435680,405721088,,36818497536,,521867264,,347824128,,50589696,,7307264,,0.0083,0.0094,0.0072,0.012,0.0579,,5,false
phase3a-formal-20260925-v2-component-tokenizer-zh,76,tokenizer-only,2026-09-24T19:34:10.0664426+00:00,1504.358,measurement,request-count-3550,3550,3550,3550,0,0,5,3555,405721088,522006528,36818497536,94,11,2746912,,531688,5256,1,1,0,0,10559984,405721088,,36818497536,,521867264,,347824128,,50589696,,7307264,,0.0083,0.0086,0.0062,0.0147,0.0569,,5,false
phase3a-formal-20260925-v2-component-tokenizer-zh,77,tokenizer-only,2026-09-24T19:34:10.0730583+00:00,1510.9736,measurement,request-count-3600,3600,3600,3600,0,0,5,3605,405721088,522006528,36818497536,94,11,2871528,,531688,5256,1,1,0,0,10684216,405721088,,36818497536,,521867264,,347824128,,50589696,,7307264,,0.0047,0.008,0.0057,0.0124,0.0612,,5,false
phase3a-formal-20260925-v2-component-tokenizer-zh,78,tokenizer-only,2026-09-24T19:34:10.0787055+00:00,1516.6206,measurement,request-count-3650,3650,3650,3650,0,0,5,3655,405721088,522006528,36818497536,94,11,2996200,,531688,5256,1,1,0,0,10808504,405721088,,36818497536,,521867264,,347824128,,50589696,,7307264,,0.0057,0.0073,0.0056,0.0078,0.0476,,5,false
phase3a-formal-20260925-v2-component-tokenizer-zh,79,tokenizer-only,2026-09-24T19:34:10.0840174+00:00,1521.9322,measurement,request-count-3700,3700,3700,3700,0,0,5,3705,405803008,522088448,36818497536,94,11,3120832,,531688,5256,1,1,0,0,10932752,405778432,,36818497536,,521932800,,347873280,,50589696,,7315456,,0.0043,0.009,0.006,0.0151,0.0722,,5,false
phase3a-formal-20260925-v2-component-tokenizer-zh,80,tokenizer-only,2026-09-24T19:34:10.0908361+00:00,1528.7509,measurement,request-count-3750,3750,3750,3750,0,0,5,3755,405893120,522125312,36818505728,94,11,3253744,,531688,5256,1,1,0,0,11065280,405893120,,36818505728,,521986048,,347942912,,50589696,,7360512,,0.0046,0.0076,0.0055,0.0069,0.0572,,5,false
phase3a-formal-20260925-v2-component-tokenizer-zh,81,tokenizer-only,2026-09-24T19:34:10.0961996+00:00,1534.1144,measurement,request-count-3800,3800,3800,3800,0,0,5,3805,405893120,522125312,36818505728,94,11,3378408,,531688,5256,1,1,0,0,11189560,405893120,,36818505728,,521986048,,347942912,,50589696,,7360512,,0.006,0.007,0.0057,0.0086,0.0346,,5,false
phase3a-formal-20260925-v2-component-tokenizer-zh,82,tokenizer-only,2026-09-24T19:34:10.1021583+00:00,1540.0731,measurement,request-count-3850,3850,3850,3850,0,0,5,3855,405893120,522125312,36818505728,94,11,3503072,,531688,5256,1,1,0,0,11313840,405893120,,36818505728,,521986048,,347942912,,50589696,,7360512,,0.0065,0.0112,0.0074,0.0152,0.0796,,5,false
phase3a-formal-20260925-v2-component-tokenizer-zh,83,tokenizer-only,2026-09-24T19:34:10.1083852+00:00,1546.3,measurement,request-count-3900,3900,3900,3900,0,0,5,3905,405893120,522125312,36818505728,94,11,3627688,,531688,5256,1,1,0,0,11438072,405893120,,36818505728,,521986048,,347942912,,50589696,,7360512,,0.0057,0.0084,0.0062,0.0089,0.0579,,5,false
phase3a-formal-20260925-v2-component-tokenizer-zh,84,tokenizer-only,2026-09-24T19:34:10.1143255+00:00,1552.2403,measurement,request-count-3950,3950,3950,3950,0,0,5,3955,405893120,522125312,36818505728,94,11,3752384,,531688,5256,1,1,0,0,11562384,405893120,,36818505728,,521986048,,347942912,,50589696,,7360512,,0.0056,0.008,0.0059,0.0098,0.0544,,5,false
phase3a-formal-20260925-v2-component-tokenizer-zh,85,tokenizer-only,2026-09-24T19:34:10.1187365+00:00,1556.6513,measurement,request-count-4000,4000,4000,4000,0,0,5,4005,405893120,522125312,36818505728,94,11,3877088,,531688,5256,1,1,0,0,11686704,405893120,,36818505728,,521986048,,347942912,,50589696,,7360512,,0.0053,0.0073,0.0057,0.0092,0.0422,,5,false
phase3a-formal-20260925-v2-component-tokenizer-zh,86,tokenizer-only,2026-09-24T19:34:10.1230873+00:00,1561.0021,measurement,request-count-4050,4050,4050,4050,0,0,5,4055,405893120,522125312,36818505728,94,11,4001752,,531688,5256,1,1,0,0,11810984,405893120,,36818505728,,521986048,,347942912,,50589696,,7360512,,0.0081,0.0089,0.0063,0.0119,0.0704,,5,false
phase3a-formal-20260925-v2-component-tokenizer-zh,87,tokenizer-only,2026-09-24T19:34:10.1270638+00:00,1564.9785,measurement,request-count-4100,4100,4100,4100,0,0,5,4105,405893120,522125312,36818505728,94,11,4126416,,531688,5256,1,1,0,0,11935264,405893120,,36818505728,,521986048,,347942912,,50589696,,7360512,,0.0052,0.006,0.005,0.0088,0.027,,5,false
phase3a-formal-20260925-v2-component-tokenizer-zh,88,tokenizer-only,2026-09-24T19:34:10.1312550+00:00,1569.1697,measurement,request-count-4150,4150,4150,4150,0,0,5,4155,405893120,522125312,36818505728,94,11,4251056,,531688,5256,1,1,0,0,12059520,405893120,,36818505728,,521986048,,347942912,,50589696,,7360512,,0.0077,0.0082,0.0074,0.009,0.0251,,5,false
phase3a-formal-20260925-v2-component-tokenizer-zh,89,tokenizer-only,2026-09-24T19:34:10.1355569+00:00,1573.4716,measurement,request-count-4200,4200,4200,4200,0,0,5,4205,405893120,522125312,36818505728,94,11,4375696,,531688,5256,1,1,0,0,12183776,405893120,,36818505728,,521986048,,347942912,,50589696,,7360512,,0.0047,0.0075,0.0049,0.0087,0.0653,,5,false
phase3a-formal-20260925-v2-component-tokenizer-zh,90,tokenizer-only,2026-09-24T19:34:10.1397139+00:00,1577.6286,measurement,request-count-4250,4250,4250,4250,0,0,5,4255,405893120,522125312,36818505728,94,11,4500344,,531688,5256,1,1,0,0,12308040,405893120,,36818505728,,521986048,,347942912,,50589696,,7360512,,0.0046,0.007,0.005,0.0068,0.0539,,5,false
phase3a-formal-20260925-v2-component-tokenizer-zh,91,tokenizer-only,2026-09-24T19:34:10.1435832+00:00,1581.4979,measurement,request-count-4300,4300,4300,4300,0,0,5,4305,405893120,522125312,36818505728,94,11,4625008,,531688,5256,1,1,0,0,12432320,405893120,,36818505728,,521986048,,347942912,,50589696,,7360512,,0.0046,0.0052,0.0047,0.0057,0.0167,,5,false
phase3a-formal-20260925-v2-component-tokenizer-zh,92,tokenizer-only,2026-09-24T19:34:10.1474659+00:00,1585.3807,measurement,request-count-4350,4350,4350,4350,0,0,5,4355,405893120,522125312,36818505728,94,11,4753288,,531688,5256,1,1,0,0,12560216,405893120,,36818505728,,521986048,,347942912,,50589696,,7360512,,0.0055,0.007,0.0057,0.0085,0.0331,,5,false
phase3a-formal-20260925-v2-component-tokenizer-zh,93,tokenizer-only,2026-09-24T19:34:10.1518203+00:00,1589.7351,measurement,request-count-4400,4400,4400,4400,0,0,5,4405,405893120,522125312,36818505728,94,11,4874328,,531688,5256,1,1,0,0,12680872,405893120,,36818505728,,521986048,,347942912,,50589696,,7360512,,0.006,0.0075,0.0059,0.0093,0.0461,,5,false
phase3a-formal-20260925-v2-component-tokenizer-zh,94,tokenizer-only,2026-09-24T19:34:10.1562977+00:00,1594.2125,measurement,request-count-4450,4450,4450,4450,0,0,5,4455,405893120,522125312,36818505728,94,11,4999016,,531688,5256,1,1,0,0,12805176,405893120,,36818505728,,521986048,,347942912,,50589696,,7360512,,0.0055,0.007,0.0057,0.0067,0.0368,,5,false
phase3a-formal-20260925-v2-component-tokenizer-zh,95,tokenizer-only,2026-09-24T19:34:10.1601841+00:00,1598.0988,measurement,request-count-4500,4500,4500,4500,0,0,5,4505,405893120,522125312,36818505728,94,11,5123720,,531688,5256,1,1,0,0,12929496,405893120,,36818505728,,521986048,,347942912,,50589696,,7360512,,0.0045,0.0073,0.0047,0.0185,0.0361,,5,false
phase3a-formal-20260925-v2-component-tokenizer-zh,96,tokenizer-only,2026-09-24T19:34:10.1641750+00:00,1602.0898,measurement,request-count-4550,4550,4550,4550,0,0,5,4555,405893120,522125312,36818505728,94,11,5248336,,531688,5256,1,1,0,0,13053728,405893120,,36818505728,,521986048,,347942912,,50589696,,7360512,,0.0077,0.0077,0.0071,0.0085,0.0309,,5,false
phase3a-formal-20260925-v2-component-tokenizer-zh,97,tokenizer-only,2026-09-24T19:34:10.1686531+00:00,1606.5679,measurement,request-count-4600,4600,4600,4600,0,0,5,4605,405893120,522125312,36818505728,94,11,5373016,,531688,5256,1,1,0,0,13178024,405893120,,36818505728,,521986048,,347942912,,50589696,,7360512,,0.0044,0.0073,0.0047,0.0142,0.0605,,5,false
phase3a-formal-20260925-v2-component-tokenizer-zh,98,tokenizer-only,2026-09-24T19:34:10.1733771+00:00,1611.2919,measurement,request-count-4650,4650,4650,4650,0,0,5,4655,405893120,522125312,36818505728,94,11,5497648,,531688,5256,1,1,0,0,13302272,405893120,,36818505728,,521986048,,347942912,,50589696,,7360512,,0.0062,0.0088,0.0062,0.0108,0.0648,,5,false
phase3a-formal-20260925-v2-component-tokenizer-zh,99,tokenizer-only,2026-09-24T19:34:10.1775047+00:00,1615.4195,measurement,request-count-4700,4700,4700,4700,0,0,5,4705,405893120,522125312,36818505728,94,11,5622328,,531688,5256,1,1,0,0,13426568,405893120,,36818505728,,521986048,,347942912,,50589696,,7360512,,0.0057,0.0061,0.0052,0.0074,0.0306,,5,false
phase3a-formal-20260925-v2-component-tokenizer-zh,100,tokenizer-only,2026-09-24T19:34:10.1815601+00:00,1619.4749,measurement,request-count-4750,4750,4750,4750,0,0,5,4755,405893120,522125312,36818505728,94,11,5746976,,531688,5256,1,1,0,0,13550832,405893120,,36818505728,,521986048,,347942912,,50589696,,7360512,,0.0062,0.0075,0.0059,0.0095,0.0429,,5,false
phase3a-formal-20260925-v2-component-tokenizer-zh,101,tokenizer-only,2026-09-24T19:34:10.1852686+00:00,1623.1833,measurement,request-count-4800,4800,4800,4800,0,0,5,4805,405893120,522125312,36818505728,94,11,5871632,,531688,5256,1,1,0,0,13675104,405893120,,36818505728,,521986048,,347942912,,50589696,,7360512,,0.0045,0.0054,0.0046,0.0066,0.0233,,5,false
phase3a-formal-20260925-v2-component-tokenizer-zh,102,tokenizer-only,2026-09-24T19:34:10.1888508+00:00,1626.7655,measurement,request-count-4850,4850,4850,4850,0,0,5,4855,405893120,522125312,36818505728,94,11,5996352,,531688,5256,1,1,0,0,13799440,405893120,,36818505728,,521986048,,347942912,,50589696,,7360512,,0.0054,0.0061,0.0056,0.0066,0.0178,,5,false
phase3a-formal-20260925-v2-component-tokenizer-zh,103,tokenizer-only,2026-09-24T19:34:10.1924396+00:00,1630.3543,measurement,request-count-4900,4900,4900,4900,0,0,5,4905,405893120,522125312,36818505728,94,11,6121040,,531688,5256,1,1,0,0,13923744,405893120,,36818505728,,521986048,,347942912,,50589696,,7360512,,0.0054,0.0068,0.0057,0.0089,0.0298,,5,false
phase3a-formal-20260925-v2-component-tokenizer-zh,104,tokenizer-only,2026-09-24T19:34:10.1962951+00:00,1634.2098,measurement,request-count-4950,4950,4950,4950,0,0,5,4955,405893120,522125312,36818505728,94,11,6245680,,531688,5256,1,1,0,0,14048000,405893120,,36818505728,,521986048,,347942912,,50589696,,7360512,,0.0068,0.0079,0.0067,0.0121,0.0317,,5,false
phase3a-formal-20260925-v2-component-tokenizer-zh,105,tokenizer-only,2026-09-24T19:34:10.2011866+00:00,1639.1014,measurement,request-count-5000,5000,5000,5000,0,0,5,5005,405893120,522125312,36818505728,94,11,6370336,,531688,5256,1,1,0,0,14172272,405893120,,36818505728,,521986048,,347942912,,50589696,,7360512,,0.0164,0.0166,0.0119,0.0324,0.0964,,5,false
phase3a-formal-20260925-v2-component-tokenizer-zh,106,tokenizer-only,2026-09-24T19:34:10.2071911+00:00,1645.1058,measurement,request-count-5050,5050,5050,5050,0,0,5,5055,405893120,522125312,36818505728,94,11,6495024,,531688,5256,1,1,0,0,14296576,405893120,,36818505728,,521986048,,347942912,,50589696,,7360512,,0.0064,0.0075,0.0052,0.0066,0.0608,,5,false
phase3a-formal-20260925-v2-component-tokenizer-zh,107,tokenizer-only,2026-09-24T19:34:10.2131090+00:00,1651.0237,measurement,request-count-5100,5100,5100,5100,0,0,5,5105,405893120,522125312,36818505728,94,11,6619712,,531688,5256,1,1,0,0,14420880,405893120,,36818505728,,521986048,,347942912,,50589696,,7360512,,0.0076,0.0128,0.0083,0.0119,0.1207,,5,false
phase3a-formal-20260925-v2-component-tokenizer-zh,108,tokenizer-only,2026-09-24T19:34:10.2191995+00:00,1657.1142,measurement,request-count-5150,5150,5150,5150,0,0,5,5155,405893120,522125312,36818505728,94,11,6744368,,531688,5256,1,1,0,0,14545152,405893120,,36818505728,,521986048,,347942912,,50589696,,7360512,,0.0066,0.0076,0.0059,0.0073,0.0473,,5,false
phase3a-formal-20260925-v2-component-tokenizer-zh,109,tokenizer-only,2026-09-24T19:34:10.2234822+00:00,1661.397,measurement,request-count-5200,5200,5200,5200,0,0,5,5205,405893120,522125312,36818505728,94,11,6868992,,531688,5256,1,1,0,0,14669392,405893120,,36818505728,,521986048,,347942912,,50589696,,7360512,,0.0043,0.0061,0.0047,0.0058,0.0395,,5,false
phase3a-formal-20260925-v2-component-tokenizer-zh,110,tokenizer-only,2026-09-24T19:34:10.2272974+00:00,1665.2121,measurement,request-count-5250,5250,5250,5250,0,0,5,5255,405893120,522125312,36818505728,94,11,6993672,,531688,5256,1,1,0,0,14793688,405893120,,36818505728,,521986048,,347942912,,50589696,,7360512,,0.0055,0.0063,0.0056,0.0073,0.0201,,5,false
phase3a-formal-20260925-v2-component-tokenizer-zh,111,tokenizer-only,2026-09-24T19:34:10.2310201+00:00,1668.9348,measurement,request-count-5300,5300,5300,5300,0,0,5,5305,405893120,522125312,36818505728,94,11,7118376,,531688,5256,1,1,0,0,14918008,405893120,,36818505728,,521986048,,347942912,,50589696,,7360512,,0.0057,0.0063,0.0057,0.0074,0.0223,,5,false
phase3a-formal-20260925-v2-component-tokenizer-zh,112,tokenizer-only,2026-09-24T19:34:10.2355936+00:00,1673.5083,measurement,request-count-5350,5350,5350,5350,0,0,5,5355,405893120,522125312,36818505728,94,11,7243032,,531688,5256,1,1,0,0,15042280,405893120,,36818505728,,521986048,,347942912,,50589696,,7360512,,0.0084,0.0114,0.0088,0.0179,0.0704,,5,false
phase3a-formal-20260925-v2-component-tokenizer-zh,113,tokenizer-only,2026-09-24T19:34:10.2400599+00:00,1677.9747,measurement,request-count-5400,5400,5400,5400,0,0,5,5405,405893120,522125312,36818505728,94,11,7367688,,531688,5256,1,1,0,0,15166552,405893120,,36818505728,,521986048,,347942912,,50589696,,7360512,,0.0045,0.0064,0.0047,0.0078,0.0438,,5,false
phase3a-formal-20260925-v2-component-tokenizer-zh,114,tokenizer-only,2026-09-24T19:34:10.2441857+00:00,1682.1005,measurement,request-count-5450,5450,5450,5450,0,0,5,5455,405893120,522125312,36818505728,94,11,7492376,,531688,5256,1,1,0,0,15290856,405893120,,36818505728,,521986048,,347942912,,50589696,,7360512,,0.0057,0.0081,0.0056,0.0068,0.0688,,5,false
phase3a-formal-20260925-v2-component-tokenizer-zh,115,tokenizer-only,2026-09-24T19:34:10.2490642+00:00,1686.9789,measurement,request-count-5500,5500,5500,5500,0,0,5,5505,405893120,522125312,36818505728,94,11,7616984,,531688,5256,1,1,0,0,15415080,405893120,,36818505728,,521986048,,347942912,,50589696,,7360512,,0.005,0.0058,0.0049,0.0076,0.0205,,5,false
phase3a-formal-20260925-v2-component-tokenizer-zh,116,tokenizer-only,2026-09-24T19:34:10.2540658+00:00,1691.9806,measurement,request-count-5550,5550,5550,5550,0,0,5,5555,405893120,522125312,36818505728,94,11,7741688,,531688,5256,1,1,0,0,15539400,405893120,,36818505728,,521986048,,347942912,,50589696,,7360512,,0.0051,0.0062,0.0047,0.0068,0.0415,,5,false
phase3a-formal-20260925-v2-component-tokenizer-zh,117,tokenizer-only,2026-09-24T19:34:10.2594411+00:00,1697.3559,measurement,request-count-5600,5600,5600,5600,0,0,5,5605,405893120,522125312,36818505728,94,11,7866344,,531688,5256,1,1,0,0,15663672,405893120,,36818505728,,521986048,,347942912,,50589696,,7360512,,0.0064,0.0083,0.0062,0.0162,0.0424,,5,false
phase3a-formal-20260925-v2-component-tokenizer-zh,118,tokenizer-only,2026-09-24T19:34:10.2656487+00:00,1703.5637,measurement,request-count-5650,5650,5650,5650,0,0,5,5655,405893120,522125312,36818505728,94,11,7990952,,531688,5256,1,1,0,0,15787896,405893120,,36818505728,,521986048,,347942912,,50589696,,7360512,,0.0181,0.0098,0.0063,0.0123,0.0804,,5,false
phase3a-formal-20260925-v2-component-tokenizer-zh,119,tokenizer-only,2026-09-24T19:34:10.2723974+00:00,1710.3123,measurement,request-count-5700,5700,5700,5700,0,0,5,5705,405893120,522125312,36818505728,94,11,8115592,,531688,5256,1,1,0,0,15912152,405893120,,36818505728,,521986048,,347942912,,50589696,,7360512,,0.005,0.0075,0.0055,0.0094,0.0516,,5,false
phase3a-formal-20260925-v2-component-tokenizer-zh,120,tokenizer-only,2026-09-24T19:34:10.2786877+00:00,1716.6025,measurement,request-count-5750,5750,5750,5750,0,0,5,5755,405893120,522125312,36818505728,94,11,8240280,,531688,5256,1,1,0,0,16036456,405893120,,36818505728,,521986048,,347942912,,50589696,,7360512,,0.0053,0.0083,0.0057,0.0112,0.059,,5,false
phase3a-formal-20260925-v2-component-tokenizer-zh,121,tokenizer-only,2026-09-24T19:34:10.2829531+00:00,1720.8679,measurement,request-count-5800,5800,5800,5800,0,0,5,5805,405893120,522125312,36818505728,94,11,8364888,,531688,5256,1,1,0,0,16160680,405893120,,36818505728,,521986048,,347942912,,50589696,,7360512,,0.0047,0.0066,0.0049,0.0058,0.0498,,5,false
phase3a-formal-20260925-v2-component-tokenizer-zh,122,tokenizer-only,2026-09-24T19:34:10.2872335+00:00,1725.1483,measurement,request-count-5850,5850,5850,5850,0,0,5,5855,405893120,522125312,36818505728,94,11,8489528,,531688,5256,1,1,0,0,16284936,405893120,,36818505728,,521986048,,347942912,,50589696,,7360512,,0.0045,0.0086,0.0048,0.0286,0.0652,,5,false
phase3a-formal-20260925-v2-component-tokenizer-zh,123,tokenizer-only,2026-09-24T19:34:10.2926471+00:00,1730.5619,measurement,request-count-5900,5900,5900,5900,0,0,5,5905,405897216,522125312,36818505728,94,11,8614152,,531688,5256,1,1,0,0,16409176,405897216,,36818505728,,521986048,,347942912,,50589696,,7364608,,0.0069,0.0107,0.0092,0.0151,0.0424,,5,false
phase3a-formal-20260925-v2-component-tokenizer-zh,124,tokenizer-only,2026-09-24T19:34:10.2980622+00:00,1735.9772,measurement,request-count-5950,5950,5950,5950,0,0,5,5955,405901312,522125312,36818505728,94,11,8738856,,531688,5256,1,1,0,0,16533496,405901312,,36818505728,,521986048,,347942912,,50589696,,7368704,,0.0055,0.0071,0.0057,0.008,0.0381,,5,false
phase3a-formal-20260925-v2-component-tokenizer-zh,125,tokenizer-only,2026-09-24T19:34:10.3034038+00:00,1741.3186,measurement,request-count-6000,6000,6000,6000,0,0,5,6005,405929984,522125312,36818505728,94,11,8863480,,531688,5256,1,1,0,0,16657736,405929984,,36818505728,,521986048,,347942912,,50589696,,7397376,,0.0067,0.008,0.0056,0.0094,0.061,,5,false
phase3a-formal-20260925-v2-component-tokenizer-zh,126,tokenizer-only,2026-09-24T19:34:10.3108788+00:00,1748.7936,measurement,request-count-6050,6050,6050,6050,0,0,5,6055,406499328,522702848,36818505728,94,11,606136,,522576,528,2,2,1,0,16784216,406499328,,36818505728,,522563584,,348479488,,50589696,,7430144,,0.016,0.035,0.0091,0.0206,0.6516,,5,false
phase3a-formal-20260925-v2-component-tokenizer-zh,127,tokenizer-only,2026-09-24T19:34:10.3160052+00:00,1753.92,measurement,request-count-6100,6100,6100,6100,0,0,5,6105,406499328,522702848,36818505728,94,11,726760,,522576,528,2,2,1,0,16904456,406499328,,36818505728,,522563584,,348479488,,50589696,,7430144,,0.0045,0.0061,0.0047,0.0072,0.0372,,5,false
phase3a-formal-20260925-v2-component-tokenizer-zh,128,tokenizer-only,2026-09-24T19:34:10.3214455+00:00,1759.3603,measurement,request-count-6150,6150,6150,6150,0,0,5,6155,406499328,522702848,36818505728,94,11,851408,,522576,528,2,2,1,0,17028720,406499328,,36818505728,,522563584,,348479488,,50589696,,7430144,,0.0069,0.0105,0.0075,0.0141,0.0762,,5,false
phase3a-formal-20260925-v2-component-tokenizer-zh,129,tokenizer-only,2026-09-24T19:34:10.3267004+00:00,1764.6152,measurement,request-count-6200,6200,6200,6200,0,0,5,6205,406499328,522702848,36818505728,94,11,976104,,522576,528,2,2,1,0,17153032,406499328,,36818505728,,522563584,,348479488,,50589696,,7430144,,0.0056,0.0071,0.0057,0.0091,0.0353,,5,false
phase3a-formal-20260925-v2-component-tokenizer-zh,130,tokenizer-only,2026-09-24T19:34:10.3329101+00:00,1770.8249,measurement,request-count-6250,6250,6250,6250,0,0,5,6255,406499328,522702848,36818505728,94,11,1100800,,522576,528,2,2,1,0,17277344,406499328,,36818505728,,522563584,,348479488,,50589696,,7430144,,0.0054,0.008,0.0057,0.0108,0.0575,,5,false
phase3a-formal-20260925-v2-component-tokenizer-zh,131,tokenizer-only,2026-09-24T19:34:10.3384133+00:00,1776.3281,measurement,request-count-6300,6300,6300,6300,0,0,5,6305,406499328,522702848,36818505728,94,11,1225472,,522576,528,2,2,1,0,17401632,406499328,,36818505728,,522563584,,348479488,,50589696,,7430144,,0.0052,0.0072,0.0048,0.0091,0.0598,,5,false
phase3a-formal-20260925-v2-component-tokenizer-zh,132,tokenizer-only,2026-09-24T19:34:10.3435973+00:00,1781.512,measurement,request-count-6350,6350,6350,6350,0,0,5,6355,406499328,522702848,36818505728,94,11,1350152,,522576,528,2,2,1,0,17525928,406499328,,36818505728,,522563584,,348479488,,50589696,,7430144,,0.0059,0.0074,0.0056,0.0098,0.0451,,5,false
phase3a-formal-20260925-v2-component-tokenizer-zh,133,tokenizer-only,2026-09-24T19:34:10.3486565+00:00,1786.5713,measurement,request-count-6400,6400,6400,6400,0,0,5,6405,406499328,522702848,36818505728,94,11,1474848,,522576,528,2,2,1,0,17650240,406499328,,36818505728,,522563584,,348479488,,50589696,,7430144,,0.0053,0.0068,0.0057,0.0084,0.031,,5,false
phase3a-formal-20260925-v2-component-tokenizer-zh,134,tokenizer-only,2026-09-24T19:34:10.3534311+00:00,1791.3459,measurement,request-count-6450,6450,6450,6450,0,0,5,6455,406499328,522702848,36818505728,94,11,1599520,,522576,528,2,2,1,0,17774528,406499328,,36818505728,,522563584,,348479488,,50589696,,7430144,,0.0042,0.0064,0.0046,0.007,0.0474,,5,false
phase3a-formal-20260925-v2-component-tokenizer-zh,135,tokenizer-only,2026-09-24T19:34:10.3585196+00:00,1796.4344,measurement,request-count-6500,6500,6500,6500,0,0,5,6505,406499328,522702848,36818505728,94,11,1724160,,522576,528,2,2,1,0,17898784,406499328,,36818505728,,522563584,,348479488,,50589696,,7430144,,0.0054,0.0073,0.0057,0.0068,0.0448,,5,false
phase3a-formal-20260925-v2-component-tokenizer-zh,136,tokenizer-only,2026-09-24T19:34:10.3633508+00:00,1801.2656,measurement,request-count-6550,6550,6550,6550,0,0,5,6555,406499328,522702848,36818505728,94,11,1848856,,522576,528,2,2,1,0,18023096,406499328,,36818505728,,522563584,,348479488,,50589696,,7430144,,0.0057,0.0071,0.0057,0.0093,0.0371,,5,false
phase3a-formal-20260925-v2-component-tokenizer-zh,137,tokenizer-only,2026-09-24T19:34:10.3690715+00:00,1806.9863,measurement,request-count-6600,6600,6600,6600,0,0,5,6605,406499328,522702848,36818505728,94,11,1973520,,522576,528,2,2,1,0,18147376,406499328,,36818505728,,522563584,,348479488,,50589696,,7430144,,0.0072,0.0112,0.0085,0.0131,0.0712,,5,false
phase3a-formal-20260925-v2-component-tokenizer-zh,138,tokenizer-only,2026-09-24T19:34:10.3743903+00:00,1812.305,measurement,request-count-6650,6650,6650,6650,0,0,5,6655,406499328,522702848,36818505728,94,11,2098168,,522576,528,2,2,1,0,18271640,406499328,,36818505728,,522563584,,348479488,,50589696,,7430144,,0.0052,0.0113,0.0071,0.0211,0.0954,,5,false
phase3a-formal-20260925-v2-component-tokenizer-zh,139,tokenizer-only,2026-09-24T19:34:10.3806394+00:00,1818.5542,measurement,request-count-6700,6700,6700,6700,0,0,5,6705,406499328,522702848,36818505728,94,11,2222752,,522576,528,2,2,1,0,18395840,406499328,,36818505728,,522563584,,348479488,,50589696,,7430144,,0.0069,0.0094,0.0073,0.0092,0.0605,,5,false
phase3a-formal-20260925-v2-component-tokenizer-zh,140,tokenizer-only,2026-09-24T19:34:10.3849646+00:00,1822.8793,measurement,request-count-6750,6750,6750,6750,0,0,5,6755,406499328,522702848,36818505728,94,11,2347384,,522576,528,2,2,1,0,18520088,406499328,,36818505728,,522563584,,348479488,,50589696,,7430144,,0.0483,0.0094,0.0079,0.0114,0.0458,,5,false
phase3a-formal-20260925-v2-component-tokenizer-zh,141,tokenizer-only,2026-09-24T19:34:10.3899501+00:00,1827.8649,measurement,request-count-6800,6800,6800,6800,0,0,5,6805,406499328,522702848,36818505728,94,11,2472048,,522576,528,2,2,1,0,18644368,406499328,,36818505728,,522563584,,348479488,,50589696,,7430144,,0.0073,0.0099,0.0075,0.0122,0.0631,,5,false
phase3a-formal-20260925-v2-component-tokenizer-zh,142,tokenizer-only,2026-09-24T19:34:10.3960778+00:00,1833.9926,measurement,request-count-6850,6850,6850,6850,0,0,5,6855,406499328,522702848,36818505728,94,11,2596744,,522576,528,2,2,1,0,18768680,406499328,,36818505728,,522563584,,348479488,,50589696,,7430144,,0.0063,0.0074,0.0057,0.0087,0.0439,,5,false
phase3a-formal-20260925-v2-component-tokenizer-zh,143,tokenizer-only,2026-09-24T19:34:10.4012099+00:00,1839.1246,measurement,request-count-6900,6900,6900,6900,0,0,5,6905,406499328,522702848,36818505728,94,11,2721376,,522576,528,2,2,1,0,18892928,406499328,,36818505728,,522563584,,348479488,,50589696,,7430144,,0.0107,0.0103,0.0065,0.0125,0.08,,5,false
phase3a-formal-20260925-v2-component-tokenizer-zh,144,tokenizer-only,2026-09-24T19:34:10.4060429+00:00,1843.9577,measurement,request-count-6950,6950,6950,6950,0,0,5,6955,406499328,522702848,36818505728,94,11,2846080,,522576,528,2,2,1,0,19017248,406499328,,36818505728,,522563584,,348479488,,50589696,,7430144,,0.0053,0.0079,0.0052,0.0137,0.062,,5,false
phase3a-formal-20260925-v2-component-tokenizer-zh,145,tokenizer-only,2026-09-24T19:34:10.4114037+00:00,1849.3185,measurement,request-count-7000,7000,7000,7000,0,0,5,7005,406499328,522702848,36818505728,94,11,2970752,,522576,528,2,2,1,0,19141536,406499328,,36818505728,,522563584,,348479488,,50589696,,7430144,,0.0061,0.0077,0.0051,0.0123,0.0656,,5,false
phase3a-formal-20260925-v2-component-tokenizer-zh,146,tokenizer-only,2026-09-24T19:34:10.4168040+00:00,1854.7188,measurement,request-count-7050,7050,7050,7050,0,0,5,7055,406503424,522702848,36818501632,94,11,3095384,,522576,528,2,2,1,0,19265784,406503424,,36818501632,,522563584,,348479488,,50589696,,7434240,,0.025,0.0096,0.0072,0.021,0.0468,,5,false
phase3a-formal-20260925-v2-component-tokenizer-zh,147,tokenizer-only,2026-09-24T19:34:10.4225562+00:00,1860.4709,measurement,request-count-7100,7100,7100,7100,0,0,5,7105,407240704,523415552,36818505728,94,11,3220000,,522576,528,2,2,1,0,19390016,407236608,,36818505728,,523276288,,349208576,,50589696,,7438336,,0.0045,0.0068,0.005,0.0085,0.0421,,5,false
phase3a-formal-20260925-v2-component-tokenizer-zh,148,tokenizer-only,2026-09-24T19:34:10.4277840+00:00,1865.6988,measurement,request-count-7150,7150,7150,7150,0,0,5,7155,407240704,523415552,36818505728,94,11,3344704,,522576,528,2,2,1,0,19514336,407240704,,36818505728,,523276288,,349208576,,50589696,,7442432,,0.0056,0.0072,0.0057,0.0069,0.0402,,5,false
phase3a-formal-20260925-v2-component-tokenizer-zh,149,tokenizer-only,2026-09-24T19:34:10.4331520+00:00,1871.0668,measurement,request-count-7200,7200,7200,7200,0,0,5,7205,407261184,523419648,36818509824,94,11,3469336,,522576,528,2,2,1,0,19638584,407257088,,36818509824,,523280384,,349212672,,50589696,,7454720,,0.0051,0.0098,0.006,0.0088,0.1022,,5,false
phase3a-formal-20260925-v2-component-tokenizer-zh,150,tokenizer-only,2026-09-24T19:34:10.4385781+00:00,1876.4929,measurement,request-count-7250,7250,7250,7250,0,0,5,7255,407261184,523419648,36818505728,94,11,3593976,,522576,528,2,2,1,0,19762840,407261184,,36818505728,,523280384,,349212672,,50589696,,7458816,,0.0062,0.0077,0.0059,0.0073,0.0512,,5,false
phase3a-formal-20260925-v2-component-tokenizer-zh,151,tokenizer-only,2026-09-24T19:34:10.4438876+00:00,1881.8023,measurement,request-count-7300,7300,7300,7300,0,0,5,7305,407728128,523870208,36818509824,94,11,3718656,,522576,528,2,2,1,0,19887136,407728128,,36818509824,,523730944,,349663232,,50589696,,7475200,,0.0045,0.0062,0.0046,0.0072,0.0446,,5,false
phase3a-formal-20260925-v2-component-tokenizer-zh,152,tokenizer-only,2026-09-24T19:34:10.4485856+00:00,1886.5004,measurement,request-count-7350,7350,7350,7350,0,0,5,7355,407748608,523870208,36818509824,94,11,3843304,,522576,528,2,2,1,0,20011400,407748608,,36818509824,,523730944,,349663232,,50589696,,7495680,,0.0055,0.0062,0.0056,0.0063,0.02,,5,false
phase3a-formal-20260925-v2-component-tokenizer-zh,153,tokenizer-only,2026-09-24T19:34:10.4534584+00:00,1891.3732,measurement,request-count-7400,7400,7400,7400,0,0,5,7405,407769088,523882496,36818505728,94,11,3968024,,522576,528,2,2,1,0,20135736,407769088,,36818505728,,523743232,,349675520,,50589696,,7503872,,0.0052,0.0073,0.0056,0.0155,0.0388,,5,false
phase3a-formal-20260925-v2-component-tokenizer-zh,154,tokenizer-only,2026-09-24T19:34:10.4587441+00:00,1896.6589,measurement,request-count-7450,7450,7450,7450,0,0,5,7455,407769088,523882496,36818505728,94,11,4092656,,522576,528,2,2,1,0,20259984,407769088,,36818505728,,523743232,,349675520,,50589696,,7503872,,0.0064,0.0089,0.0073,0.0119,0.0428,,5,false
phase3a-formal-20260925-v2-component-tokenizer-zh,155,tokenizer-only,2026-09-24T19:34:10.4630134+00:00,1900.9282,measurement,request-count-7500,7500,7500,7500,0,0,5,7505,407781376,523882496,36818505728,94,11,4217304,,522576,528,2,2,1,0,20384248,407781376,,36818505728,,523743232,,349675520,,50589696,,7516160,,0.007,0.0083,0.0071,0.0089,0.0346,,5,false
phase3a-formal-20260925-v2-component-tokenizer-zh,156,tokenizer-only,2026-09-24T19:34:10.4672818+00:00,1905.1966,measurement,request-count-7550,7550,7550,7550,0,0,5,7555,407986176,523976704,36818509824,94,11,4341976,,522576,528,2,2,1,0,20508536,407932928,,36818509824,,523837440,,349769728,,50589696,,7573504,,0.0066,0.0091,0.0067,0.0094,0.0626,,5,false
phase3a-formal-20260925-v2-component-tokenizer-zh,157,tokenizer-only,2026-09-24T19:34:10.4729152+00:00,1910.8299,measurement,request-count-7600,7600,7600,7600,0,0,5,7605,407986176,523976704,36818509824,94,11,4466672,,522576,528,2,2,1,0,20632848,407986176,,36818509824,,523837440,,349769728,,50589696,,7626752,,0.0056,0.0078,0.0063,0.0082,0.0413,,5,false
phase3a-formal-20260925-v2-component-tokenizer-zh,158,tokenizer-only,2026-09-24T19:34:10.4785271+00:00,1916.4418,measurement,request-count-7650,7650,7650,7650,0,0,5,7655,407986176,523976704,36818509824,94,11,4591352,,522576,528,2,2,1,0,20757144,407986176,,36818509824,,523837440,,349769728,,50589696,,7626752,,0.0047,0.0068,0.0047,0.0073,0.0521,,5,false
phase3a-formal-20260925-v2-component-tokenizer-zh,159,tokenizer-only,2026-09-24T19:34:10.4824529+00:00,1920.3677,measurement,request-count-7700,7700,7700,7700,0,0,5,7705,407986176,523976704,36818509824,94,11,4716048,,522576,528,2,2,1,0,20881456,407986176,,36818509824,,523837440,,349769728,,50589696,,7626752,,0.0054,0.0061,0.0055,0.0071,0.0246,,5,false
phase3a-formal-20260925-v2-component-tokenizer-zh,160,tokenizer-only,2026-09-24T19:34:10.4876081+00:00,1925.5229,measurement,request-count-7750,7750,7750,7750,0,0,5,7755,407986176,523976704,36818509824,94,11,4840704,,522576,528,2,2,1,0,21005752,407986176,,36818509824,,523837440,,349769728,,50589696,,7626752,,0.0071,0.0074,0.0059,0.0089,0.0393,,5,false
phase3a-formal-20260925-v2-component-tokenizer-zh,161,tokenizer-only,2026-09-24T19:34:10.4932772+00:00,1931.192,measurement,request-count-7800,7800,7800,7800,0,0,5,7805,407986176,523976704,36818509824,94,11,4965416,,522576,528,2,2,1,0,21130080,407986176,,36818509824,,523837440,,349769728,,50589696,,7626752,,0.0056,0.007,0.0054,0.0082,0.0467,,5,false
phase3a-formal-20260925-v2-component-tokenizer-zh,162,tokenizer-only,2026-09-24T19:34:10.4985447+00:00,1936.4595,measurement,request-count-7850,7850,7850,7850,0,0,5,7855,407986176,523976704,36818509824,94,11,5090072,,522576,528,2,2,1,0,21254352,407986176,,36818509824,,523837440,,349769728,,50589696,,7626752,,0.0056,0.0069,0.0056,0.0067,0.0347,,5,false
phase3a-formal-20260925-v2-component-tokenizer-zh,163,tokenizer-only,2026-09-24T19:34:10.5033976+00:00,1941.3123,measurement,request-count-7900,7900,7900,7900,0,0,5,7905,407986176,523976704,36818509824,94,11,5214752,,522576,528,2,2,1,0,21378648,407986176,,36818509824,,523837440,,349769728,,50589696,,7626752,,0.0043,0.0061,0.0047,0.0117,0.0339,,5,false
phase3a-formal-20260925-v2-component-tokenizer-zh,164,tokenizer-only,2026-09-24T19:34:10.5082879+00:00,1946.2026,measurement,request-count-7950,7950,7950,7950,0,0,5,7955,407986176,523976704,36818509824,94,11,5339416,,522576,528,2,2,1,0,21502928,407986176,,36818509824,,523837440,,349769728,,50589696,,7626752,,0.0043,0.0069,0.0046,0.0081,0.0582,,5,false
phase3a-formal-20260925-v2-component-tokenizer-zh,165,tokenizer-only,2026-09-24T19:34:10.5150378+00:00,1952.9525,measurement,request-count-8000,8000,8000,8000,0,0,5,8005,407986176,523976704,36818509824,94,11,5464064,,522576,528,2,2,1,0,21627192,407986176,,36818509824,,523837440,,349769728,,50589696,,7626752,,0.0055,0.0076,0.0059,0.0075,0.0496,,5,false
phase3a-formal-20260925-v2-component-tokenizer-zh,166,tokenizer-only,2026-09-24T19:34:10.5200772+00:00,1957.992,measurement,request-count-8050,8050,8050,8050,0,0,5,8055,407986176,523976704,36818509824,94,11,5588744,,522576,528,2,2,1,0,21751488,407986176,,36818509824,,523837440,,349769728,,50589696,,7626752,,0.0053,0.0062,0.0056,0.0076,0.0205,,5,false
phase3a-formal-20260925-v2-component-tokenizer-zh,167,tokenizer-only,2026-09-24T19:34:10.5247961+00:00,1962.7108,measurement,request-count-8100,8100,8100,8100,0,0,5,8105,407986176,523976704,36818509824,94,11,5713456,,522576,528,2,2,1,0,21875816,407986176,,36818509824,,523837440,,349769728,,50589696,,7626752,,0.0047,0.0059,0.0047,0.0063,0.0331,,5,false
phase3a-formal-20260925-v2-component-tokenizer-zh,168,tokenizer-only,2026-09-24T19:34:10.5297290+00:00,1967.6438,measurement,request-count-8150,8150,8150,8150,0,0,5,8155,407986176,523976704,36818509824,94,11,5838120,,522576,528,2,2,1,0,22000096,407986176,,36818509824,,523837440,,349769728,,50589696,,7626752,,0.0042,0.0062,0.0049,0.006,0.0401,,5,false
phase3a-formal-20260925-v2-component-tokenizer-zh,169,tokenizer-only,2026-09-24T19:34:10.5345581+00:00,1972.4729,measurement,request-count-8200,8200,8200,8200,0,0,5,8205,407986176,523976704,36818509824,94,11,5962760,,522576,528,2,2,1,0,22124352,407986176,,36818509824,,523837440,,349769728,,50589696,,7626752,,0.0073,0.0075,0.0064,0.0097,0.0297,,5,false
phase3a-formal-20260925-v2-component-tokenizer-zh,170,tokenizer-only,2026-09-24T19:34:10.5401762+00:00,1978.091,measurement,request-count-8250,8250,8250,8250,0,0,5,8255,407986176,523976704,36818509824,94,11,6087456,,522576,528,2,2,1,0,22248664,407986176,,36818509824,,523837440,,349769728,,50589696,,7626752,,0.0239,0.0097,0.0064,0.0212,0.0755,,5,false
phase3a-formal-20260925-v2-component-tokenizer-zh,171,tokenizer-only,2026-09-24T19:34:10.5460840+00:00,1983.9987,measurement,request-count-8300,8300,8300,8300,0,0,5,8305,407986176,523976704,36818509824,94,11,6212152,,522576,528,2,2,1,0,22372976,407986176,,36818509824,,523837440,,349769728,,50589696,,7626752,,0.0051,0.0081,0.0053,0.0109,0.0595,,5,false
phase3a-formal-20260925-v2-component-tokenizer-zh,172,tokenizer-only,2026-09-24T19:34:10.5516097+00:00,1989.5244,measurement,request-count-8350,8350,8350,8350,0,0,5,8355,407986176,523976704,36818509824,94,11,6336816,,522576,528,2,2,1,0,22497256,407986176,,36818509824,,523837440,,349769728,,50589696,,7626752,,0.0092,0.0093,0.0069,0.0151,0.0459,,5,false
phase3a-formal-20260925-v2-component-tokenizer-zh,173,tokenizer-only,2026-09-24T19:34:10.5570550+00:00,1994.9697,measurement,request-count-8400,8400,8400,8400,0,0,5,8405,407986176,523976704,36818509824,94,11,6461512,,522576,528,2,2,1,0,22621568,407986176,,36818509824,,523837440,,349769728,,50589696,,7626752,,0.0068,0.0074,0.0059,0.0086,0.0394,,5,false
phase3a-formal-20260925-v2-component-tokenizer-zh,174,tokenizer-only,2026-09-24T19:34:10.5625711+00:00,2000.4859,measurement,request-count-8450,8450,8450,8450,0,0,5,8455,407986176,523976704,36818509824,94,11,6586160,,522576,528,2,2,1,0,22745832,407986176,,36818509824,,523837440,,349769728,,50589696,,7626752,,0.0047,0.0085,0.006,0.0092,0.0601,,5,false
phase3a-formal-20260925-v2-component-tokenizer-zh,175,tokenizer-only,2026-09-24T19:34:10.5667696+00:00,2004.6845,measurement,request-count-8500,8500,8500,8500,0,0,5,8505,407986176,523976704,36818509824,94,11,6710832,,522576,528,2,2,1,0,22870120,407986176,,36818509824,,523837440,,349769728,,50589696,,7626752,,0.0066,0.0077,0.0059,0.0164,0.0401,,5,false
phase3a-formal-20260925-v2-component-tokenizer-zh,176,tokenizer-only,2026-09-24T19:34:10.5713466+00:00,2009.2613,measurement,request-count-8550,8550,8550,8550,0,0,5,8555,407986176,523976704,36818509824,94,11,6835480,,522576,528,2,2,1,0,22994384,407986176,,36818509824,,523837440,,349769728,,50589696,,7626752,,0.008,0.011,0.0089,0.0154,0.0537,,5,false
phase3a-formal-20260925-v2-component-tokenizer-zh,177,tokenizer-only,2026-09-24T19:34:10.5761544+00:00,2014.0691,measurement,request-count-8600,8600,8600,8600,0,0,5,8605,407986176,523976704,36818509824,94,11,6960096,,522576,528,2,2,1,0,23118616,407986176,,36818509824,,523837440,,349769728,,50589696,,7626752,,0.0051,0.0078,0.0053,0.0126,0.0621,,5,false
phase3a-formal-20260925-v2-component-tokenizer-zh,178,tokenizer-only,2026-09-24T19:34:10.5814533+00:00,2019.3681,measurement,request-count-8650,8650,8650,8650,0,0,5,8655,407986176,523976704,36818509824,94,11,7084792,,522576,528,2,2,1,0,23242928,407986176,,36818509824,,523837440,,349769728,,50589696,,7626752,,0.0057,0.0077,0.0061,0.0088,0.0483,,5,false
phase3a-formal-20260925-v2-component-tokenizer-zh,179,tokenizer-only,2026-09-24T19:34:10.5865311+00:00,2024.4458,measurement,request-count-8700,8700,8700,8700,0,0,5,8705,407986176,523976704,36818509824,94,11,7209488,,522576,528,2,2,1,0,23367240,407986176,,36818509824,,523837440,,349769728,,50589696,,7626752,,0.0044,0.0071,0.0057,0.0072,0.0387,,5,false
phase3a-formal-20260925-v2-component-tokenizer-zh,180,tokenizer-only,2026-09-24T19:34:10.5916231+00:00,2029.5379,measurement,request-count-8750,8750,8750,8750,0,0,5,8755,407986176,523976704,36818509824,94,11,7334184,,522576,528,2,2,1,0,23491552,407986176,,36818509824,,523837440,,349769728,,50589696,,7626752,,0.0057,0.0077,0.0057,0.0078,0.0522,,5,false
phase3a-formal-20260925-v2-component-tokenizer-zh,181,tokenizer-only,2026-09-24T19:34:10.5982377+00:00,2036.1524,measurement,request-count-8800,8800,8800,8800,0,0,5,8805,407986176,523976704,36818509824,94,11,7458768,,522576,528,2,2,1,0,23615752,407986176,,36818509824,,523837440,,349769728,,50589696,,7626752,,0.0061,0.0076,0.006,0.0114,0.0436,,5,false
phase3a-formal-20260925-v2-component-tokenizer-zh,182,tokenizer-only,2026-09-24T19:34:10.6033576+00:00,2041.2726,measurement,request-count-8850,8850,8850,8850,0,0,5,8855,407986176,523976704,36818509824,94,11,7583392,,522576,528,2,2,1,0,23739992,407986176,,36818509824,,523837440,,349769728,,50589696,,7626752,,0.0065,0.0089,0.007,0.0154,0.0418,,5,false
phase3a-formal-20260925-v2-component-tokenizer-zh,183,tokenizer-only,2026-09-24T19:34:10.6091544+00:00,2047.0691,measurement,request-count-8900,8900,8900,8900,0,0,5,8905,407986176,523976704,36818509824,94,11,7708016,,522576,528,2,2,1,0,23864232,407986176,,36818509824,,523837440,,349769728,,50589696,,7626752,,0.0073,0.0091,0.0066,0.0142,0.0607,,5,false
phase3a-formal-20260925-v2-component-tokenizer-zh,184,tokenizer-only,2026-09-24T19:34:10.6146820+00:00,2052.5968,measurement,request-count-8950,8950,8950,8950,0,0,5,8955,407986176,523976704,36818509824,94,11,7832712,,522576,528,2,2,1,0,23988544,407986176,,36818509824,,523837440,,349769728,,50589696,,7626752,,0.0057,0.0074,0.0059,0.0083,0.0425,,5,false
phase3a-formal-20260925-v2-component-tokenizer-zh,185,tokenizer-only,2026-09-24T19:34:10.6188691+00:00,2056.7838,measurement,request-count-9000,9000,9000,9000,0,0,5,9005,407986176,523976704,36818509824,94,11,7957344,,522576,528,2,2,1,0,24112792,407986176,,36818509824,,523837440,,349769728,,50589696,,7626752,,0.005,0.0094,0.0075,0.018,0.0376,,5,false
phase3a-formal-20260925-v2-component-tokenizer-zh,186,tokenizer-only,2026-09-24T19:34:10.6225242+00:00,2060.439,measurement,request-count-9050,9050,9050,9050,0,0,5,9055,407986176,523976704,36818509824,94,11,8081960,,522576,528,2,2,1,0,24237024,407986176,,36818509824,,523837440,,349769728,,50589696,,7626752,,0.0046,0.0058,0.005,0.0076,0.0239,,5,false
phase3a-formal-20260925-v2-component-tokenizer-zh,187,tokenizer-only,2026-09-24T19:34:10.6263548+00:00,2064.2695,measurement,request-count-9100,9100,9100,9100,0,0,5,9105,407986176,523976704,36818509824,94,11,8206600,,522576,528,2,2,1,0,24361280,407986176,,36818509824,,523837440,,349769728,,50589696,,7626752,,0.0064,0.0064,0.0049,0.0081,0.0402,,5,false
phase3a-formal-20260925-v2-component-tokenizer-zh,188,tokenizer-only,2026-09-24T19:34:10.6307373+00:00,2068.652,measurement,request-count-9150,9150,9150,9150,0,0,5,9155,407986176,523976704,36818509824,94,11,8331248,,522576,528,2,2,1,0,24485544,407986176,,36818509824,,523837440,,349769728,,50589696,,7626752,,0.0052,0.0056,0.0047,0.0058,0.0265,,5,false
phase3a-formal-20260925-v2-component-tokenizer-zh,189,tokenizer-only,2026-09-24T19:34:10.6357220+00:00,2073.6368,measurement,request-count-9200,9200,9200,9200,0,0,5,9205,407986176,523976704,36818509824,94,11,8455928,,522576,528,2,2,1,0,24609840,407986176,,36818509824,,523837440,,349769728,,50589696,,7626752,,0.0052,0.0072,0.0057,0.0066,0.0456,,5,false
phase3a-formal-20260925-v2-component-tokenizer-zh,190,tokenizer-only,2026-09-24T19:34:10.6396031+00:00,2077.5179,measurement,request-count-9250,9250,9250,9250,0,0,5,9255,407986176,523976704,36818509824,94,11,8580592,,522576,528,2,2,1,0,24734120,407986176,,36818509824,,523837440,,349769728,,50589696,,7626752,,0.0055,0.0076,0.0062,0.0129,0.0349,,5,false
phase3a-formal-20260925-v2-component-tokenizer-zh,191,tokenizer-only,2026-09-24T19:34:10.6441635+00:00,2082.0783,measurement,request-count-9300,9300,9300,9300,0,0,5,9305,407986176,523976704,36818509824,94,11,8705256,,522576,528,2,2,1,0,24858400,407986176,,36818509824,,523837440,,349769728,,50589696,,7626752,,0.0047,0.0096,0.0087,0.0124,0.0458,,5,false
phase3a-formal-20260925-v2-component-tokenizer-zh,192,tokenizer-only,2026-09-24T19:34:10.6504559+00:00,2088.3706,measurement,request-count-9350,9350,9350,9350,0,0,5,9355,407986176,523976704,36818509824,94,11,8829920,,522576,528,2,2,1,0,24982680,407986176,,36818509824,,523837440,,349769728,,50589696,,7626752,,0.0062,0.0107,0.0089,0.0113,0.0666,,5,false
phase3a-formal-20260925-v2-component-tokenizer-zh,193,tokenizer-only,2026-09-24T19:34:10.6552804+00:00,2093.1951,measurement,request-count-9400,9400,9400,9400,0,0,5,9405,407986176,523976704,36818509824,94,11,576392,,522576,528,2,3,1,0,25100072,407986176,,36818509824,,523837440,,349769728,,50589696,,7626752,,0.006,0.007,0.0057,0.0071,0.0425,,5,false
phase3a-formal-20260925-v2-component-tokenizer-zh,194,tokenizer-only,2026-09-24T19:34:10.6602981+00:00,2098.2129,measurement,request-count-9450,9450,9450,9450,0,0,5,9455,407986176,523976704,36818509824,94,11,701280,,533728,600,3,3,1,0,25224576,407986176,,36818509824,,523837440,,349769728,,50589696,,7626752,,0.0046,0.0077,0.0053,0.017,0.0477,,5,false
phase3a-formal-20260925-v2-component-tokenizer-zh,195,tokenizer-only,2026-09-24T19:34:10.6641975+00:00,2102.1123,measurement,request-count-9500,9500,9500,9500,0,0,5,9505,407986176,523976704,36818509824,94,11,825872,,533728,600,3,3,1,0,25348784,407986176,,36818509824,,523837440,,349769728,,50589696,,7626752,,0.006,0.0069,0.0057,0.011,0.0301,,5,false
phase3a-formal-20260925-v2-component-tokenizer-zh,196,tokenizer-only,2026-09-24T19:34:10.6682005+00:00,2106.1153,measurement,request-count-9550,9550,9550,9550,0,0,5,9555,407986176,523976704,36818509824,94,11,950520,,533728,600,3,3,1,0,25473048,407986176,,36818509824,,523837440,,349769728,,50589696,,7626752,,0.0047,0.0072,0.0061,0.0088,0.0345,,5,false
phase3a-formal-20260925-v2-component-tokenizer-zh,197,tokenizer-only,2026-09-24T19:34:10.6722341+00:00,2110.1489,measurement,request-count-9600,9600,9600,9600,0,0,5,9605,408006656,523976704,36818509824,94,11,1075216,,533728,600,3,3,1,0,25597360,408006656,,36818509824,,523837440,,349769728,,50589696,,7647232,,0.006,0.0068,0.006,0.0073,0.027,,5,false
phase3a-formal-20260925-v2-component-tokenizer-zh,198,tokenizer-only,2026-09-24T19:34:10.6763912+00:00,2114.3059,measurement,request-count-9650,9650,9650,9650,0,0,5,9655,408010752,523976704,36818509824,94,11,1199840,,533728,600,3,3,1,0,25721600,408010752,,36818509824,,523837440,,349769728,,50589696,,7651328,,0.0061,0.0073,0.0059,0.0068,0.0412,,5,false
phase3a-formal-20260925-v2-component-tokenizer-zh,199,tokenizer-only,2026-09-24T19:34:10.6812811+00:00,2119.1959,measurement,request-count-9700,9700,9700,9700,0,0,5,9705,408039424,523976704,36818509824,94,11,1324472,,533728,600,3,3,1,0,25845848,408039424,,36818509824,,523837440,,349769728,,50589696,,7680000,,0.0134,0.0141,0.0116,0.0201,0.0589,,5,false
phase3a-formal-20260925-v2-component-tokenizer-zh,200,tokenizer-only,2026-09-24T19:34:10.6860603+00:00,2123.975,measurement,request-count-9750,9750,9750,9750,0,0,5,9755,408039424,523976704,36818505728,94,11,1449072,,533728,600,3,3,1,0,25970064,408039424,,36818505728,,523837440,,349769728,,50589696,,7680000,,0.0057,0.0082,0.006,0.0117,0.0473,,5,false
phase3a-formal-20260925-v2-component-tokenizer-zh,201,tokenizer-only,2026-09-24T19:34:10.6898661+00:00,2127.7809,measurement,request-count-9800,9800,9800,9800,0,0,5,9805,408055808,523976704,36818505728,94,11,1573680,,533728,600,3,3,1,0,26094288,408055808,,36818505728,,523837440,,349769728,,50589696,,7696384,,0.0061,0.0059,0.0049,0.0069,0.0279,,5,false
phase3a-formal-20260925-v2-component-tokenizer-zh,202,tokenizer-only,2026-09-24T19:34:10.6940318+00:00,2131.9465,measurement,request-count-9850,9850,9850,9850,0,0,5,9855,408064000,523976704,36818509824,94,11,1698344,,533728,600,3,3,1,0,26218568,408064000,,36818509824,,523837440,,349769728,,50589696,,7704576,,0.0061,0.0083,0.0061,0.016,0.0473,,5,false
phase3a-formal-20260925-v2-component-tokenizer-zh,203,tokenizer-only,2026-09-24T19:34:10.6980034+00:00,2135.9181,measurement,request-count-9900,9900,9900,9900,0,0,5,9905,408068096,523976704,36818505728,94,11,1822984,,533728,600,3,3,1,0,26342824,408068096,,36818505728,,523837440,,349769728,,50589696,,7708672,,0.0055,0.0064,0.0057,0.0076,0.0222,,5,false
phase3a-formal-20260925-v2-component-tokenizer-zh,204,tokenizer-only,2026-09-24T19:34:10.7022622+00:00,2140.177,measurement,request-count-9950,9950,9950,9950,0,0,5,9955,408064000,523976704,36818497536,94,11,1947896,,533728,600,3,3,1,0,26467352,408064000,,36818497536,,523837440,,349769728,,50589696,,7704576,,0.0171,0.0128,0.008,0.0242,0.0555,,5,false
phase3a-formal-20260925-v2-component-tokenizer-zh,205,tokenizer-only,2026-09-24T19:34:10.7069470+00:00,2144.8617,measurement,request-count-10000,10000,10000,10000,0,0,5,10005,408064000,523976704,36818497536,94,11,2072816,,533728,600,3,3,1,0,26591888,408064000,,36818497536,,523837440,,349769728,,50589696,,7704576,,0.0068,0.0101,0.0071,0.0137,0.0749,,5,false
phase3a-formal-20260925-v2-component-tokenizer-zh,206,tokenizer-only,2026-09-24T19:34:10.7162419+00:00,2154.1572,idle,idle-0-seconds,10000,10000,10000,0,0,5,10005,408502272,523984896,36818509824,96,11,2219344,,533728,600,3,3,1,0,26738176,408502272,,36818509824,,523845632,,349806592,,50962432,,7733248,,,,,,,,,
phase3a-formal-20260925-v2-component-tokenizer-zh,207,tokenizer-only,2026-09-24T19:34:10.7967160+00:00,2234.6315,lifecycle,post-dispose,10000,10000,10000,0,0,5,10005,361127936,476405760,36770930688,96,11,2276912,,533728,600,3,3,1,0,26795576,361127936,,36770930688,,476266496,,302358528,,51027968,,7741440,,,,,,,,,
phase3a-formal-20260925-v2-component-tokenizer-mixed,0,tokenizer-only,2026-09-24T19:34:11.8931935+00:00,0.4067,lifecycle,t0-before-model-load,0,0,0,0,0,0,0,60948480,184225792,36349272064,86,11,1310944,,0,0,0,0,0,0,1306912,60911616,,36349280256,,184086528,,9539584,,45555712,,5816320,,,,,,,,,
phase3a-formal-20260925-v2-component-tokenizer-mixed,1,tokenizer-only,2026-09-24T19:34:12.9993778+00:00,1106.5895,setup,t1-after-setup,0,0,0,0,0,0,0,397922304,514379776,36684288000,96,11,1451896,,0,0,0,0,0,0,1447456,397901824,,36684292096,,514240512,,340148224,,50561024,,7192576,,,,,,,,,
phase3a-formal-20260925-v2-component-tokenizer-mixed,2,tokenizer-only,2026-09-24T19:34:13.0024802+00:00,1109.6914,first-operation,t2-after-first-operation,0,0,0,0,0,1,1,397975552,514445312,36684283904,96,11,1503288,,0,0,0,0,0,0,1498680,397955072,,36684283904,,514306048,,340201472,,50561024,,7192576,,,,,,,,5,false
phase3a-formal-20260925-v2-component-tokenizer-mixed,3,tokenizer-only,2026-09-24T19:34:13.0040277+00:00,1111.2388,warmup,warmup-complete,0,0,0,0,0,5,5,398041088,514510848,36684283904,96,11,1566776,,0,0,0,0,0,0,1561976,398012416,,36684283904,,514306048,,340258816,,50561024,,7192576,,,,,,,,,
phase3a-formal-20260925-v2-component-tokenizer-mixed,4,tokenizer-only,2026-09-24T19:34:13.0055737+00:00,1112.785,measurement,request-count-0,0,0,0,0,0,5,5,398086144,514576384,36684283904,96,11,1624088,,0,0,0,0,0,0,1619096,398073856,,36684283904,,514371584,,340320256,,50561024,,7192576,,,,,,,,,
phase3a-formal-20260925-v2-component-tokenizer-mixed,5,tokenizer-only,2026-09-24T19:34:13.0169812+00:00,1124.193,measurement,request-count-10,10,10,10,0,0,5,15,398315520,514707456,36684283904,96,11,1771608,,0,0,0,0,0,0,1766376,398286848,,36684283904,,514568192,,340463616,,50561024,,7262208,,0.0125,0.0344,0.0129,0.111,0.1294,,5,false
phase3a-formal-20260925-v2-component-tokenizer-mixed,6,tokenizer-only,2026-09-24T19:34:13.0259387+00:00,1133.1502,measurement,request-count-50,50,50,50,0,0,5,55,398430208,514838528,36684288000,96,11,1886232,,0,0,0,0,0,0,1880616,398417920,,36684288000,,514633728,,340582400,,50561024,,7274496,,0.0123,0.0202,0.017,0.0318,0.0789,,5,false
phase3a-formal-20260925-v2-component-tokenizer-mixed,7,tokenizer-only,2026-09-24T19:34:13.0309549+00:00,1138.166,measurement,request-count-100,100,100,100,0,0,5,105,398553088,514904064,36684288000,96,11,2009080,,0,0,0,0,0,0,2003056,398540800,,36684288000,,514764800,,340705280,,50561024,,7274496,,0.0105,0.0145,0.0106,0.0286,0.0669,,5,false
phase3a-formal-20260925-v2-component-tokenizer-mixed,8,tokenizer-only,2026-09-24T19:34:13.0353331+00:00,1142.5441,measurement,request-count-150,150,150,150,0,0,5,155,398684160,515035136,36684288000,96,11,2131928,,0,0,0,0,0,0,2125520,398663680,,36684288000,,514895872,,340828160,,50561024,,7274496,,0.0069,0.0086,0.0065,0.0185,0.0366,,5,false
phase3a-formal-20260925-v2-component-tokenizer-mixed,9,tokenizer-only,2026-09-24T19:34:13.0395942+00:00,1146.8055,measurement,request-count-200,200,200,200,0,0,5,205,398811136,515166208,36684288000,96,11,2254776,,0,0,0,0,0,0,2247960,398786560,,36684288000,,515026944,,340951040,,50561024,,7274496,,0.0075,0.0096,0.0067,0.0161,0.0618,,5,false
phase3a-formal-20260925-v2-component-tokenizer-mixed,10,tokenizer-only,2026-09-24T19:34:13.0472561+00:00,1154.4676,measurement,request-count-250,250,250,250,0,0,5,255,398934016,515297280,36684288000,96,11,2377624,,0,0,0,0,0,0,2370424,398909440,,36684288000,,515158016,,341073920,,50561024,,7274496,,0.0074,0.0362,0.0099,0.0386,0.5951,,5,false
phase3a-formal-20260925-v2-component-tokenizer-mixed,11,tokenizer-only,2026-09-24T19:34:13.0525162+00:00,1159.7274,measurement,request-count-300,300,300,300,0,0,5,305,399056896,515428352,36684288000,96,11,2500472,,0,0,0,0,0,0,2492888,399032320,,36684288000,,515289088,,341196800,,50561024,,7274496,,0.0077,0.0104,0.0078,0.0183,0.0554,,5,false
phase3a-formal-20260925-v2-component-tokenizer-mixed,12,tokenizer-only,2026-09-24T19:34:13.0568270+00:00,1164.0381,measurement,request-count-350,350,350,350,0,0,5,355,399179776,515559424,36684288000,96,11,2624376,,0,0,0,0,0,0,2616408,399163392,,36684288000,,515420160,,341327872,,50561024,,7274496,,0.0066,0.0104,0.0066,0.0175,0.0774,,5,false
phase3a-formal-20260925-v2-component-tokenizer-mixed,13,tokenizer-only,2026-09-24T19:34:13.0612376+00:00,1168.4487,measurement,request-count-400,400,400,400,0,0,5,405,399302656,515690496,36684288000,96,11,2754648,,0,0,0,0,0,0,2746272,399282176,,36684288000,,515551232,,341446656,,50561024,,7274496,,0.0063,0.0101,0.0079,0.0184,0.0373,,5,false
phase3a-formal-20260925-v2-component-tokenizer-mixed,14,tokenizer-only,2026-09-24T19:34:13.0654977+00:00,1172.7087,measurement,request-count-450,450,450,450,0,0,5,455,399433728,515821568,36684288000,96,11,2877496,,0,0,0,0,0,0,2868736,399405056,,36684288000,,515616768,,341569536,,50561024,,7274496,,0.0115,0.0102,0.008,0.0197,0.0329,,5,false
phase3a-formal-20260925-v2-component-tokenizer-mixed,15,tokenizer-only,2026-09-24T19:34:13.0700205+00:00,1177.2318,measurement,request-count-500,500,500,500,0,0,5,505,399556608,515952640,36684288000,96,11,3000344,,0,0,0,0,0,0,2991176,399532032,,36684288000,,515747840,,341696512,,50561024,,7274496,,0.0079,0.0099,0.0074,0.0146,0.0571,,5,false
phase3a-formal-20260925-v2-component-tokenizer-mixed,16,tokenizer-only,2026-09-24T19:34:13.0744850+00:00,1181.6961,measurement,request-count-550,550,550,550,0,0,5,555,399675392,516083712,36684288000,96,11,3123192,,0,0,0,0,0,0,3113640,399654912,,36684288000,,515878912,,341819392,,50561024,,7274496,,0.0071,0.0121,0.0092,0.0243,0.0359,,5,false
phase3a-formal-20260925-v2-component-tokenizer-mixed,17,tokenizer-only,2026-09-24T19:34:13.0790744+00:00,1186.2857,measurement,request-count-600,600,600,600,0,0,5,605,399798272,516149248,36684288000,96,11,3246040,,0,0,0,0,0,0,3236104,399777792,,36684288000,,516009984,,341942272,,50561024,,7274496,,0.0102,0.0119,0.0101,0.0217,0.0398,,5,false
phase3a-formal-20260925-v2-component-tokenizer-mixed,18,tokenizer-only,2026-09-24T19:34:13.0827554+00:00,1189.9664,measurement,request-count-650,650,650,650,0,0,5,655,399925248,516280320,36684288000,96,11,3377112,,0,0,0,0,0,0,3366768,399908864,,36684288000,,516141056,,342073344,,50561024,,7274496,,0.006,0.0074,0.0064,0.0112,0.0229,,5,false
phase3a-formal-20260925-v2-component-tokenizer-mixed,19,tokenizer-only,2026-09-24T19:34:13.0884882+00:00,1195.6993,measurement,request-count-700,700,700,700,0,0,5,705,400048128,516411392,36684288000,96,11,3499960,,0,0,0,0,0,0,3489232,400031744,,36684288000,,516272128,,342196224,,50561024,,7274496,,0.009,0.0112,0.009,0.0186,0.0593,,5,false
phase3a-formal-20260925-v2-component-tokenizer-mixed,20,tokenizer-only,2026-09-24T19:34:13.0936239+00:00,1200.8351,measurement,request-count-750,750,750,750,0,0,5,755,400179200,516542464,36684288000,96,11,3622808,,0,0,0,0,0,0,3611696,400154624,,36684288000,,516403200,,342319104,,50561024,,7274496,,0.0105,0.0121,0.009,0.0212,0.0613,,5,false
phase3a-formal-20260925-v2-component-tokenizer-mixed,21,tokenizer-only,2026-09-24T19:34:13.0985150+00:00,1205.7261,measurement,request-count-800,800,800,800,0,0,5,805,400302080,516673536,36684288000,96,11,3745656,,0,0,0,0,0,0,3734136,400277504,,36684288000,,516534272,,342441984,,50561024,,7274496,,0.0185,0.0138,0.012,0.0215,0.0366,,5,false
phase3a-formal-20260925-v2-component-tokenizer-mixed,22,tokenizer-only,2026-09-24T19:34:13.1032395+00:00,1210.4508,measurement,request-count-850,850,850,850,0,0,5,855,400424960,516804608,36684288000,96,11,3871584,,0,0,0,0,0,0,3859680,400400384,,36684288000,,516665344,,342564864,,50561024,,7274496,,0.0077,0.0096,0.0067,0.0201,0.0567,,5,false
phase3a-formal-20260925-v2-component-tokenizer-mixed,23,tokenizer-only,2026-09-24T19:34:13.1080470+00:00,1215.2587,measurement,request-count-900,900,900,900,0,0,5,905,400547840,516935680,36684288000,96,11,3991912,,0,0,0,0,0,0,3979600,400527360,,36684288000,,516796416,,342691840,,50561024,,7274496,,0.0167,0.0119,0.0098,0.0176,0.0568,,5,false
phase3a-formal-20260925-v2-component-tokenizer-mixed,24,tokenizer-only,2026-09-24T19:34:13.1147131+00:00,1221.9243,measurement,request-count-950,950,950,950,0,0,5,955,400670720,517066752,36684288000,96,11,4116224,,0,0,0,0,0,0,4103528,400650240,,36684288000,,516861952,,342814720,,50561024,,7274496,,0.007,0.0136,0.0092,0.0187,0.1062,,5,false
phase3a-formal-20260925-v2-component-tokenizer-mixed,25,tokenizer-only,2026-09-24T19:34:13.1197097+00:00,1226.9208,measurement,request-count-1000,1000,1000,1000,0,0,5,1005,400805888,517300224,36684283904,96,11,4244624,,0,0,0,0,0,0,4231544,400777216,,36684288000,,516988928,,342941696,,50561024,,7274496,,0.0074,0.0111,0.0079,0.0179,0.0708,,5,false
phase3a-formal-20260925-v2-component-tokenizer-mixed,26,tokenizer-only,2026-09-24T19:34:13.1240727+00:00,1231.284,measurement,request-count-1050,1050,1050,1050,0,0,5,1055,400924672,517431296,36684283904,96,11,4367472,,0,0,0,0,0,0,4353984,400904192,,36684283904,,517226496,,343072768,,50561024,,7270400,,0.0112,0.0093,0.0072,0.0133,0.0459,,5,false
phase3a-formal-20260925-v2-component-tokenizer-mixed,27,tokenizer-only,2026-09-24T19:34:13.1290227+00:00,1236.2338,measurement,request-count-1100,1100,1100,1100,0,0,5,1105,401047552,517496832,36684283904,96,11,4490320,,0,0,0,0,0,0,4476448,401027072,,36684283904,,517357568,,343195648,,50561024,,7270400,,0.0066,0.0123,0.0092,0.0242,0.0655,,5,false
phase3a-formal-20260925-v2-component-tokenizer-mixed,28,tokenizer-only,2026-09-24T19:34:13.1346738+00:00,1241.8848,measurement,request-count-1150,1150,1150,1150,0,0,5,1155,401174528,517627904,36684283904,96,11,4621392,,0,0,0,0,0,0,4607112,401158144,,36684283904,,517488640,,343326720,,50561024,,7270400,,0.0106,0.013,0.0108,0.0228,0.0485,,5,false
phase3a-formal-20260925-v2-component-tokenizer-mixed,29,tokenizer-only,2026-09-24T19:34:13.1412137+00:00,1248.4255,measurement,request-count-1200,1200,1200,1200,0,0,5,1205,401305600,517758976,36684283904,96,11,4744240,,0,0,0,0,0,0,4729576,401281024,,36684283904,,517619712,,343449600,,50561024,,7270400,,0.0149,0.024,0.0184,0.0647,0.0914,,5,false
phase3a-formal-20260925-v2-component-tokenizer-mixed,30,tokenizer-only,2026-09-24T19:34:13.1474721+00:00,1254.6843,measurement,request-count-1250,1250,1250,1250,0,0,5,1255,401428480,517890048,36684283904,96,11,4867088,,0,0,0,0,0,0,4852016,401403904,,36684283904,,517750784,,343572480,,50561024,,7270400,,0.0134,0.015,0.0117,0.023,0.0672,,5,false
phase3a-formal-20260925-v2-component-tokenizer-mixed,31,tokenizer-only,2026-09-24T19:34:13.1534459+00:00,1260.6571,measurement,request-count-1300,1300,1300,1300,0,0,5,1305,401551360,518021120,36684283904,96,11,4989936,,0,0,0,0,0,0,4974480,401526784,,36684283904,,517881856,,343695360,,50561024,,7270400,,0.0066,0.0092,0.0067,0.0159,0.0527,,5,false
phase3a-formal-20260925-v2-component-tokenizer-mixed,32,tokenizer-only,2026-09-24T19:34:13.1599288+00:00,1267.1414,measurement,request-count-1350,1350,1350,1350,0,0,5,1355,401674240,518152192,36684283904,96,11,5113520,,0,0,0,0,0,0,5097680,401657856,,36684283904,,518012928,,343826432,,50561024,,7270400,,0.0144,0.0168,0.0129,0.0331,0.0719,,5,false
phase3a-formal-20260925-v2-component-tokenizer-mixed,33,tokenizer-only,2026-09-24T19:34:13.1659499+00:00,1273.1611,measurement,request-count-1400,1400,1400,1400,0,0,5,1405,401797120,518283264,36684283904,96,11,5244112,,0,0,0,0,0,0,5227864,401776640,,36684283904,,518144000,,343945216,,50561024,,7270400,,0.0065,0.0098,0.0077,0.0146,0.0534,,5,false
phase3a-formal-20260925-v2-component-tokenizer-mixed,34,tokenizer-only,2026-09-24T19:34:13.1713204+00:00,1278.5316,measurement,request-count-1450,1450,1450,1450,0,0,5,1455,401928192,518414336,36684283904,96,11,5366960,,0,0,0,0,0,0,5350328,401899520,,36684283904,,518209536,,344068096,,50561024,,7270400,,0.008,0.0096,0.0079,0.0158,0.0354,,5,false
phase3a-formal-20260925-v2-component-tokenizer-mixed,35,tokenizer-only,2026-09-24T19:34:13.1773370+00:00,1284.5486,measurement,request-count-1500,1500,1500,1500,0,0,5,1505,402051072,518545408,36684283904,96,11,5489808,,0,0,0,0,0,0,5472768,402026496,,36684283904,,518340608,,344195072,,50561024,,7270400,,0.0199,0.0147,0.0127,0.0246,0.0614,,5,false
phase3a-formal-20260925-v2-component-tokenizer-mixed,36,tokenizer-only,2026-09-24T19:34:13.1837064+00:00,1290.9178,measurement,request-count-1550,1550,1550,1550,0,0,5,1555,402169856,518676480,36684283904,96,11,5612656,,0,0,0,0,0,0,5595232,402149376,,36684283904,,518471680,,344317952,,50561024,,7270400,,0.0084,0.0122,0.0094,0.0179,0.0644,,5,false
phase3a-formal-20260925-v2-component-tokenizer-mixed,37,tokenizer-only,2026-09-24T19:34:13.1911883+00:00,1298.3993,measurement,request-count-1600,1600,1600,1600,0,0,5,1605,402436096,518864896,36684283904,96,11,5743728,,0,0,0,0,0,0,5725896,402423808,,36684283904,,518725632,,344567808,,50561024,,7294976,,0.6017,0.0341,0.0146,0.0878,0.3841,,5,false
phase3a-formal-20260925-v2-component-tokenizer-mixed,38,tokenizer-only,2026-09-24T19:34:13.1967155+00:00,1303.9265,measurement,request-count-1650,1650,1650,1650,0,0,5,1655,402575360,518995968,36684283904,96,11,5866576,,0,0,0,0,0,0,5848360,402554880,,36684283904,,518856704,,344690688,,50561024,,7303168,,0.0075,0.0107,0.0079,0.0218,0.0581,,5,false
phase3a-formal-20260925-v2-component-tokenizer-mixed,39,tokenizer-only,2026-09-24T19:34:13.2012764+00:00,1308.4873,measurement,request-count-1700,1700,1700,1700,0,0,5,1705,402702336,519127040,36684283904,96,11,5989424,,0,0,0,0,0,0,5970800,402677760,,36684283904,,518987776,,344813568,,50561024,,7303168,,0.0082,0.0117,0.0085,0.0223,0.0585,,5,false
phase3a-formal-20260925-v2-component-tokenizer-mixed,40,tokenizer-only,2026-09-24T19:34:13.2060757+00:00,1313.2866,measurement,request-count-1750,1750,1750,1750,0,0,5,1755,402825216,519258112,36684283904,96,11,6112272,,0,0,0,0,0,0,6093264,402800640,,36684283904,,519118848,,344936448,,50561024,,7303168,,0.0084,0.0112,0.0084,0.0187,0.0595,,5,false
phase3a-formal-20260925-v2-component-tokenizer-mixed,41,tokenizer-only,2026-09-24T19:34:13.2106466+00:00,1317.8575,measurement,request-count-1800,1800,1800,1800,0,0,5,1805,402948096,519389184,36684283904,96,11,6243344,,0,0,0,0,0,0,6223928,402931712,,36684283904,,519249920,,345067520,,50561024,,7303168,,0.0133,0.0128,0.0101,0.0319,0.061,,5,false
phase3a-formal-20260925-v2-component-tokenizer-mixed,42,tokenizer-only,2026-09-24T19:34:13.2156511+00:00,1322.862,measurement,request-count-1850,1850,1850,1850,0,0,5,1855,403070976,519520256,36684283904,96,11,6366192,,0,0,0,0,0,0,6346392,403054592,,36684283904,,519380992,,345190400,,50561024,,7303168,,0.0083,0.0117,0.0085,0.0187,0.0735,,5,false
phase3a-formal-20260925-v2-component-tokenizer-mixed,43,tokenizer-only,2026-09-24T19:34:13.2220991+00:00,1329.31,measurement,request-count-1900,1900,1900,1900,0,0,5,1905,403202048,519651328,36684283904,96,11,6489296,,0,0,0,0,0,0,6469112,403173376,,36684283904,,519512064,,345309184,,50561024,,7303168,,0.0066,0.0105,0.008,0.0138,0.0613,,5,false
phase3a-formal-20260925-v2-component-tokenizer-mixed,44,tokenizer-only,2026-09-24T19:34:13.2265381+00:00,1333.749,measurement,request-count-1950,1950,1950,1950,0,0,5,1955,403324928,519782400,36684283904,96,11,6613832,,0,0,0,0,0,0,6593240,403300352,,36684283904,,519643136,,345436160,,50561024,,7303168,,0.0106,0.0105,0.008,0.0208,0.0458,,5,false
phase3a-formal-20260925-v2-component-tokenizer-mixed,45,tokenizer-only,2026-09-24T19:34:13.2306861+00:00,1337.897,measurement,request-count-2000,2000,2000,2000,0,0,5,2005,403447808,519913472,36684283904,96,11,6734992,,0,0,0,0,0,0,6713992,403423232,,36684283904,,519708672,,345559040,,50561024,,7303168,,0.0065,0.0096,0.0066,0.0153,0.0582,,5,false
phase3a-formal-20260925-v2-component-tokenizer-mixed,46,tokenizer-only,2026-09-24T19:34:13.2349557+00:00,1342.1666,measurement,request-count-2050,2050,2050,2050,0,0,5,2055,403566592,520044544,36684283904,96,11,6866064,,0,0,0,0,0,0,6844656,403554304,,36684283904,,519839744,,345690112,,50561024,,7303168,,0.0082,0.0114,0.0082,0.0191,0.064,,5,false
phase3a-formal-20260925-v2-component-tokenizer-mixed,47,tokenizer-only,2026-09-24T19:34:13.2397265+00:00,1346.9375,measurement,request-count-2100,2100,2100,2100,0,0,5,2105,403697664,520175616,36684283904,96,11,6988912,,0,0,0,0,0,0,6967120,403677184,,36684283904,,519970816,,345812992,,50561024,,7303168,,0.0103,0.0125,0.0105,0.0194,0.0494,,5,false
phase3a-formal-20260925-v2-component-tokenizer-mixed,48,tokenizer-only,2026-09-24T19:34:13.2447144+00:00,1351.9253,measurement,request-count-2150,2150,2150,2150,0,0,5,2155,403820544,520241152,36684283904,96,11,7111760,,0,0,0,0,0,0,7089560,403800064,,36684283904,,520101888,,345935872,,50561024,,7303168,,0.0068,0.0113,0.0079,0.0167,0.0743,,5,false
phase3a-formal-20260925-v2-component-tokenizer-mixed,49,tokenizer-only,2026-09-24T19:34:13.2500315+00:00,1357.2426,measurement,request-count-2200,2200,2200,2200,0,0,5,2205,403947520,520372224,36684283904,96,11,7234608,,0,0,0,0,0,0,7212024,403922944,,36684283904,,520232960,,346058752,,50561024,,7303168,,0.0092,0.0122,0.0095,0.0201,0.0622,,5,false
phase3a-formal-20260925-v2-component-tokenizer-mixed,50,tokenizer-only,2026-09-24T19:34:13.2551728+00:00,1362.3837,measurement,request-count-2250,2250,2250,2250,0,0,5,2255,404070400,520503296,36684283904,96,11,7365680,,0,0,0,0,0,0,7342688,404054016,,36684283904,,520364032,,346189824,,50561024,,7303168,,0.0246,0.0116,0.0087,0.0208,0.0701,,5,false
phase3a-formal-20260925-v2-component-tokenizer-mixed,51,tokenizer-only,2026-09-24T19:34:13.2599822+00:00,1367.1932,measurement,request-count-2300,2300,2300,2300,0,0,5,2305,404193280,520634368,36684283904,96,11,7488528,,0,0,0,0,0,0,7465152,404176896,,36684283904,,520495104,,346312704,,50561024,,7303168,,0.0097,0.0121,0.0098,0.0178,0.0464,,5,false
phase3a-formal-20260925-v2-component-tokenizer-mixed,52,tokenizer-only,2026-09-24T19:34:13.2649948+00:00,1372.2058,measurement,request-count-2350,2350,2350,2350,0,0,5,2355,404324352,520765440,36684283904,96,11,7611376,,0,0,0,0,0,0,7587616,404299776,,36684283904,,520626176,,346435584,,50561024,,7303168,,0.0138,0.0153,0.0127,0.034,0.0416,,5,false
phase3a-formal-20260925-v2-component-tokenizer-mixed,53,tokenizer-only,2026-09-24T19:34:13.2714423+00:00,1378.6533,measurement,request-count-2400,2400,2400,2400,0,0,5,2405,404447232,520896512,36684283904,96,11,7736216,,0,0,0,0,0,0,7712048,404422656,,36684283904,,520757248,,346558464,,50561024,,7303168,,0.0317,0.0106,0.0072,0.0192,0.0581,,5,false
phase3a-formal-20260925-v2-component-tokenizer-mixed,54,tokenizer-only,2026-09-24T19:34:13.2790667+00:00,1386.2776,measurement,request-count-2450,2450,2450,2450,0,0,5,2455,404570112,521027584,36684283904,96,11,7860952,,0,0,0,0,0,0,7836376,404545536,,36684283904,,520888320,,346681344,,50561024,,7303168,,0.0067,0.0131,0.0092,0.025,0.0795,,5,false
phase3a-formal-20260925-v2-component-tokenizer-mixed,55,tokenizer-only,2026-09-24T19:34:13.2854876+00:00,1392.6986,measurement,request-count-2500,2500,2500,2500,0,0,5,2505,404692992,521158656,36684283904,96,11,7981608,,0,0,0,0,0,0,7956624,404672512,,36684283904,,520953856,,346808320,,50561024,,7303168,,0.0111,0.0159,0.0121,0.0245,0.0846,,5,false
phase3a-formal-20260925-v2-component-tokenizer-mixed,56,tokenizer-only,2026-09-24T19:34:13.2913335+00:00,1398.5444,measurement,request-count-2550,2550,2550,2550,0,0,5,2555,404824064,521289728,36684283904,96,11,8111248,,0,0,0,0,0,0,8085880,404799488,,36684283904,,521084928,,346935296,,50561024,,7303168,,0.0063,0.0087,0.0065,0.0108,0.0556,,5,false
phase3a-formal-20260925-v2-component-tokenizer-mixed,57,tokenizer-only,2026-09-24T19:34:13.2953946+00:00,1402.6057,measurement,request-count-2600,2600,2600,2600,0,0,5,2605,404942848,521420800,36684283904,96,11,8234096,,0,0,0,0,0,0,8208320,404922368,,36684283904,,521216000,,347058176,,50561024,,7303168,,0.0075,0.0087,0.0069,0.0183,0.034,,5,false
phase3a-formal-20260925-v2-component-tokenizer-mixed,58,tokenizer-only,2026-09-24T19:34:13.2996027+00:00,1406.8136,measurement,request-count-2650,2650,2650,2650,0,0,5,2655,405069824,521486336,36684283904,96,11,8356944,,0,0,0,0,0,0,8330784,405049344,,36684283904,,521347072,,347185152,,50561024,,7303168,,0.009,0.0106,0.0095,0.0179,0.0264,,5,false
phase3a-formal-20260925-v2-component-tokenizer-mixed,59,tokenizer-only,2026-09-24T19:34:13.3053439+00:00,1412.5548,measurement,request-count-2700,2700,2700,2700,0,0,5,2705,405807104,522092544,36684283904,95,11,616192,,528848,5400,1,1,0,0,8437456,405798912,,36684283904,,521953280,,347869184,,50626560,,7303168,,0.0073,0.0101,0.0069,0.0217,0.0687,,5,false
phase3a-formal-20260925-v2-component-tokenizer-mixed,60,tokenizer-only,2026-09-24T19:34:13.3098510+00:00,1417.0619,measurement,request-count-2750,2750,2750,2750,0,0,5,2755,405856256,522092544,36684279808,94,11,740872,,528848,5400,1,1,0,0,8561752,405856256,,36684279808,,521953280,,347893760,,50626560,,7335936,,0.0088,0.0119,0.0095,0.0143,0.0684,,5,false
phase3a-formal-20260925-v2-component-tokenizer-mixed,61,tokenizer-only,2026-09-24T19:34:13.3147855+00:00,1421.9965,measurement,request-count-2800,2800,2800,2800,0,0,5,2805,405856256,522092544,36684279808,94,11,865552,,528848,5400,1,1,0,0,8686048,405856256,,36684279808,,521953280,,347893760,,50626560,,7335936,,0.007,0.0094,0.0068,0.0097,0.0613,,5,false
phase3a-formal-20260925-v2-component-tokenizer-mixed,62,tokenizer-only,2026-09-24T19:34:13.3190158+00:00,1426.2267,measurement,request-count-2850,2850,2850,2850,0,0,5,2855,405856256,522092544,36684279808,94,11,990184,,528848,5400,1,1,0,0,8810296,405856256,,36684279808,,521953280,,347893760,,50626560,,7335936,,0.0072,0.0094,0.0076,0.0105,0.0501,,5,false
phase3a-formal-20260925-v2-component-tokenizer-mixed,63,tokenizer-only,2026-09-24T19:34:13.3228165+00:00,1430.0275,measurement,request-count-2900,2900,2900,2900,0,0,5,2905,405856256,522092544,36684279808,94,11,1114800,,528848,5400,1,1,0,0,8934528,405856256,,36684279808,,521953280,,347893760,,50626560,,7335936,,0.0087,0.0067,0.0061,0.0078,0.0181,,5,false
phase3a-formal-20260925-v2-component-tokenizer-mixed,64,tokenizer-only,2026-09-24T19:34:13.3263838+00:00,1433.5947,measurement,request-count-2950,2950,2950,2950,0,0,5,2955,405860352,522092544,36684279808,94,11,1239368,,528848,5400,1,1,0,0,9058712,405860352,,36684279808,,521953280,,347897856,,50626560,,7335936,,0.0061,0.0064,0.0061,0.0066,0.0158,,5,false
phase3a-formal-20260925-v2-component-tokenizer-mixed,65,tokenizer-only,2026-09-24T19:34:13.3302447+00:00,1437.4556,measurement,request-count-3000,3000,3000,3000,0,0,5,3005,405860352,522092544,36684279808,94,11,1364048,,528848,5400,1,1,0,0,9183008,405860352,,36684279808,,521953280,,347897856,,50626560,,7335936,,0.0061,0.0076,0.0068,0.0096,0.0219,,5,false
phase3a-formal-20260925-v2-component-tokenizer-mixed,66,tokenizer-only,2026-09-24T19:34:13.3342782+00:00,1441.4891,measurement,request-count-3050,3050,3050,3050,0,0,5,3055,405860352,522092544,36684279808,94,11,1488760,,528848,5400,1,1,0,0,9307336,405860352,,36684279808,,521953280,,347897856,,50626560,,7335936,,0.0089,0.0098,0.0087,0.0115,0.0331,,5,false
phase3a-formal-20260925-v2-component-tokenizer-mixed,67,tokenizer-only,2026-09-24T19:34:13.3389222+00:00,1446.1331,measurement,request-count-3100,3100,3100,3100,0,0,5,3105,405860352,522092544,36684279808,94,11,1613488,,528848,5400,1,1,0,0,9431680,405860352,,36684279808,,521953280,,347897856,,50626560,,7335936,,0.0069,0.0136,0.011,0.0234,0.0726,,5,false
phase3a-formal-20260925-v2-component-tokenizer-mixed,68,tokenizer-only,2026-09-24T19:34:13.3439762+00:00,1451.1871,measurement,request-count-3150,3150,3150,3150,0,0,5,3155,405860352,522092544,36684279808,94,11,1738096,,528848,5400,1,1,0,0,9555904,405860352,,36684279808,,521953280,,347897856,,50626560,,7335936,,0.0108,0.0131,0.0096,0.0179,0.0898,,5,false
phase3a-formal-20260925-v2-component-tokenizer-mixed,69,tokenizer-only,2026-09-24T19:34:13.3495737+00:00,1456.7846,measurement,request-count-3200,3200,3200,3200,0,0,5,3205,405860352,522092544,36684279808,94,11,1862760,,528848,5400,1,1,0,0,9680184,405860352,,36684279808,,521953280,,347897856,,50626560,,7335936,,0.0072,0.0105,0.0083,0.0109,0.0669,,5,false
phase3a-formal-20260925-v2-component-tokenizer-mixed,70,tokenizer-only,2026-09-24T19:34:13.3554059+00:00,1462.6168,measurement,request-count-3250,3250,3250,3250,0,0,5,3255,405860352,522092544,36684279808,94,11,1987488,,528848,5400,1,1,0,0,9804528,405860352,,36684279808,,521953280,,347897856,,50626560,,7335936,,0.0066,0.009,0.0066,0.0129,0.0586,,5,false
phase3a-formal-20260925-v2-component-tokenizer-mixed,71,tokenizer-only,2026-09-24T19:34:13.3610966+00:00,1468.3075,measurement,request-count-3300,3300,3300,3300,0,0,5,3305,405860352,522092544,36684279808,94,11,2112144,,528848,5400,1,1,0,0,9928800,405860352,,36684279808,,521953280,,347897856,,50626560,,7335936,,0.008,0.0112,0.008,0.0171,0.0647,,5,false
phase3a-formal-20260925-v2-component-tokenizer-mixed,72,tokenizer-only,2026-09-24T19:34:13.3665696+00:00,1473.7806,measurement,request-count-3350,3350,3350,3350,0,0,5,3355,405860352,522092544,36684279808,94,11,2236864,,528848,5400,1,1,0,0,10053136,405860352,,36684279808,,521953280,,347897856,,50626560,,7335936,,0.0074,0.0109,0.0087,0.0187,0.0451,,5,false
phase3a-formal-20260925-v2-component-tokenizer-mixed,73,tokenizer-only,2026-09-24T19:34:13.3719676+00:00,1479.1786,measurement,request-count-3400,3400,3400,3400,0,0,5,3405,405860352,522092544,36684279808,94,11,2361512,,528848,5400,1,1,0,0,10177400,405860352,,36684279808,,521953280,,347897856,,50626560,,7335936,,0.0074,0.0106,0.0079,0.0185,0.053,,5,false
phase3a-formal-20260925-v2-component-tokenizer-mixed,74,tokenizer-only,2026-09-24T19:34:13.3772765+00:00,1484.4879,measurement,request-count-3450,3450,3450,3450,0,0,5,3455,405860352,522092544,36684279808,94,11,2486168,,528848,5400,1,1,0,0,10301672,405860352,,36684279808,,521953280,,347897856,,50626560,,7335936,,0.0098,0.0105,0.0087,0.0158,0.0537,,5,false
phase3a-formal-20260925-v2-component-tokenizer-mixed,75,tokenizer-only,2026-09-24T19:34:13.3833499+00:00,1490.5609,measurement,request-count-3500,3500,3500,3500,0,0,5,3505,405860352,522092544,36684279808,94,11,2610880,,528848,5400,1,1,0,0,10426000,405860352,,36684279808,,521953280,,347897856,,50626560,,7335936,,0.0061,0.0127,0.0067,0.0267,0.0938,,5,false
phase3a-formal-20260925-v2-component-tokenizer-mixed,76,tokenizer-only,2026-09-24T19:34:13.3887960+00:00,1496.007,measurement,request-count-3550,3550,3550,3550,0,0,5,3555,405860352,522092544,36684279808,94,11,2735512,,528848,5400,1,1,0,0,10550248,405860352,,36684279808,,521953280,,347897856,,50626560,,7335936,,0.0101,0.0106,0.008,0.0142,0.0643,,5,false
phase3a-formal-20260925-v2-component-tokenizer-mixed,77,tokenizer-only,2026-09-24T19:34:13.3947213+00:00,1501.9322,measurement,request-count-3600,3600,3600,3600,0,0,5,3605,405860352,522092544,36684279808,94,11,2860168,,528848,5400,1,1,0,0,10674520,405860352,,36684279808,,521953280,,347897856,,50626560,,7335936,,0.0075,0.0103,0.0077,0.0126,0.0657,,5,false
phase3a-formal-20260925-v2-component-tokenizer-mixed,78,tokenizer-only,2026-09-24T19:34:13.4012317+00:00,1508.4426,measurement,request-count-3650,3650,3650,3650,0,0,5,3655,405860352,522092544,36684279808,94,11,2984880,,528848,5400,1,1,0,0,10798848,405860352,,36684279808,,521953280,,347897856,,50626560,,7335936,,0.0463,0.0103,0.0076,0.031,0.0473,,5,false
phase3a-formal-20260925-v2-component-tokenizer-mixed,79,tokenizer-only,2026-09-24T19:34:13.4072385+00:00,1514.4495,measurement,request-count-3700,3700,3700,3700,0,0,5,3705,405860352,522092544,36684279808,94,11,3109536,,528848,5400,1,1,0,0,10923120,405860352,,36684279808,,521953280,,347897856,,50626560,,7335936,,0.0078,0.0084,0.0073,0.0103,0.0401,,5,false
phase3a-formal-20260925-v2-component-tokenizer-mixed,80,tokenizer-only,2026-09-24T19:34:13.4129284+00:00,1520.1393,measurement,request-count-3750,3750,3750,3750,0,0,5,3755,405860352,522092544,36684279808,94,11,3234248,,528848,5400,1,1,0,0,11047448,405860352,,36684279808,,521953280,,347897856,,50626560,,7335936,,0.0067,0.0129,0.0088,0.0173,0.1027,,5,false
phase3a-formal-20260925-v2-component-tokenizer-mixed,81,tokenizer-only,2026-09-24T19:34:13.4185426+00:00,1525.7535,measurement,request-count-3800,3800,3800,3800,0,0,5,3805,405860352,522092544,36684279808,94,11,3358944,,528848,5400,1,1,0,0,11171760,405860352,,36684279808,,521953280,,347897856,,50626560,,7335936,,0.0078,0.0101,0.008,0.0126,0.0586,,5,false
phase3a-formal-20260925-v2-component-tokenizer-mixed,82,tokenizer-only,2026-09-24T19:34:13.4239534+00:00,1531.1643,measurement,request-count-3850,3850,3850,3850,0,0,5,3855,405860352,522092544,36684279808,94,11,3483552,,528848,5400,1,1,0,0,11295984,405860352,,36684279808,,521953280,,347897856,,50626560,,7335936,,0.0103,0.0132,0.0113,0.0173,0.0442,,5,false
phase3a-formal-20260925-v2-component-tokenizer-mixed,83,tokenizer-only,2026-09-24T19:34:13.4291012+00:00,1536.3121,measurement,request-count-3900,3900,3900,3900,0,0,5,3905,405860352,522092544,36684279808,94,11,3608216,,528848,5400,1,1,0,0,11420264,405860352,,36684279808,,521953280,,347897856,,50626560,,7335936,,0.012,0.013,0.0124,0.0159,0.0309,,5,false
phase3a-formal-20260925-v2-component-tokenizer-mixed,84,tokenizer-only,2026-09-24T19:34:13.4339397+00:00,1541.1506,measurement,request-count-3950,3950,3950,3950,0,0,5,3955,405860352,522092544,36684279808,94,11,3732832,,528848,5400,1,1,0,0,11544496,405860352,,36684279808,,521953280,,347897856,,50626560,,7335936,,0.006,0.0076,0.0061,0.0075,0.0426,,5,false
phase3a-formal-20260925-v2-component-tokenizer-mixed,85,tokenizer-only,2026-09-24T19:34:13.4394029+00:00,1546.6138,measurement,request-count-4000,4000,4000,4000,0,0,5,4005,405860352,522092544,36684279808,94,11,3857504,,528848,5400,1,1,0,0,11668784,405860352,,36684279808,,521953280,,347897856,,50626560,,7335936,,0.0098,0.0118,0.0098,0.0148,0.0579,,5,false
phase3a-formal-20260925-v2-component-tokenizer-mixed,86,tokenizer-only,2026-09-24T19:34:13.4473077+00:00,1554.5187,measurement,request-count-4050,4050,4050,4050,0,0,5,4055,405860352,522092544,36684279808,94,11,3982168,,528848,5400,1,1,0,0,11793064,405860352,,36684279808,,521953280,,347897856,,50626560,,7335936,,0.0099,0.0268,0.0119,0.0374,0.3413,,5,false
phase3a-formal-20260925-v2-component-tokenizer-mixed,87,tokenizer-only,2026-09-24T19:34:13.4533044+00:00,1560.5153,measurement,request-count-4100,4100,4100,4100,0,0,5,4105,405860352,522092544,36684279808,94,11,4106816,,528848,5400,1,1,0,0,11917328,405860352,,36684279808,,521953280,,347897856,,50626560,,7335936,,0.0071,0.0087,0.0063,0.0106,0.0632,,5,false
phase3a-formal-20260925-v2-component-tokenizer-mixed,88,tokenizer-only,2026-09-24T19:34:13.4576182+00:00,1564.8291,measurement,request-count-4150,4150,4150,4150,0,0,5,4155,405860352,522092544,36684279808,94,11,4231528,,528848,5400,1,1,0,0,12041656,405860352,,36684279808,,521953280,,347897856,,50626560,,7335936,,0.0078,0.0089,0.0073,0.0088,0.0513,,5,false
phase3a-formal-20260925-v2-component-tokenizer-mixed,89,tokenizer-only,2026-09-24T19:34:13.4618282+00:00,1569.0392,measurement,request-count-4200,4200,4200,4200,0,0,5,4205,405860352,522092544,36684279808,94,11,4356192,,528848,5400,1,1,0,0,12165936,405860352,,36684279808,,521953280,,347897856,,50626560,,7335936,,0.0092,0.0093,0.0079,0.0143,0.0385,,5,false
phase3a-formal-20260925-v2-component-tokenizer-mixed,90,tokenizer-only,2026-09-24T19:34:13.4665647+00:00,1573.7756,measurement,request-count-4250,4250,4250,4250,0,0,5,4255,405860352,522092544,36684279808,94,11,4480872,,528848,5400,1,1,0,0,12290232,405860352,,36684279808,,521953280,,347897856,,50626560,,7335936,,0.0075,0.0119,0.0083,0.0109,0.097,,5,false
phase3a-formal-20260925-v2-component-tokenizer-mixed,91,tokenizer-only,2026-09-24T19:34:13.4706373+00:00,1577.8483,measurement,request-count-4300,4300,4300,4300,0,0,5,4305,405860352,522092544,36684279808,94,11,4605528,,528848,5400,1,1,0,0,12414504,405860352,,36684279808,,521953280,,347897856,,50626560,,7335936,,0.0066,0.0083,0.0067,0.0104,0.0441,,5,false
phase3a-formal-20260925-v2-component-tokenizer-mixed,92,tokenizer-only,2026-09-24T19:34:13.4749516+00:00,1582.1625,measurement,request-count-4350,4350,4350,4350,0,0,5,4355,405860352,522092544,36684279808,94,11,4733864,,528848,5400,1,1,0,0,12542456,405860352,,36684279808,,521953280,,347897856,,50626560,,7335936,,0.0063,0.0082,0.0064,0.0093,0.0502,,5,false
phase3a-formal-20260925-v2-component-tokenizer-mixed,93,tokenizer-only,2026-09-24T19:34:13.4797527+00:00,1586.9636,measurement,request-count-4400,4400,4400,4400,0,0,5,4405,405860352,522092544,36684279808,94,11,4854872,,528848,5400,1,1,0,0,12663080,405860352,,36684279808,,521953280,,347897856,,50626560,,7335936,,0.0062,0.0086,0.0064,0.0118,0.055,,5,false
phase3a-formal-20260925-v2-component-tokenizer-mixed,94,tokenizer-only,2026-09-24T19:34:13.4838070+00:00,1591.0179,measurement,request-count-4450,4450,4450,4450,0,0,5,4455,405860352,522092544,36684279808,94,11,4979528,,528848,5400,1,1,0,0,12787352,405860352,,36684279808,,521953280,,347897856,,50626560,,7335936,,0.0084,0.0078,0.0063,0.0085,0.0368,,5,false
phase3a-formal-20260925-v2-component-tokenizer-mixed,95,tokenizer-only,2026-09-24T19:34:13.4878141+00:00,1595.0251,measurement,request-count-4500,4500,4500,4500,0,0,5,4505,405860352,522092544,36684279808,94,11,5104192,,528848,5400,1,1,0,0,12911632,405860352,,36684279808,,521953280,,347897856,,50626560,,7335936,,0.006,0.0078,0.0063,0.0074,0.043,,5,false
phase3a-formal-20260925-v2-component-tokenizer-mixed,96,tokenizer-only,2026-09-24T19:34:13.4925866+00:00,1599.7975,measurement,request-count-4550,4550,4550,4550,0,0,5,4555,405860352,522092544,36684279808,94,11,5228888,,528848,5400,1,1,0,0,13035944,405860352,,36684279808,,521953280,,347897856,,50626560,,7335936,,0.0316,0.0141,0.0105,0.0348,0.0693,,5,false
phase3a-formal-20260925-v2-component-tokenizer-mixed,97,tokenizer-only,2026-09-24T19:34:13.4971433+00:00,1604.3542,measurement,request-count-4600,4600,4600,4600,0,0,5,4605,405876736,522092544,36684283904,94,11,5361816,,528848,5400,1,1,0,0,13168488,405876736,,36684283904,,521953280,,347897856,,50626560,,7352320,,0.0078,0.0089,0.0076,0.0095,0.0392,,5,false
phase3a-formal-20260925-v2-component-tokenizer-mixed,98,tokenizer-only,2026-09-24T19:34:13.5022434+00:00,1609.4543,measurement,request-count-4650,4650,4650,4650,0,0,5,4655,405893120,522092544,36684288000,94,11,5486400,,528848,5400,1,1,0,0,13292688,405893120,,36684288000,,521953280,,347897856,,50626560,,7368704,,0.0071,0.0089,0.0071,0.0136,0.0462,,5,false
phase3a-formal-20260925-v2-component-tokenizer-mixed,99,tokenizer-only,2026-09-24T19:34:13.5078152+00:00,1615.0261,measurement,request-count-4700,4700,4700,4700,0,0,5,4705,405917696,522092544,36684288000,94,11,5611080,,528848,5400,1,1,0,0,13416984,405917696,,36684288000,,521953280,,347897856,,50626560,,7393280,,0.0095,0.0121,0.0096,0.0191,0.0628,,5,false
phase3a-formal-20260925-v2-component-tokenizer-mixed,100,tokenizer-only,2026-09-24T19:34:13.5127947+00:00,1620.0056,measurement,request-count-4750,4750,4750,4750,0,0,5,4755,405979136,522129408,36684288000,94,11,5735760,,528848,5400,1,1,0,0,13541280,405979136,,36684288000,,521990144,,347926528,,50626560,,7426048,,0.0063,0.0111,0.0078,0.0203,0.0742,,5,false
phase3a-formal-20260925-v2-component-tokenizer-mixed,101,tokenizer-only,2026-09-24T19:34:13.5184997+00:00,1625.7107,measurement,request-count-4800,4800,4800,4800,0,0,5,4805,405987328,522129408,36684288000,94,11,5860440,,528848,5400,1,1,0,0,13665576,405987328,,36684288000,,521990144,,347926528,,50626560,,7434240,,0.0057,0.0076,0.0059,0.007,0.0495,,5,false
phase3a-formal-20260925-v2-component-tokenizer-mixed,102,tokenizer-only,2026-09-24T19:34:13.5242788+00:00,1631.4897,measurement,request-count-4850,4850,4850,4850,0,0,5,4855,406724608,522850304,36684288000,94,11,5985080,,528848,5400,1,1,0,0,13789832,406720512,,36684288000,,522711040,,348659712,,50626560,,7434240,,0.0069,0.0114,0.0078,0.0163,0.0789,,5,false
phase3a-formal-20260925-v2-component-tokenizer-mixed,103,tokenizer-only,2026-09-24T19:34:13.5290822+00:00,1636.2931,measurement,request-count-4900,4900,4900,4900,0,0,5,4905,406724608,522850304,36684288000,94,11,6109744,,528848,5400,1,1,0,0,13914112,406724608,,36684288000,,522711040,,348659712,,50626560,,7438336,,0.0063,0.0081,0.0065,0.008,0.0473,,5,false
phase3a-formal-20260925-v2-component-tokenizer-mixed,104,tokenizer-only,2026-09-24T19:34:13.5343415+00:00,1641.5524,measurement,request-count-4950,4950,4950,4950,0,0,5,4955,406728704,522850304,36684288000,94,11,6234384,,528848,5400,1,1,0,0,14038368,406728704,,36684288000,,522711040,,348659712,,50626560,,7442432,,0.0077,0.0092,0.0074,0.011,0.0488,,5,false
phase3a-formal-20260925-v2-component-tokenizer-mixed,105,tokenizer-only,2026-09-24T19:34:13.5396013+00:00,1646.8123,measurement,request-count-5000,5000,5000,5000,0,0,5,5005,406745088,522850304,36684292096,94,11,6359040,,528848,5400,1,1,0,0,14162640,406745088,,36684292096,,522711040,,348659712,,50626560,,7458816,,0.0064,0.0091,0.0067,0.0125,0.0556,,5,false
phase3a-formal-20260925-v2-component-tokenizer-mixed,106,tokenizer-only,2026-09-24T19:34:13.5440518+00:00,1651.2628,measurement,request-count-5050,5050,5050,5050,0,0,5,5055,407121920,523235328,36684292096,94,11,6483656,,528848,5400,1,1,0,0,14286872,407101440,,36684292096,,523096064,,349011968,,50626560,,7462912,,0.0079,0.0112,0.0066,0.0239,0.0822,,5,false
phase3a-formal-20260925-v2-component-tokenizer-mixed,107,tokenizer-only,2026-09-24T19:34:13.5488786+00:00,1656.0895,measurement,request-count-5100,5100,5100,5100,0,0,5,5105,407207936,523300864,36684288000,94,11,6608352,,528848,5400,1,1,0,0,14411184,407207936,,36684288000,,523161600,,349110272,,50626560,,7471104,,0.0062,0.0094,0.0067,0.0145,0.0616,,5,false
phase3a-formal-20260925-v2-component-tokenizer-mixed,108,tokenizer-only,2026-09-24T19:34:13.5540261+00:00,1661.2372,measurement,request-count-5150,5150,5150,5150,0,0,5,5155,407244800,523317248,36684288000,94,11,6732984,,528848,5400,1,1,0,0,14535432,407244800,,36684288000,,523177984,,349126656,,50626560,,7491584,,0.0073,0.0105,0.0074,0.0115,0.0762,,5,false
phase3a-formal-20260925-v2-component-tokenizer-mixed,109,tokenizer-only,2026-09-24T19:34:13.5593723+00:00,1666.5832,measurement,request-count-5200,5200,5200,5200,0,0,5,5205,407252992,523317248,36684288000,94,11,6857616,,528848,5400,1,1,0,0,14659680,407252992,,36684288000,,523177984,,349126656,,50626560,,7499776,,0.006,0.0093,0.0076,0.0108,0.0534,,5,false
phase3a-formal-20260925-v2-component-tokenizer-mixed,110,tokenizer-only,2026-09-24T19:34:13.5643975+00:00,1671.6085,measurement,request-count-5250,5250,5250,5250,0,0,5,5255,407257088,523317248,36684288000,94,11,6982160,,528848,5400,1,1,0,0,14783840,407257088,,36684288000,,523177984,,349126656,,50626560,,7503872,,0.0069,0.0087,0.007,0.0115,0.0414,,5,false
phase3a-formal-20260925-v2-component-tokenizer-mixed,111,tokenizer-only,2026-09-24T19:34:13.5695907+00:00,1676.8016,measurement,request-count-5300,5300,5300,5300,0,0,5,5305,407273472,523317248,36684288000,94,11,7106864,,528848,5400,1,1,0,0,14908160,407273472,,36684288000,,523177984,,349126656,,50626560,,7520256,,0.0072,0.0088,0.0069,0.01,0.0495,,5,false
phase3a-formal-20260925-v2-component-tokenizer-mixed,112,tokenizer-only,2026-09-24T19:34:13.5734772+00:00,1680.6881,measurement,request-count-5350,5350,5350,5350,0,0,5,5355,407429120,523407360,36684288000,94,11,7231488,,528848,5400,1,1,0,0,15032400,407429120,,36684288000,,523268096,,349216768,,50626560,,7585792,,0.0071,0.0082,0.007,0.0098,0.0339,,5,false
phase3a-formal-20260925-v2-component-tokenizer-mixed,113,tokenizer-only,2026-09-24T19:34:13.5797887+00:00,1686.9996,measurement,request-count-5400,5400,5400,5400,0,0,5,5405,407470080,523407360,36684292096,94,11,7356112,,528848,5400,1,1,0,0,15156640,407470080,,36684292096,,523268096,,349216768,,50626560,,7626752,,0.0122,0.0086,0.0068,0.0112,0.0506,,5,false
phase3a-formal-20260925-v2-component-tokenizer-mixed,114,tokenizer-only,2026-09-24T19:34:13.5848459+00:00,1692.0569,measurement,request-count-5450,5450,5450,5450,0,0,5,5455,407470080,523407360,36684292096,94,11,7480760,,528848,5400,1,1,0,0,15280904,407470080,,36684292096,,523268096,,349216768,,50626560,,7626752,,0.0068,0.0081,0.0071,0.0104,0.0297,,5,false
phase3a-formal-20260925-v2-component-tokenizer-mixed,115,tokenizer-only,2026-09-24T19:34:13.5896461+00:00,1696.857,measurement,request-count-5500,5500,5500,5500,0,0,5,5505,407470080,523407360,36684292096,94,11,7605408,,528848,5400,1,1,0,0,15405168,407470080,,36684292096,,523268096,,349216768,,50626560,,7626752,,0.0068,0.0082,0.0072,0.0108,0.0253,,5,false
phase3a-formal-20260925-v2-component-tokenizer-mixed,116,tokenizer-only,2026-09-24T19:34:13.5955751+00:00,1702.786,measurement,request-count-5550,5550,5550,5550,0,0,5,5555,407470080,523407360,36684292096,94,11,7730104,,528848,5400,1,1,0,0,15529480,407470080,,36684292096,,523268096,,349216768,,50626560,,7626752,,0.0056,0.008,0.006,0.0095,0.0533,,5,false
phase3a-formal-20260925-v2-component-tokenizer-mixed,117,tokenizer-only,2026-09-24T19:34:13.5997142+00:00,1706.9251,measurement,request-count-5600,5600,5600,5600,0,0,5,5605,407470080,523407360,36684292096,94,11,7854736,,528848,5400,1,1,0,0,15653728,407470080,,36684292096,,523268096,,349216768,,50626560,,7626752,,0.007,0.0086,0.0071,0.0098,0.0428,,5,false
phase3a-formal-20260925-v2-component-tokenizer-mixed,118,tokenizer-only,2026-09-24T19:34:13.6043678+00:00,1711.5787,measurement,request-count-5650,5650,5650,5650,0,0,5,5655,407470080,523407360,36684292096,94,11,7979344,,528848,5400,1,1,0,0,15777952,407470080,,36684292096,,523268096,,349216768,,50626560,,7626752,,0.0084,0.0113,0.0095,0.0145,0.0506,,5,false
phase3a-formal-20260925-v2-component-tokenizer-mixed,119,tokenizer-only,2026-09-24T19:34:13.6084921+00:00,1715.7031,measurement,request-count-5700,5700,5700,5700,0,0,5,5705,407470080,523407360,36684292096,94,11,8103992,,528848,5400,1,1,0,0,15902216,407470080,,36684292096,,523268096,,349216768,,50626560,,7626752,,0.0095,0.0105,0.0091,0.0143,0.0371,,5,false
phase3a-formal-20260925-v2-component-tokenizer-mixed,120,tokenizer-only,2026-09-24T19:34:13.6134150+00:00,1720.6259,measurement,request-count-5750,5750,5750,5750,0,0,5,5755,407470080,523407360,36684292096,94,11,8228656,,528848,5400,1,1,0,0,16026496,407470080,,36684292096,,523268096,,349216768,,50626560,,7626752,,0.0064,0.0113,0.008,0.0169,0.0814,,5,false
phase3a-formal-20260925-v2-component-tokenizer-mixed,121,tokenizer-only,2026-09-24T19:34:13.6192483+00:00,1726.4593,measurement,request-count-5800,5800,5800,5800,0,0,5,5805,407470080,523407360,36684292096,94,11,8353264,,528848,5400,1,1,0,0,16150720,407470080,,36684292096,,523268096,,349216768,,50626560,,7626752,,0.0245,0.0123,0.008,0.0218,0.0927,,5,false
phase3a-formal-20260925-v2-component-tokenizer-mixed,122,tokenizer-only,2026-09-24T19:34:13.6243947+00:00,1731.6056,measurement,request-count-5850,5850,5850,5850,0,0,5,5855,407470080,523407360,36684292096,94,11,8477792,,528848,5400,1,1,0,0,16274864,407470080,,36684292096,,523268096,,349216768,,50626560,,7626752,,0.0068,0.0089,0.0068,0.0116,0.0567,,5,false
phase3a-formal-20260925-v2-component-tokenizer-mixed,123,tokenizer-only,2026-09-24T19:34:13.6288387+00:00,1736.0496,measurement,request-count-5900,5900,5900,5900,0,0,5,5905,407470080,523407360,36684292096,94,11,8602440,,528848,5400,1,1,0,0,16399128,407470080,,36684292096,,523268096,,349216768,,50626560,,7626752,,0.0072,0.0092,0.0075,0.0111,0.046,,5,false
phase3a-formal-20260925-v2-component-tokenizer-mixed,124,tokenizer-only,2026-09-24T19:34:13.6335694+00:00,1740.7803,measurement,request-count-5950,5950,5950,5950,0,0,5,5955,407470080,523407360,36684292096,94,11,8727112,,528848,5400,1,1,0,0,16523416,407470080,,36684292096,,523268096,,349216768,,50626560,,7626752,,0.0075,0.0093,0.0075,0.0089,0.0514,,5,false
phase3a-formal-20260925-v2-component-tokenizer-mixed,125,tokenizer-only,2026-09-24T19:34:13.6375770+00:00,1744.7879,measurement,request-count-6000,6000,6000,6000,0,0,5,6005,407470080,523407360,36684292096,94,11,8851808,,528848,5400,1,1,0,0,16647728,407470080,,36684292096,,523268096,,349216768,,50626560,,7626752,,0.0074,0.008,0.0072,0.0087,0.033,,5,false
phase3a-formal-20260925-v2-component-tokenizer-mixed,126,tokenizer-only,2026-09-24T19:34:13.6433295+00:00,1750.5404,measurement,request-count-6050,6050,6050,6050,0,0,5,6055,407977984,523948032,36684288000,94,11,594184,,519328,504,2,2,1,0,16773856,407977984,,36684288000,,523808768,,349728768,,50626560,,7622656,,0.009,0.0386,0.0073,0.027,0.7732,,5,false
phase3a-formal-20260925-v2-component-tokenizer-mixed,127,tokenizer-only,2026-09-24T19:34:13.6488221+00:00,1756.033,measurement,request-count-6100,6100,6100,6100,0,0,5,6105,407977984,523948032,36684288000,94,11,714768,,519328,504,2,2,1,0,16894056,407977984,,36684288000,,523808768,,349728768,,50626560,,7622656,,0.0061,0.0111,0.0068,0.0328,0.0856,,5,false
phase3a-formal-20260925-v2-component-tokenizer-mixed,128,tokenizer-only,2026-09-24T19:34:13.6539770+00:00,1761.188,measurement,request-count-6150,6150,6150,6150,0,0,5,6155,407977984,523948032,36684288000,94,11,839416,,519328,504,2,2,1,0,17018320,407977984,,36684288000,,523808768,,349728768,,50626560,,7622656,,0.0079,0.0157,0.0091,0.0291,0.1283,,5,false
phase3a-formal-20260925-v2-component-tokenizer-mixed,129,tokenizer-only,2026-09-24T19:34:13.6583806+00:00,1765.5915,measurement,request-count-6200,6200,6200,6200,0,0,5,6205,407977984,523948032,36684288000,94,11,964096,,519328,504,2,2,1,0,17142616,407977984,,36684288000,,523808768,,349728768,,50626560,,7622656,,0.0079,0.0097,0.0075,0.0147,0.038,,5,false
phase3a-formal-20260925-v2-component-tokenizer-mixed,130,tokenizer-only,2026-09-24T19:34:13.6624732+00:00,1769.6841,measurement,request-count-6250,6250,6250,6250,0,0,5,6255,407977984,523948032,36684288000,94,11,1088752,,519328,504,2,2,1,0,17266888,407977984,,36684288000,,523808768,,349728768,,50626560,,7622656,,0.0057,0.0093,0.0073,0.0126,0.0501,,5,false
phase3a-formal-20260925-v2-component-tokenizer-mixed,131,tokenizer-only,2026-09-24T19:34:13.6667203+00:00,1773.9312,measurement,request-count-6300,6300,6300,6300,0,0,5,6305,407977984,523948032,36684288000,94,11,1213400,,519328,504,2,2,1,0,17391152,407977984,,36684288000,,523808768,,349728768,,50626560,,7622656,,0.0062,0.0118,0.0062,0.034,0.0772,,5,false
phase3a-formal-20260925-v2-component-tokenizer-mixed,132,tokenizer-only,2026-09-24T19:34:13.6709186+00:00,1778.1295,measurement,request-count-6350,6350,6350,6350,0,0,5,6355,407977984,523948032,36684288000,94,11,1337976,,519328,504,2,2,1,0,17515344,407977984,,36684288000,,523808768,,349728768,,50626560,,7622656,,0.006,0.0082,0.0072,0.0114,0.0298,,5,false
phase3a-formal-20260925-v2-component-tokenizer-mixed,133,tokenizer-only,2026-09-24T19:34:13.6748299+00:00,1782.0408,measurement,request-count-6400,6400,6400,6400,0,0,5,6405,407977984,523948032,36684288000,94,11,1462584,,519328,504,2,2,1,0,17639568,407977984,,36684288000,,523808768,,349728768,,50626560,,7622656,,0.0067,0.0098,0.0073,0.0179,0.0372,,5,false
phase3a-formal-20260925-v2-component-tokenizer-mixed,134,tokenizer-only,2026-09-24T19:34:13.6792089+00:00,1786.4198,measurement,request-count-6450,6450,6450,6450,0,0,5,6455,407977984,523948032,36684288000,94,11,1587200,,519328,504,2,2,1,0,17763800,407977984,,36684288000,,523808768,,349728768,,50626560,,7622656,,0.0089,0.011,0.0086,0.0199,0.0602,,5,false
phase3a-formal-20260925-v2-component-tokenizer-mixed,135,tokenizer-only,2026-09-24T19:34:13.6832775+00:00,1790.4885,measurement,request-count-6500,6500,6500,6500,0,0,5,6505,407977984,523948032,36684288000,94,11,1711856,,519328,504,2,2,1,0,17888072,407977984,,36684288000,,523808768,,349728768,,50626560,,7622656,,0.007,0.0073,0.0069,0.0083,0.0204,,5,false
phase3a-formal-20260925-v2-component-tokenizer-mixed,136,tokenizer-only,2026-09-24T19:34:13.6870271+00:00,1794.238,measurement,request-count-6550,6550,6550,6550,0,0,5,6555,407977984,523948032,36684288000,94,11,1836464,,519328,504,2,2,1,0,18012296,407977984,,36684288000,,523808768,,349728768,,50626560,,7622656,,0.0078,0.0083,0.008,0.0094,0.0177,,5,false
phase3a-formal-20260925-v2-component-tokenizer-mixed,137,tokenizer-only,2026-09-24T19:34:13.6915348+00:00,1798.7458,measurement,request-count-6600,6600,6600,6600,0,0,5,6605,407977984,523948032,36684288000,94,11,1961072,,519328,504,2,2,1,0,18136520,407977984,,36684288000,,523808768,,349728768,,50626560,,7622656,,0.0214,0.0172,0.0159,0.0337,0.0391,,5,false
phase3a-formal-20260925-v2-component-tokenizer-mixed,138,tokenizer-only,2026-09-24T19:34:13.6953904+00:00,1802.6013,measurement,request-count-6650,6650,6650,6650,0,0,5,6655,407977984,523948032,36684288000,94,11,2085720,,519328,504,2,2,1,0,18260784,407977984,,36684288000,,523808768,,349728768,,50626560,,7622656,,0.0067,0.0078,0.0067,0.0118,0.0308,,5,false
phase3a-formal-20260925-v2-component-tokenizer-mixed,139,tokenizer-only,2026-09-24T19:34:13.6996507+00:00,1806.8616,measurement,request-count-6700,6700,6700,6700,0,0,5,6705,407977984,523948032,36684288000,94,11,2210352,,519328,504,2,2,1,0,18385032,407977984,,36684288000,,523808768,,349728768,,50626560,,7622656,,0.0108,0.0113,0.0097,0.0136,0.046,,5,false
phase3a-formal-20260925-v2-component-tokenizer-mixed,140,tokenizer-only,2026-09-24T19:34:13.7036887+00:00,1810.8999,measurement,request-count-6750,6750,6750,6750,0,0,5,6755,407977984,523948032,36684288000,94,11,2335056,,519328,504,2,2,1,0,18509352,407977984,,36684288000,,523808768,,349728768,,50626560,,7622656,,0.0095,0.0102,0.0087,0.0191,0.0382,,5,false
phase3a-formal-20260925-v2-component-tokenizer-mixed,141,tokenizer-only,2026-09-24T19:34:13.7082350+00:00,1815.4459,measurement,request-count-6800,6800,6800,6800,0,0,5,6805,407977984,523948032,36684288000,94,11,2459704,,519328,504,2,2,1,0,18633616,407977984,,36684288000,,523808768,,349728768,,50626560,,7622656,,0.0073,0.0079,0.0063,0.0089,0.041,,5,false
phase3a-formal-20260925-v2-component-tokenizer-mixed,142,tokenizer-only,2026-09-24T19:34:13.7128771+00:00,1820.088,measurement,request-count-6850,6850,6850,6850,0,0,5,6855,407977984,523948032,36684288000,94,11,2584392,,519328,504,2,2,1,0,18757920,407977984,,36684288000,,523808768,,349728768,,50626560,,7622656,,0.0103,0.0134,0.0105,0.0193,0.0721,,5,false
phase3a-formal-20260925-v2-component-tokenizer-mixed,143,tokenizer-only,2026-09-24T19:34:13.7178388+00:00,1825.0498,measurement,request-count-6900,6900,6900,6900,0,0,5,6905,407977984,523948032,36684288000,94,11,2709072,,519328,504,2,2,1,0,18882216,407977984,,36684288000,,523808768,,349728768,,50626560,,7622656,,0.006,0.0096,0.0077,0.0115,0.0603,,5,false
phase3a-formal-20260925-v2-component-tokenizer-mixed,144,tokenizer-only,2026-09-24T19:34:13.7221724+00:00,1829.3833,measurement,request-count-6950,6950,6950,6950,0,0,5,6955,407977984,523948032,36684288000,94,11,2833664,,519328,504,2,2,1,0,19006424,407977984,,36684288000,,523808768,,349728768,,50626560,,7622656,,0.0269,0.009,0.0074,0.0119,0.042,,5,false
phase3a-formal-20260925-v2-component-tokenizer-mixed,145,tokenizer-only,2026-09-24T19:34:13.7257801+00:00,1832.991,measurement,request-count-7000,7000,7000,7000,0,0,5,7005,407977984,523948032,36684288000,94,11,2958232,,519328,504,2,2,1,0,19130608,407977984,,36684288000,,523808768,,349728768,,50626560,,7622656,,0.0128,0.0065,0.006,0.0077,0.0191,,5,false
phase3a-formal-20260925-v2-component-tokenizer-mixed,146,tokenizer-only,2026-09-24T19:34:13.7297855+00:00,1836.9965,measurement,request-count-7050,7050,7050,7050,0,0,5,7055,407977984,523948032,36684288000,94,11,3082856,,519328,504,2,2,1,0,19254848,407977984,,36684288000,,523808768,,349728768,,50626560,,7622656,,0.0092,0.0113,0.0095,0.0147,0.0467,,5,false
phase3a-formal-20260925-v2-component-tokenizer-mixed,147,tokenizer-only,2026-09-24T19:34:13.7345818+00:00,1841.7928,measurement,request-count-7100,7100,7100,7100,0,0,5,7105,407977984,523948032,36684288000,94,11,3207472,,519328,504,2,2,1,0,19379080,407977984,,36684288000,,523808768,,349728768,,50626560,,7622656,,0.0057,0.0084,0.006,0.0107,0.0582,,5,false
phase3a-formal-20260925-v2-component-tokenizer-mixed,148,tokenizer-only,2026-09-24T19:34:13.7390925+00:00,1846.3035,measurement,request-count-7150,7150,7150,7150,0,0,5,7155,407977984,523948032,36684288000,94,11,3332192,,519328,504,2,2,1,0,19503416,407977984,,36684288000,,523808768,,349728768,,50626560,,7622656,,0.0076,0.0098,0.008,0.0112,0.0514,,5,false
phase3a-formal-20260925-v2-component-tokenizer-mixed,149,tokenizer-only,2026-09-24T19:34:13.7433867+00:00,1850.5976,measurement,request-count-7200,7200,7200,7200,0,0,5,7205,407977984,523948032,36684288000,94,11,3456896,,519328,504,2,2,1,0,19627736,407977984,,36684288000,,523808768,,349728768,,50626560,,7622656,,0.0092,0.0102,0.0095,0.0157,0.0292,,5,false
phase3a-formal-20260925-v2-component-tokenizer-mixed,150,tokenizer-only,2026-09-24T19:34:13.7482456+00:00,1855.4565,measurement,request-count-7250,7250,7250,7250,0,0,5,7255,407977984,523948032,36684288000,94,11,3581592,,519328,504,2,2,1,0,19752048,407977984,,36684288000,,523808768,,349728768,,50626560,,7622656,,0.0102,0.0115,0.0081,0.0164,0.079,,5,false
phase3a-formal-20260925-v2-component-tokenizer-mixed,151,tokenizer-only,2026-09-24T19:34:13.7532126+00:00,1860.4235,measurement,request-count-7300,7300,7300,7300,0,0,5,7305,407977984,523948032,36684288000,94,11,3706264,,519328,504,2,2,1,0,19876336,407977984,,36684288000,,523808768,,349728768,,50626560,,7622656,,0.0074,0.0109,0.008,0.0106,0.0761,,5,false
phase3a-formal-20260925-v2-component-tokenizer-mixed,152,tokenizer-only,2026-09-24T19:34:13.7575901+00:00,1864.8011,measurement,request-count-7350,7350,7350,7350,0,0,5,7355,407977984,523948032,36684288000,94,11,3830936,,519328,504,2,2,1,0,20000624,407977984,,36684288000,,523808768,,349728768,,50626560,,7622656,,0.0073,0.0094,0.0074,0.0116,0.0548,,5,false
phase3a-formal-20260925-v2-component-tokenizer-mixed,153,tokenizer-only,2026-09-24T19:34:13.7631493+00:00,1870.3602,measurement,request-count-7400,7400,7400,7400,0,0,5,7405,407977984,523948032,36684288000,94,11,3955584,,519328,504,2,2,1,0,20124888,407977984,,36684288000,,523808768,,349728768,,50626560,,7622656,,0.0108,0.0129,0.0114,0.0152,0.0462,,5,false
phase3a-formal-20260925-v2-component-tokenizer-mixed,154,tokenizer-only,2026-09-24T19:34:13.7689137+00:00,1876.1246,measurement,request-count-7450,7450,7450,7450,0,0,5,7455,407977984,523948032,36684288000,94,11,4080232,,519328,504,2,2,1,0,20249152,407977984,,36684288000,,523808768,,349728768,,50626560,,7622656,,0.0057,0.008,0.0061,0.0106,0.0529,,5,false
phase3a-formal-20260925-v2-component-tokenizer-mixed,155,tokenizer-only,2026-09-24T19:34:13.7739480+00:00,1881.1589,measurement,request-count-7500,7500,7500,7500,0,0,5,7505,407977984,523948032,36684288000,94,11,4204856,,519328,504,2,2,1,0,20373392,407977984,,36684288000,,523808768,,349728768,,50626560,,7622656,,0.0057,0.008,0.0062,0.0094,0.049,,5,false
phase3a-formal-20260925-v2-component-tokenizer-mixed,156,tokenizer-only,2026-09-24T19:34:13.7796700+00:00,1886.8811,measurement,request-count-7550,7550,7550,7550,0,0,5,7555,408002560,523948032,36684288000,94,11,4329488,,519328,504,2,2,1,0,20497640,408002560,,36684288000,,523808768,,349728768,,50626560,,7647232,,0.0083,0.0121,0.0088,0.021,0.0776,,5,false
phase3a-formal-20260925-v2-component-tokenizer-mixed,157,tokenizer-only,2026-09-24T19:34:13.7846809+00:00,1891.8918,measurement,request-count-7600,7600,7600,7600,0,0,5,7605,408027136,523948032,36684288000,94,11,4454160,,519328,504,2,2,1,0,20621928,408027136,,36684288000,,523808768,,349728768,,50626560,,7671808,,0.0062,0.0096,0.0067,0.0146,0.07,,5,false
phase3a-formal-20260925-v2-component-tokenizer-mixed,158,tokenizer-only,2026-09-24T19:34:13.7894824+00:00,1896.6933,measurement,request-count-7650,7650,7650,7650,0,0,5,7655,408035328,523948032,36684292096,94,11,4578800,,519328,504,2,2,1,0,20746184,408035328,,36684292096,,523808768,,349728768,,50626560,,7680000,,0.0094,0.0128,0.01,0.0201,0.0654,,5,false
phase3a-formal-20260925-v2-component-tokenizer-mixed,159,tokenizer-only,2026-09-24T19:34:13.7955603+00:00,1902.7712,measurement,request-count-7700,7700,7700,7700,0,0,5,7705,408047616,523948032,36684288000,94,11,4703456,,519328,504,2,2,1,0,20870456,408047616,,36684288000,,523808768,,349728768,,50626560,,7692288,,0.0065,0.0076,0.0061,0.0086,0.0414,,5,false
phase3a-formal-20260925-v2-component-tokenizer-mixed,160,tokenizer-only,2026-09-24T19:34:13.8000356+00:00,1907.2466,measurement,request-count-7750,7750,7750,7750,0,0,5,7755,408055808,523948032,36684292096,94,11,4828168,,519328,504,2,2,1,0,20994784,408055808,,36684292096,,523808768,,349728768,,50626560,,7700480,,0.0102,0.013,0.0101,0.0191,0.0748,,5,false
phase3a-formal-20260925-v2-component-tokenizer-mixed,161,tokenizer-only,2026-09-24T19:34:13.8050092+00:00,1912.2201,measurement,request-count-7800,7800,7800,7800,0,0,5,7805,408064000,523948032,36684288000,94,11,4952792,,519328,504,2,2,1,0,21119024,408064000,,36684288000,,523808768,,349728768,,50626560,,7708672,,0.0073,0.0086,0.0067,0.0121,0.0492,,5,false
phase3a-formal-20260925-v2-component-tokenizer-mixed,162,tokenizer-only,2026-09-24T19:34:13.8095802+00:00,1916.7911,measurement,request-count-7850,7850,7850,7850,0,0,5,7855,408059904,523948032,36684279808,94,11,5077752,,519328,504,2,2,1,0,21243600,408059904,,36684279808,,523808768,,349728768,,50626560,,7704576,,0.0075,0.01,0.0076,0.0144,0.0569,,5,false
phase3a-formal-20260925-v2-component-tokenizer-mixed,163,tokenizer-only,2026-09-24T19:34:13.8145780+00:00,1921.789,measurement,request-count-7900,7900,7900,7900,0,0,5,7905,408059904,523948032,36684279808,94,11,5202624,,519328,504,2,2,1,0,21368088,408059904,,36684279808,,523808768,,349728768,,50626560,,7704576,,0.0081,0.0119,0.0087,0.0207,0.0697,,5,false
phase3a-formal-20260925-v2-component-tokenizer-mixed,164,tokenizer-only,2026-09-24T19:34:13.8190039+00:00,1926.2149,measurement,request-count-7950,7950,7950,7950,0,0,5,7955,408059904,523948032,36684279808,94,11,5327584,,519328,504,2,2,1,0,21492664,408059904,,36684279808,,523808768,,349728768,,50626560,,7704576,,0.0061,0.0088,0.0062,0.0139,0.0606,,5,false
phase3a-formal-20260925-v2-component-tokenizer-mixed,165,tokenizer-only,2026-09-24T19:34:13.8228698+00:00,1930.0807,measurement,request-count-8000,8000,8000,8000,0,0,5,8005,408059904,523948032,36684279808,94,11,5452448,,519328,504,2,2,1,0,21617144,408059904,,36684279808,,523808768,,349728768,,50626560,,7704576,,0.0073,0.0077,0.0072,0.0083,0.0189,,5,false
phase3a-formal-20260925-v2-component-tokenizer-mixed,166,tokenizer-only,2026-09-24T19:34:13.8267432+00:00,1933.9542,measurement,request-count-8050,8050,8050,8050,0,0,5,8055,408059904,523948032,36684279808,94,11,5577424,,519328,504,2,2,1,0,21741736,408059904,,36684279808,,523808768,,349728768,,50626560,,7704576,,0.0073,0.0094,0.0079,0.0128,0.0276,,5,false
phase3a-formal-20260925-v2-component-tokenizer-mixed,167,tokenizer-only,2026-09-24T19:34:13.8304172+00:00,1937.6281,measurement,request-count-8100,8100,8100,8100,0,0,5,8105,408059904,523948032,36684279808,94,11,5702288,,519328,504,2,2,1,0,21866216,408059904,,36684279808,,523808768,,349728768,,50626560,,7704576,,0.006,0.0067,0.0061,0.0071,0.0208,,5,false
phase3a-formal-20260925-v2-component-tokenizer-mixed,168,tokenizer-only,2026-09-24T19:34:13.8341725+00:00,1941.3835,measurement,request-count-8150,8150,8150,8150,0,0,5,8155,408059904,523948032,36684279808,94,11,5827128,,519328,504,2,2,1,0,21990672,408059904,,36684279808,,523808768,,349728768,,50626560,,7704576,,0.0074,0.0073,0.0061,0.0113,0.0265,,5,false
phase3a-formal-20260925-v2-component-tokenizer-mixed,169,tokenizer-only,2026-09-24T19:34:13.8379590+00:00,1945.1699,measurement,request-count-8200,8200,8200,8200,0,0,5,8205,408059904,523948032,36684279808,94,11,5952056,,519328,504,2,2,1,0,22115216,408059904,,36684279808,,523808768,,349728768,,50626560,,7704576,,0.0074,0.0069,0.0066,0.0081,0.0152,,5,false
phase3a-formal-20260925-v2-component-tokenizer-mixed,170,tokenizer-only,2026-09-24T19:34:13.8416057+00:00,1948.8166,measurement,request-count-8250,8250,8250,8250,0,0,5,8255,408059904,523948032,36684279808,94,11,6076936,,519328,504,2,2,1,0,22239712,408059904,,36684279808,,523808768,,349728768,,50626560,,7704576,,0.0072,0.0072,0.007,0.0082,0.0158,,5,false
phase3a-formal-20260925-v2-component-tokenizer-mixed,171,tokenizer-only,2026-09-24T19:34:13.8457361+00:00,1952.947,measurement,request-count-8300,8300,8300,8300,0,0,5,8305,408059904,523948032,36684279808,94,11,6201840,,519328,504,2,2,1,0,22364232,408059904,,36684279808,,523808768,,349728768,,50626560,,7704576,,0.0078,0.0103,0.0089,0.0121,0.0444,,5,false
phase3a-formal-20260925-v2-component-tokenizer-mixed,172,tokenizer-only,2026-09-24T19:34:13.8503604+00:00,1957.5713,measurement,request-count-8350,8350,8350,8350,0,0,5,8355,408059904,523948032,36684279808,94,11,6326816,,519328,504,2,2,1,0,22488824,408059904,,36684279808,,523808768,,349728768,,50626560,,7704576,,0.0121,0.0166,0.016,0.0241,0.0452,,5,false
phase3a-formal-20260925-v2-component-tokenizer-mixed,173,tokenizer-only,2026-09-24T19:34:13.8557857+00:00,1962.9966,measurement,request-count-8400,8400,8400,8400,0,0,5,8405,408059904,523948032,36684279808,94,11,6451736,,519328,504,2,2,1,0,22613360,408059904,,36684279808,,523808768,,349728768,,50626560,,7704576,,0.0075,0.0115,0.0087,0.0133,0.0759,,5,false
phase3a-formal-20260925-v2-component-tokenizer-mixed,174,tokenizer-only,2026-09-24T19:34:13.8605355+00:00,1967.7464,measurement,request-count-8450,8450,8450,8450,0,0,5,8455,408059904,523948032,36684279808,94,11,6576728,,519328,504,2,2,1,0,22737968,408059904,,36684279808,,523808768,,349728768,,50626560,,7704576,,0.0066,0.0099,0.0077,0.0159,0.0547,,5,false
phase3a-formal-20260925-v2-component-tokenizer-mixed,175,tokenizer-only,2026-09-24T19:34:13.8647491+00:00,1971.9601,measurement,request-count-8500,8500,8500,8500,0,0,5,8505,408059904,523948032,36684279808,94,11,6701624,,519328,504,2,2,1,0,22862480,408059904,,36684279808,,523808768,,349728768,,50626560,,7704576,,0.01,0.0102,0.0107,0.0132,0.0236,,5,false
phase3a-formal-20260925-v2-component-tokenizer-mixed,176,tokenizer-only,2026-09-24T19:34:13.8690280+00:00,1976.2389,measurement,request-count-8550,8550,8550,8550,0,0,5,8555,408059904,523948032,36684279808,94,11,6826544,,519328,504,2,2,1,0,22987016,408059904,,36684279808,,523808768,,349728768,,50626560,,7704576,,0.0068,0.0114,0.0092,0.0165,0.0502,,5,false
phase3a-formal-20260925-v2-component-tokenizer-mixed,177,tokenizer-only,2026-09-24T19:34:13.8746979+00:00,1981.9089,measurement,request-count-8600,8600,8600,8600,0,0,5,8605,408059904,523948032,36684279808,94,11,6951488,,519328,504,2,2,1,0,23111576,408059904,,36684279808,,523808768,,349728768,,50626560,,7704576,,0.0075,0.0095,0.0077,0.0122,0.0502,,5,false
phase3a-formal-20260925-v2-component-tokenizer-mixed,178,tokenizer-only,2026-09-24T19:34:13.8792210+00:00,1986.4319,measurement,request-count-8650,8650,8650,8650,0,0,5,8655,408059904,523948032,36684279808,94,11,7076416,,519328,504,2,2,1,0,23236120,408059904,,36684279808,,523808768,,349728768,,50626560,,7704576,,0.0094,0.0112,0.0091,0.0139,0.0559,,5,false
phase3a-formal-20260925-v2-component-tokenizer-mixed,179,tokenizer-only,2026-09-24T19:34:13.8852189+00:00,1992.4298,measurement,request-count-8700,8700,8700,8700,0,0,5,8705,408059904,523948032,36684279808,94,11,7201360,,519328,504,2,2,1,0,23360680,408059904,,36684279808,,523808768,,349728768,,50626560,,7704576,,0.0078,0.0105,0.008,0.0143,0.0642,,5,false
phase3a-formal-20260925-v2-component-tokenizer-mixed,180,tokenizer-only,2026-09-24T19:34:13.8905810+00:00,1997.7919,measurement,request-count-8750,8750,8750,8750,0,0,5,8755,408059904,523948032,36684279808,94,11,7326184,,519328,504,2,2,1,0,23485120,408059904,,36684279808,,523808768,,349728768,,50626560,,7704576,,0.0061,0.0091,0.0073,0.0119,0.0483,,5,false
phase3a-formal-20260925-v2-component-tokenizer-mixed,181,tokenizer-only,2026-09-24T19:34:13.8952332+00:00,2002.4441,measurement,request-count-8800,8800,8800,8800,0,0,5,8805,408059904,523948032,36684279808,94,11,7451064,,519328,504,2,2,1,0,23609616,408059904,,36684279808,,523808768,,349728768,,50626560,,7704576,,0.0078,0.0088,0.0083,0.0101,0.0196,,5,false
phase3a-formal-20260925-v2-component-tokenizer-mixed,182,tokenizer-only,2026-09-24T19:34:13.9014248+00:00,2008.6358,measurement,request-count-8850,8850,8850,8850,0,0,5,8855,408059904,523948032,36684279808,94,11,7575992,,519328,504,2,2,1,0,23734160,408059904,,36684279808,,523808768,,349728768,,50626560,,7704576,,0.0092,0.01,0.0088,0.0136,0.0521,,5,false
phase3a-formal-20260925-v2-component-tokenizer-mixed,183,tokenizer-only,2026-09-24T19:34:13.9061119+00:00,2013.3229,measurement,request-count-8900,8900,8900,8900,0,0,5,8905,408059904,523948032,36684279808,94,11,7700880,,519328,504,2,2,1,0,23858664,408059904,,36684279808,,523808768,,349728768,,50626560,,7704576,,0.0095,0.0112,0.0095,0.0137,0.051,,5,false
phase3a-formal-20260925-v2-component-tokenizer-mixed,184,tokenizer-only,2026-09-24T19:34:13.9123080+00:00,2019.5189,measurement,request-count-8950,8950,8950,8950,0,0,5,8955,408109056,523952128,36684292096,96,11,7825768,,519328,504,2,2,1,0,23983168,408109056,,36684292096,,523812864,,349732864,,50651136,,7725056,,0.0071,0.0121,0.0076,0.019,0.0807,,5,false
phase3a-formal-20260925-v2-component-tokenizer-mixed,185,tokenizer-only,2026-09-24T19:34:13.9183536+00:00,2025.5645,measurement,request-count-9000,9000,9000,9000,0,0,5,9005,408125440,523952128,36684296192,96,11,7950832,,519328,504,2,2,1,0,24107848,408125440,,36684296192,,523812864,,349732864,,50651136,,7741440,,0.0112,0.0111,0.0081,0.0149,0.0657,,5,false
phase3a-formal-20260925-v2-component-tokenizer-mixed,186,tokenizer-only,2026-09-24T19:34:13.9232724+00:00,2030.4833,measurement,request-count-9050,9050,9050,9050,0,0,5,9055,408141824,523952128,36684296192,96,11,8075952,,519328,504,2,2,1,0,24232584,408141824,,36684296192,,523812864,,349732864,,50651136,,7757824,,0.0072,0.0088,0.0074,0.0099,0.0433,,5,false
phase3a-formal-20260925-v2-component-tokenizer-mixed,187,tokenizer-only,2026-09-24T19:34:13.9273001+00:00,2034.511,measurement,request-count-9100,9100,9100,9100,0,0,5,9105,408154112,523952128,36684296192,96,11,8201024,,519328,504,2,2,1,0,24357272,408154112,,36684296192,,523812864,,349732864,,50651136,,7770112,,0.0074,0.0081,0.0073,0.0095,0.0241,,5,false
phase3a-formal-20260925-v2-component-tokenizer-mixed,188,tokenizer-only,2026-09-24T19:34:13.9309804+00:00,2038.1914,measurement,request-count-9150,9150,9150,9150,0,0,5,9155,408158208,523952128,36684292096,96,11,8326072,,519328,504,2,2,1,0,24481936,408158208,,36684292096,,523812864,,349732864,,50651136,,7774208,,0.0076,0.0081,0.0074,0.0105,0.0216,,5,false
phase3a-formal-20260925-v2-component-tokenizer-mixed,189,tokenizer-only,2026-09-24T19:34:13.9348525+00:00,2042.0634,measurement,request-count-9200,9200,9200,9200,0,0,5,9205,408244224,523952128,36684292096,96,11,8451168,,519328,504,2,2,1,0,24606648,408244224,,36684292096,,523812864,,349732864,,50716672,,7794688,,0.0061,0.0081,0.0063,0.0105,0.0458,,5,false
phase3a-formal-20260925-v2-component-tokenizer-mixed,190,tokenizer-only,2026-09-24T19:34:13.9392114+00:00,2046.4223,measurement,request-count-9250,9250,9250,9250,0,0,5,9255,408260608,523952128,36684296192,96,11,8576152,,519328,504,2,2,1,0,24731248,408260608,,36684296192,,523812864,,349732864,,50716672,,7811072,,0.0132,0.0119,0.011,0.0151,0.0317,,5,false
phase3a-formal-20260925-v2-component-tokenizer-mixed,191,tokenizer-only,2026-09-24T19:34:13.9431867+00:00,2050.3976,measurement,request-count-9300,9300,9300,9300,0,0,5,9305,408281088,523952128,36684300288,96,11,8701160,,519328,504,2,2,1,0,24855872,408281088,,36684300288,,523812864,,349732864,,50716672,,7831552,,0.0073,0.01,0.0088,0.014,0.025,,5,false
phase3a-formal-20260925-v2-component-tokenizer-mixed,192,tokenizer-only,2026-09-24T19:34:13.9477867+00:00,2054.9976,measurement,request-count-9350,9350,9350,9350,0,0,5,9355,408289280,523952128,36684300288,96,11,8826176,,519328,504,2,2,1,0,24980504,408289280,,36684300288,,523812864,,349732864,,50716672,,7839744,,0.0078,0.0118,0.0081,0.0137,0.0999,,5,false
phase3a-formal-20260925-v2-component-tokenizer-mixed,193,tokenizer-only,2026-09-24T19:34:13.9520402+00:00,2059.2511,measurement,request-count-9400,9400,9400,9400,0,0,5,9405,408313856,523952128,36684300288,96,11,581392,,519328,504,2,3,1,0,25106544,408313856,,36684300288,,523812864,,349732864,,50716672,,7864320,,0.0077,0.0095,0.008,0.0129,0.037,,5,false
phase3a-formal-20260925-v2-component-tokenizer-mixed,194,tokenizer-only,2026-09-24T19:34:13.9573632+00:00,2064.5741,measurement,request-count-9450,9450,9450,9450,0,0,5,9455,408334336,523952128,36684300288,96,11,698456,,530480,576,3,3,1,0,25223224,408334336,,36684300288,,523812864,,349732864,,50716672,,7884800,,0.0101,0.0127,0.0105,0.0208,0.0559,,5,false
phase3a-formal-20260925-v2-component-tokenizer-mixed,195,tokenizer-only,2026-09-24T19:34:13.9628494+00:00,2070.0603,measurement,request-count-9500,9500,9500,9500,0,0,5,9505,408354816,523952128,36684300288,96,11,823552,,530480,576,3,3,1,0,25347936,408354816,,36684300288,,523812864,,349732864,,50716672,,7905280,,0.0087,0.0127,0.0117,0.0143,0.0417,,5,false
phase3a-formal-20260925-v2-component-tokenizer-mixed,196,tokenizer-only,2026-09-24T19:34:13.9696031+00:00,2076.814,measurement,request-count-9550,9550,9550,9550,0,0,5,9555,408387584,523952128,36684292096,96,11,948680,,530480,576,3,3,1,0,25472680,408387584,,36684292096,,523812864,,349732864,,50716672,,7938048,,0.0094,0.0126,0.0101,0.0189,0.0574,,5,false
phase3a-formal-20260925-v2-component-tokenizer-mixed,197,tokenizer-only,2026-09-24T19:34:13.9740161+00:00,2081.227,measurement,request-count-9600,9600,9600,9600,0,0,5,9605,408518656,524017664,36684296192,96,11,1073760,,530480,576,3,3,1,0,25597376,408514560,,36684296192,,523878400,,349794304,,50716672,,8003584,,0.0076,0.0103,0.0079,0.0143,0.0589,,5,false
phase3a-formal-20260925-v2-component-tokenizer-mixed,198,tokenizer-only,2026-09-24T19:34:13.9792218+00:00,2086.4327,measurement,request-count-9650,9650,9650,9650,0,0,5,9655,408551424,524017664,36684296192,96,11,1198744,,530480,576,3,3,1,0,25721976,408551424,,36684296192,,523878400,,349798400,,50716672,,8036352,,0.0136,0.0178,0.0149,0.0335,0.0721,,5,false
phase3a-formal-20260925-v2-component-tokenizer-mixed,199,tokenizer-only,2026-09-24T19:34:13.9843552+00:00,2091.5661,measurement,request-count-9700,9700,9700,9700,0,0,5,9705,408559616,524017664,36684296192,96,11,1323856,,530480,576,3,3,1,0,25846704,408559616,,36684296192,,523878400,,349798400,,50716672,,8044544,,0.0106,0.0096,0.0068,0.0121,0.0588,,5,false
phase3a-formal-20260925-v2-component-tokenizer-mixed,200,tokenizer-only,2026-09-24T19:34:13.9907237+00:00,2097.9346,measurement,request-count-9750,9750,9750,9750,0,0,5,9755,408588288,524017664,36684296192,96,11,1448968,,530480,576,3,3,1,0,25971432,408580096,,36684296192,,523878400,,349798400,,50716672,,8065024,,0.0077,0.0095,0.0078,0.0109,0.0515,,5,false
phase3a-formal-20260925-v2-component-tokenizer-mixed,201,tokenizer-only,2026-09-24T19:34:13.9951493+00:00,2102.3602,measurement,request-count-9800,9800,9800,9800,0,0,5,9805,408629248,524017664,36684300288,96,11,1574032,,530480,576,3,3,1,0,26096112,408629248,,36684300288,,523878400,,349798400,,50716672,,8114176,,0.0075,0.0092,0.0078,0.0126,0.0365,,5,false
phase3a-formal-20260925-v2-component-tokenizer-mixed,202,tokenizer-only,2026-09-24T19:34:13.9996161+00:00,2106.827,measurement,request-count-9850,9850,9850,9850,0,0,5,9855,408633344,524017664,36684300288,96,11,1699080,,530480,576,3,3,1,0,26220776,408633344,,36684300288,,523878400,,349798400,,50716672,,8118272,,0.0075,0.0089,0.0077,0.0087,0.0358,,5,false
phase3a-formal-20260925-v2-component-tokenizer-mixed,203,tokenizer-only,2026-09-24T19:34:14.0034464+00:00,2110.6573,measurement,request-count-9900,9900,9900,9900,0,0,5,9905,408633344,524017664,36684300288,96,11,1824176,,530480,576,3,3,1,0,26345488,408633344,,36684300288,,523878400,,349798400,,50716672,,8118272,,0.0077,0.0082,0.0068,0.01,0.0387,,5,false
phase3a-formal-20260925-v2-component-tokenizer-mixed,204,tokenizer-only,2026-09-24T19:34:14.0079340+00:00,2115.1449,measurement,request-count-9950,9950,9950,9950,0,0,5,9955,408633344,524017664,36684300288,96,11,1949280,,530480,576,3,3,1,0,26470208,408633344,,36684300288,,523878400,,349798400,,50716672,,8118272,,0.0076,0.0093,0.0077,0.0115,0.046,,5,false
phase3a-formal-20260925-v2-component-tokenizer-mixed,205,tokenizer-only,2026-09-24T19:34:14.0124023+00:00,2119.6132,measurement,request-count-10000,10000,10000,10000,0,0,5,10005,408633344,524017664,36684300288,96,11,2074384,,530480,576,3,3,1,0,26594928,408633344,,36684300288,,523878400,,349798400,,50716672,,8118272,,0.008,0.014,0.0104,0.0263,0.0759,,5,false
phase3a-formal-20260925-v2-component-tokenizer-mixed,206,tokenizer-only,2026-09-24T19:34:14.0227399+00:00,2129.9527,idle,idle-0-seconds,10000,10000,10000,0,0,5,10005,409059328,524025856,36684300288,98,11,2221040,,530480,576,3,3,1,0,26741344,409059328,,36684300288,,523886592,,349835264,,51089408,,8134656,,,,,,,,,
phase3a-formal-20260925-v2-component-tokenizer-mixed,207,tokenizer-only,2026-09-24T19:34:14.1151890+00:00,2222.4008,lifecycle,post-dispose,10000,10000,10000,0,0,5,10005,361676800,476442624,36636717056,98,11,2278608,,530480,576,3,3,1,0,26798744,361676800,,36636717056,,476303360,,302383104,,51154944,,8138752,,,,,,,,,
phase3a-formal-20260925-v2-component-sequence-only,0,sequence-only,2026-09-24T19:34:15.2249889+00:00,0.4464,lifecycle,t0-before-model-load,0,0,0,0,0,0,0,61018112,184061952,36349259776,86,11,1310832,,0,0,0,0,0,0,1306776,60973056,,36349267968,,183857152,,9502720,,45654016,,5816320,,,,,,,,,
phase3a-formal-20260925-v2-component-sequence-only,1,sequence-only,2026-09-24T19:34:16.3334108+00:00,1108.8688,setup,t1-after-setup,0,0,0,0,0,0,0,398344192,514449408,36684427264,96,11,1542144,,0,0,0,0,0,0,1537416,398323712,,36684427264,,514310144,,340246528,,50712576,,7364608,,,,,,,,,
phase3a-formal-20260925-v2-component-sequence-only,2,sequence-only,2026-09-24T19:34:16.3482084+00:00,1123.6636,first-operation,t2-after-first-operation,0,0,0,0,0,1,1,398655488,514580480,36684431360,96,11,1615904,,0,0,0,0,0,0,1610936,398639104,,36684431360,,514375680,,340324352,,50712576,,7602176,,,,,,,,67,false
phase3a-formal-20260925-v2-component-sequence-only,3,sequence-only,2026-09-24T19:34:16.3510172+00:00,1126.4725,warmup,warmup-complete,0,0,0,0,0,5,5,398786560,514711552,36684431360,96,11,1746976,,0,0,0,0,0,0,1741600,398766080,,36684431360,,514506752,,340451328,,50712576,,7602176,,,,,,,,,
phase3a-formal-20260925-v2-component-sequence-only,4,sequence-only,2026-09-24T19:34:16.3526666+00:00,1128.1221,measurement,request-count-0,0,0,0,0,0,5,5,398852096,514711552,36684435456,96,11,1804288,,0,0,0,0,0,0,1798720,398831616,,36684435456,,514572288,,340508672,,50712576,,7610368,,,,,,,,,
phase3a-formal-20260925-v2-component-sequence-only,5,sequence-only,2026-09-24T19:34:16.3629670+00:00,1138.4223,measurement,request-count-10,10,10,10,0,0,5,15,399237120,515039232,36684431360,96,11,2131968,,0,0,0,0,0,0,2125632,399216640,,36684431360,,514899968,,340836352,,50712576,,7667712,,0.1887,0.2286,0.1659,0.5172,0.5429,,67,false
phase3a-formal-20260925-v2-component-sequence-only,6,sequence-only,2026-09-24T19:34:16.3752785+00:00,1150.7336,measurement,request-count-50,50,50,50,0,0,5,55,400060416,515891200,36684431360,96,11,2946704,,0,0,0,0,0,0,2937944,400035840,,36684431360,,515751936,,341647360,,50712576,,7675904,,0.1078,0.1239,0.1129,0.1683,0.2905,,67,false
phase3a-formal-20260925-v2-component-sequence-only,7,sequence-only,2026-09-24T19:34:16.3875655+00:00,1163.0206,measurement,request-count-100,100,100,100,0,0,5,105,401068032,516874240,36684431360,96,11,3950528,,0,0,0,0,0,0,3938768,401043456,,36684431360,,516734976,,342654976,,50712576,,7675904,,0.164,0.1362,0.1212,0.2182,0.2862,,67,false
phase3a-formal-20260925-v2-component-sequence-only,8,sequence-only,2026-09-24T19:34:16.3980190+00:00,1173.4741,measurement,request-count-150,150,150,150,0,0,5,155,402067456,517959680,36684427264,96,11,4958016,,0,0,0,0,0,0,4943256,402055168,,36684427264,,517820416,,343670784,,50712576,,7671808,,0.0914,0.1105,0.1018,0.1392,0.2641,,67,false
phase3a-formal-20260925-v2-component-sequence-only,9,sequence-only,2026-09-24T19:34:16.4100358+00:00,1185.4909,measurement,request-count-200,200,200,200,0,0,5,205,403079168,519008256,36684427264,96,11,5959696,,0,0,0,0,0,0,5941960,403054592,,36684427264,,518868992,,344670208,,50712576,,7671808,,0.1033,0.1195,0.107,0.1683,0.3248,,67,false
phase3a-formal-20260925-v2-component-sequence-only,10,sequence-only,2026-09-24T19:34:16.4214933+00:00,1196.9485,measurement,request-count-250,250,250,250,0,0,5,255,404086784,519991296,36684427264,96,11,6964960,,0,0,0,0,0,0,6944248,404062208,,36684427264,,519852032,,345677824,,50712576,,7671808,,0.1161,0.1342,0.1273,0.1744,0.2231,,67,false
phase3a-formal-20260925-v2-component-sequence-only,11,sequence-only,2026-09-24T19:34:16.4326848+00:00,1208.1399,measurement,request-count-300,300,300,300,0,0,5,305,405082112,520974336,36684427264,96,11,7964448,,0,0,0,0,0,0,7940760,405061632,,36684427264,,520835072,,346677248,,50712576,,7671808,,0.0919,0.1089,0.1009,0.1371,0.2366,,67,false
phase3a-formal-20260925-v2-component-sequence-only,12,sequence-only,2026-09-24T19:34:16.4443739+00:00,1219.829,measurement,request-count-350,350,350,350,0,0,5,355,406360064,522039296,36684435456,94,11,1133336,,554760,6352,1,1,0,0,8930960,406360064,,36684435456,,521900032,,347832320,,50778112,,7749632,,0.0966,0.135,0.0968,0.1388,1.0129,,67,false
phase3a-formal-20260925-v2-component-sequence-only,13,sequence-only,2026-09-24T19:34:16.4541755+00:00,1229.6307,measurement,request-count-400,400,400,400,0,0,5,405,406372352,522039296,36684435456,94,11,2133728,,554760,6352,1,1,0,0,9928400,406372352,,36684435456,,521900032,,347840512,,50778112,,7753728,,0.0975,0.1078,0.0986,0.1754,0.2316,,67,false
phase3a-formal-20260925-v2-component-sequence-only,14,sequence-only,2026-09-24T19:34:16.4627156+00:00,1238.1706,measurement,request-count-450,450,450,450,0,0,5,455,406372352,522039296,36684435456,94,11,3138160,,554760,6352,1,1,0,0,10929880,406372352,,36684435456,,521900032,,347840512,,50778112,,7753728,,0.0815,0.0911,0.0834,0.1121,0.1821,,67,false
phase3a-formal-20260925-v2-component-sequence-only,15,sequence-only,2026-09-24T19:34:16.4710042+00:00,1246.4592,measurement,request-count-500,500,500,500,0,0,5,505,406372352,522039296,36684435456,94,11,4142624,,554760,6352,1,1,0,0,11931392,406372352,,36684435456,,521900032,,347840512,,50778112,,7753728,,0.0848,0.0927,0.0864,0.1212,0.1363,,67,false
phase3a-formal-20260925-v2-component-sequence-only,16,sequence-only,2026-09-24T19:34:16.4824450+00:00,1257.9001,measurement,request-count-550,550,550,550,0,0,5,555,406753280,522432512,36684435456,94,11,5155640,,554760,6352,1,1,0,0,12940496,406736896,,36684435456,,522293248,,348205056,,50778112,,7753728,,0.0995,0.1151,0.1043,0.1765,0.26,,67,false
phase3a-formal-20260925-v2-component-sequence-only,17,sequence-only,2026-09-24T19:34:16.4964652+00:00,1271.9203,measurement,request-count-600,600,600,600,0,0,5,605,407756800,523481088,36684435456,94,11,6155128,,554760,6352,1,1,0,0,13937008,407736320,,36684435456,,523276288,,349204480,,50778112,,7753728,,0.1037,0.1507,0.1405,0.1952,0.38,,67,false
phase3a-formal-20260925-v2-component-sequence-only,18,sequence-only,2026-09-24T19:34:16.5098346+00:00,1285.2899,measurement,request-count-650,650,650,650,0,0,5,655,408760320,524464128,36684435456,94,11,7162840,,554760,6352,1,1,0,0,14941768,408739840,,36684435456,,524324864,,350208000,,50778112,,7753728,,0.2104,0.1511,0.1437,0.2405,0.3175,,67,false
phase3a-formal-20260925-v2-component-sequence-only,19,sequence-only,2026-09-24T19:34:16.5259977+00:00,1301.453,measurement,request-count-700,700,700,700,0,0,5,705,409767936,525447168,36684435456,94,11,8162072,,554760,6352,1,1,0,0,15938024,409743360,,36684435456,,525307904,,351211520,,50778112,,7753728,,0.1706,0.188,0.1776,0.2752,0.3422,,67,false
phase3a-formal-20260925-v2-component-sequence-only,20,sequence-only,2026-09-24T19:34:16.5384419+00:00,1313.8973,measurement,request-count-750,750,750,750,0,0,5,755,411074560,526774272,36684431360,94,11,766856,,525840,576,2,2,1,0,16949832,411074560,,36684431360,,526635008,,352546816,,50778112,,7749632,,0.0883,0.1377,0.113,0.1697,0.6649,,67,false
phase3a-formal-20260925-v2-component-sequence-only,21,sequence-only,2026-09-24T19:34:16.5503233+00:00,1325.7785,measurement,request-count-800,800,800,800,0,0,5,805,411074560,526774272,36684431360,94,11,1767240,,525840,576,2,2,1,0,17947264,411074560,,36684431360,,526635008,,352546816,,50778112,,7749632,,0.1916,0.1219,0.0966,0.1765,0.5292,,67,false
phase3a-formal-20260925-v2-component-sequence-only,22,sequence-only,2026-09-24T19:34:16.5616485+00:00,1337.1037,measurement,request-count-850,850,850,850,0,0,5,855,411074560,526774272,36684431360,94,11,2771672,,525840,576,2,2,1,0,18948744,411074560,,36684431360,,526635008,,352546816,,50778112,,7749632,,0.0822,0.1039,0.0924,0.1215,0.2995,,67,false
phase3a-formal-20260925-v2-component-sequence-only,23,sequence-only,2026-09-24T19:34:16.5725129+00:00,1347.9681,measurement,request-count-900,900,900,900,0,0,5,905,411074560,526774272,36684431360,94,11,3776144,,525840,576,2,2,1,0,19950264,411074560,,36684431360,,526635008,,352546816,,50778112,,7749632,,0.0845,0.1113,0.0911,0.1489,0.4188,,67,false
phase3a-formal-20260925-v2-component-sequence-only,24,sequence-only,2026-09-24T19:34:16.5828536+00:00,1358.3089,measurement,request-count-950,950,950,950,0,0,5,955,411074560,526774272,36684431360,94,11,4785080,,525840,576,2,2,1,0,20956272,411074560,,36684431360,,526635008,,352546816,,50778112,,7749632,,0.1147,0.1019,0.0978,0.1225,0.2188,,67,false
phase3a-formal-20260925-v2-component-sequence-only,25,sequence-only,2026-09-24T19:34:16.5944170+00:00,1369.8722,measurement,request-count-1000,1000,1000,1000,0,0,5,1005,411074560,526774272,36684431360,94,11,5785040,,525840,576,2,2,1,0,21953280,411074560,,36684431360,,526635008,,352546816,,50778112,,7749632,,0.085,0.1098,0.0985,0.1473,0.3177,,67,false
phase3a-formal-20260925-v2-component-sequence-only,26,sequence-only,2026-09-24T19:34:16.6047483+00:00,1380.2035,measurement,request-count-1050,1050,1050,1050,0,0,5,1055,411074560,526774272,36684431360,94,11,6789832,,525840,576,2,2,1,0,22955120,411074560,,36684431360,,526635008,,352546816,,50778112,,7749632,,0.0839,0.1026,0.0878,0.1524,0.2723,,67,false
phase3a-formal-20260925-v2-component-sequence-only,27,sequence-only,2026-09-24T19:34:16.6146309+00:00,1390.086,measurement,request-count-1100,1100,1100,1100,0,0,5,1105,411074560,526774272,36684431360,94,11,7794696,,525840,576,2,2,1,0,23957032,411074560,,36684431360,,526635008,,352546816,,50778112,,7749632,,0.0847,0.0966,0.0864,0.1279,0.2044,,67,false
phase3a-formal-20260925-v2-component-sequence-only,28,sequence-only,2026-09-24T19:34:16.6269279+00:00,1402.3831,measurement,request-count-1150,1150,1150,1150,0,0,5,1155,411074560,526774272,36684431360,94,11,8799496,,525840,576,2,2,1,0,24958880,411074560,,36684431360,,526635008,,352546816,,50778112,,7749632,,0.1501,0.1312,0.1185,0.1664,0.3195,,67,false
phase3a-formal-20260925-v2-component-sequence-only,29,sequence-only,2026-09-24T19:34:16.6375127+00:00,1412.9679,measurement,request-count-1200,1200,1200,1200,0,0,5,1205,411074560,526770176,36684431360,94,11,1418984,,529072,648,3,3,1,0,25954464,411074560,,36684431360,,526630912,,352546816,,50778112,,7749632,,0.0853,0.1113,0.0875,0.1305,0.5337,,67,false
phase3a-formal-20260925-v2-component-sequence-only,30,sequence-only,2026-09-24T19:34:16.6495336+00:00,1424.9896,measurement,request-count-1250,1250,1250,1250,0,0,5,1255,411074560,526770176,36684431360,94,11,2423816,,529072,648,3,3,1,0,26956344,411074560,,36684431360,,526630912,,352546816,,50778112,,7749632,,0.0869,0.134,0.1261,0.1983,0.3479,,67,false
phase3a-formal-20260925-v2-component-sequence-only,31,sequence-only,2026-09-24T19:34:16.6594403+00:00,1434.8954,measurement,request-count-1300,1300,1300,1300,0,0,5,1305,411074560,526770176,36684431360,94,11,3428640,,529072,648,3,3,1,0,27958216,411074560,,36684431360,,526630912,,352546816,,50778112,,7749632,,0.0854,0.0956,0.0862,0.1194,0.2132,,67,false
phase3a-formal-20260925-v2-component-sequence-only,32,sequence-only,2026-09-24T19:34:16.6711523+00:00,1446.6076,measurement,request-count-1350,1350,1350,1350,0,0,5,1355,411074560,526770176,36684431360,94,11,4433440,,529072,648,3,3,1,0,28960064,411074560,,36684431360,,526630912,,352546816,,50778112,,7749632,,0.0821,0.1208,0.1071,0.1674,0.3102,,67,false
phase3a-formal-20260925-v2-component-sequence-only,33,sequence-only,2026-09-24T19:34:16.6812508+00:00,1456.706,measurement,request-count-1400,1400,1400,1400,0,0,5,1405,411074560,526770176,36684431360,94,11,5438288,,529072,648,3,3,1,0,29961960,411074560,,36684431360,,526630912,,352546816,,50778112,,7749632,,0.0977,0.0993,0.0893,0.1345,0.2363,,67,false
phase3a-formal-20260925-v2-component-sequence-only,34,sequence-only,2026-09-24T19:34:16.6926677+00:00,1468.1229,measurement,request-count-1450,1450,1450,1450,0,0,5,1455,411074560,526770176,36684431360,94,11,6443104,,529072,648,3,3,1,0,30963824,411074560,,36684431360,,526630912,,352546816,,50778112,,7749632,,0.0997,0.111,0.1024,0.165,0.2761,,67,false
phase3a-formal-20260925-v2-component-sequence-only,35,sequence-only,2026-09-24T19:34:16.7028440+00:00,1478.2991,measurement,request-count-1500,1500,1500,1500,0,0,5,1505,411074560,526770176,36684431360,94,11,7447888,,529072,648,3,3,1,0,31965656,411074560,,36684431360,,526630912,,352546816,,50778112,,7749632,,0.0945,0.0934,0.0836,0.1072,0.2264,,67,false
phase3a-formal-20260925-v2-component-sequence-only,36,sequence-only,2026-09-24T19:34:16.7124412+00:00,1487.8961,measurement,request-count-1550,1550,1550,1550,0,0,5,1555,411283456,526925824,36684431360,94,11,8452736,,529072,648,3,3,1,0,32967552,411283456,,36684431360,,526786560,,352698368,,50778112,,7806976,,0.0924,0.1078,0.0918,0.1621,0.4131,,67,false
phase3a-formal-20260925-v2-component-sequence-only,37,sequence-only,2026-09-24T19:34:16.7228771+00:00,1498.3321,measurement,request-count-1600,1600,1600,1600,0,0,5,1605,411283456,526929920,36684431360,94,11,1075704,,531704,720,4,4,1,0,33973648,411283456,,36684431360,,526790656,,352698368,,50778112,,7806976,,0.1143,0.1187,0.0998,0.1728,0.3938,,67,false
phase3a-formal-20260925-v2-component-sequence-only,38,sequence-only,2026-09-24T19:34:16.7337434+00:00,1509.1984,measurement,request-count-1650,1650,1650,1650,0,0,5,1655,411283456,526929920,36684431360,94,11,2076528,,531704,720,4,4,1,0,34971520,411283456,,36684431360,,526790656,,352698368,,50778112,,7806976,,0.1612,0.1195,0.102,0.2069,0.3308,,67,false
phase3a-formal-20260925-v2-component-sequence-only,39,sequence-only,2026-09-24T19:34:16.7434036+00:00,1518.8585,measurement,request-count-1700,1700,1700,1700,0,0,5,1705,411283456,526929920,36684431360,94,11,3081400,,531704,720,4,4,1,0,35973440,411283456,,36684431360,,526790656,,352698368,,50778112,,7806976,,0.0884,0.1001,0.0887,0.1329,0.2384,,67,false
phase3a-formal-20260925-v2-component-sequence-only,40,sequence-only,2026-09-24T19:34:16.7526891+00:00,1528.144,measurement,request-count-1750,1750,1750,1750,0,0,5,1755,411283456,526929920,36684431360,94,11,4086248,,531704,720,4,4,1,0,36975336,411283456,,36684431360,,526790656,,352698368,,50778112,,7806976,,0.1018,0.101,0.0972,0.1197,0.1957,,67,false
phase3a-formal-20260925-v2-component-sequence-only,41,sequence-only,2026-09-24T19:34:16.7634213+00:00,1538.8762,measurement,request-count-1800,1800,1800,1800,0,0,5,1805,411283456,526929920,36684431360,94,11,5095136,,531704,720,4,4,1,0,37981296,411283456,,36684431360,,526790656,,352698368,,50778112,,7806976,,0.1042,0.1119,0.097,0.1748,0.3486,,67,false
phase3a-formal-20260925-v2-component-sequence-only,42,sequence-only,2026-09-24T19:34:16.7726127+00:00,1548.0677,measurement,request-count-1850,1850,1850,1850,0,0,5,1855,411283456,526929920,36684431360,94,11,6095856,,531704,720,4,4,1,0,38979064,411283456,,36684431360,,526790656,,352698368,,50778112,,7806976,,0.0859,0.1015,0.0952,0.1354,0.1753,,67,false
phase3a-formal-20260925-v2-component-sequence-only,43,sequence-only,2026-09-24T19:34:16.7812331+00:00,1556.6881,measurement,request-count-1900,1900,1900,1900,0,0,5,1905,411283456,526929920,36684431360,94,11,7100736,,531704,720,4,4,1,0,39980992,411283456,,36684431360,,526790656,,352698368,,50778112,,7806976,,0.1059,0.0973,0.0926,0.1162,0.171,,67,false
phase3a-formal-20260925-v2-component-sequence-only,44,sequence-only,2026-09-24T19:34:16.7917829+00:00,1567.2379,measurement,request-count-1950,1950,1950,1950,0,0,5,1955,411283456,526929920,36684431360,94,11,8105576,,531704,720,4,4,1,0,40982880,411283456,,36684431360,,526790656,,352698368,,50778112,,7806976,,0.1019,0.1212,0.1093,0.1758,0.3228,,67,false
phase3a-formal-20260925-v2-component-sequence-only,45,sequence-only,2026-09-24T19:34:16.8013447+00:00,1576.7996,measurement,request-count-2000,2000,2000,2000,0,0,5,2005,411283456,526925824,36684431360,94,11,726144,,536064,840,5,5,1,0,41985016,411283456,,36684431360,,526786560,,352698368,,50778112,,7806976,,0.0989,0.1039,0.0909,0.1349,0.3491,,67,false
phase3a-formal-20260925-v2-component-sequence-only,46,sequence-only,2026-09-24T19:34:16.8119968+00:00,1587.4518,measurement,request-count-2050,2050,2050,2050,0,0,5,2055,411283456,526925824,36684431360,94,11,1731008,,536064,840,5,5,1,0,42986928,411283456,,36684431360,,526786560,,352698368,,50778112,,7806976,,0.0834,0.1174,0.1062,0.1855,0.3113,,67,false
phase3a-formal-20260925-v2-component-sequence-only,47,sequence-only,2026-09-24T19:34:16.8248995+00:00,1600.3545,measurement,request-count-2100,2100,2100,2100,0,0,5,2105,411283456,526925824,36684431360,94,11,2735792,,536064,840,5,5,1,0,43988760,411283456,,36684431360,,526786560,,352698368,,50778112,,7806976,,0.1263,0.1411,0.1149,0.1777,0.6354,,67,false
phase3a-formal-20260925-v2-component-sequence-only,48,sequence-only,2026-09-24T19:34:16.8399149+00:00,1615.3698,measurement,request-count-2150,2150,2150,2150,0,0,5,2155,411283456,526925824,36684431360,94,11,3740576,,536064,840,5,5,1,0,44990592,411283456,,36684431360,,526786560,,352698368,,50778112,,7806976,,0.1596,0.1617,0.1479,0.2413,0.4155,,67,false
phase3a-formal-20260925-v2-component-sequence-only,49,sequence-only,2026-09-24T19:34:16.8535981+00:00,1629.0531,measurement,request-count-2200,2200,2200,2200,0,0,5,2205,411283456,526925824,36684431360,94,11,4752944,,536064,840,5,5,1,0,46000008,411283456,,36684431360,,526786560,,352698368,,50778112,,7806976,,0.162,0.1471,0.1343,0.2161,0.3128,,67,false
phase3a-formal-20260925-v2-component-sequence-only,50,sequence-only,2026-09-24T19:34:16.8678074+00:00,1643.2623,measurement,request-count-2250,2250,2250,2250,0,0,5,2255,411283456,526925824,36684431360,94,11,5750216,,536064,840,5,5,1,0,46994328,411283456,,36684431360,,526786560,,352698368,,50778112,,7806976,,0.1508,0.1354,0.1264,0.1497,0.2998,,67,false
phase3a-formal-20260925-v2-component-sequence-only,51,sequence-only,2026-09-24T19:34:16.8780223+00:00,1653.4773,measurement,request-count-2300,2300,2300,2300,0,0,5,2305,411283456,526925824,36684431360,94,11,6755064,,536064,840,5,5,1,0,47996224,411283456,,36684431360,,526786560,,352698368,,50778112,,7806976,,0.0845,0.1001,0.0957,0.1207,0.1944,,67,false
phase3a-formal-20260925-v2-component-sequence-only,52,sequence-only,2026-09-24T19:34:16.8875360+00:00,1662.9909,measurement,request-count-2350,2350,2350,2350,0,0,5,2355,411283456,526925824,36684431360,94,11,7759912,,536064,840,5,5,1,0,48998120,411283456,,36684431360,,526786560,,352698368,,50778112,,7806976,,0.0864,0.1073,0.0984,0.1466,0.2087,,67,false
phase3a-formal-20260925-v2-component-sequence-only,53,sequence-only,2026-09-24T19:34:16.8978022+00:00,1673.2573,measurement,request-count-2400,2400,2400,2400,0,0,5,2405,411283456,526925824,36684431360,94,11,8764744,,536064,840,5,5,1,0,50000000,411283456,,36684431360,,526786560,,352698368,,50778112,,7806976,,0.1494,0.1165,0.1093,0.161,0.2187,,67,false
phase3a-formal-20260925-v2-component-sequence-only,54,sequence-only,2026-09-24T19:34:16.9077684+00:00,1683.2234,measurement,request-count-2450,2450,2450,2450,0,0,5,2455,411283456,526925824,36684431360,94,11,1389248,,539456,936,6,6,1,0,51006088,411283456,,36684431360,,526786560,,352698368,,50778112,,7806976,,0.0857,0.1053,0.0892,0.158,0.3578,,67,false
phase3a-formal-20260925-v2-component-sequence-only,55,sequence-only,2026-09-24T19:34:16.9174639+00:00,1692.9188,measurement,request-count-2500,2500,2500,2500,0,0,5,2505,411312128,526925824,36684435456,94,11,2390064,,539456,936,6,6,1,0,52003952,411312128,,36684435456,,526786560,,352698368,,50778112,,7835648,,0.0864,0.1128,0.11,0.1538,0.2376,,67,false
phase3a-formal-20260925-v2-component-sequence-only,56,sequence-only,2026-09-24T19:34:16.9270401+00:00,1702.495,measurement,request-count-2550,2550,2550,2550,0,0,5,2555,411357184,526925824,36684439552,94,11,3394832,,539456,936,6,6,1,0,53005768,411357184,,36684439552,,526786560,,352698368,,50778112,,7880704,,0.0945,0.106,0.1004,0.1272,0.1962,,67,false
phase3a-formal-20260925-v2-component-sequence-only,57,sequence-only,2026-09-24T19:34:16.9364427+00:00,1711.8977,measurement,request-count-2600,2600,2600,2600,0,0,5,2605,411467776,527011840,36684431360,94,11,4399680,,539456,936,6,6,1,0,54007664,411467776,,36684431360,,526872576,,352788480,,50778112,,7901184,,0.0835,0.106,0.0917,0.1357,0.3426,,67,false
phase3a-formal-20260925-v2-component-sequence-only,58,sequence-only,2026-09-24T19:34:16.9447436+00:00,1720.1986,measurement,request-count-2650,2650,2650,2650,0,0,5,2655,411779072,527298560,36684439552,94,11,5408568,,539456,936,6,6,1,0,55013600,411779072,,36684439552,,527159296,,353075200,,50778112,,7925760,,0.0767,0.0885,0.079,0.1201,0.1826,,67,false
phase3a-formal-20260925-v2-component-sequence-only,59,sequence-only,2026-09-24T19:34:16.9533087+00:00,1728.7636,measurement,request-count-2700,2700,2700,2700,0,0,5,2705,412176384,527691776,36684439552,94,11,6409392,,539456,936,6,6,1,0,56011472,412176384,,36684439552,,527552512,,353468416,,50778112,,7929856,,0.0803,0.0954,0.0868,0.1358,0.1905,,67,false
phase3a-formal-20260925-v2-component-sequence-only,60,sequence-only,2026-09-24T19:34:16.9618718+00:00,1737.3267,measurement,request-count-2750,2750,2750,2750,0,0,5,2755,412205056,527699968,36684439552,94,11,7422416,,539456,936,6,6,1,0,57021544,412205056,,36684439552,,527560704,,353472512,,50778112,,7954432,,0.0955,0.0924,0.0864,0.1196,0.1586,,67,false
phase3a-formal-20260925-v2-component-sequence-only,61,sequence-only,2026-09-24T19:34:16.9717831+00:00,1747.2381,measurement,request-count-2800,2800,2800,2800,0,0,5,2805,412221440,527699968,36684435456,94,11,8427288,,539456,936,6,6,1,0,58023464,412221440,,36684435456,,527560704,,353476608,,50778112,,7966720,,0.0821,0.105,0.0978,0.1163,0.2654,,67,false
phase3a-formal-20260925-v2-component-sequence-only,62,sequence-only,2026-09-24T19:34:16.9815098+00:00,1756.9648,measurement,request-count-2850,2850,2850,2850,0,0,5,2855,412332032,527777792,36684435456,94,11,1050448,,541136,984,7,7,1,0,59022408,412332032,,36684435456,,527638528,,353538048,,50778112,,8015872,,0.0766,0.1118,0.0896,0.1795,0.3528,,67,false
phase3a-formal-20260925-v2-component-sequence-only,63,sequence-only,2026-09-24T19:34:16.9914387+00:00,1766.8936,measurement,request-count-2900,2900,2900,2900,0,0,5,2905,412598272,528048128,36684435456,94,11,2050216,,541136,984,7,7,1,0,60019224,412549120,,36684435456,,527843328,,353746944,,50778112,,8024064,,0.1308,0.1102,0.1008,0.1509,0.2557,,67,false
phase3a-formal-20260925-v2-component-sequence-only,64,sequence-only,2026-09-24T19:34:17.0000764+00:00,1775.5313,measurement,request-count-2950,2950,2950,2950,0,0,5,2955,412803072,528187392,36684435456,94,11,3055056,,541136,984,7,7,1,0,61021112,412803072,,36684435456,,528048128,,353959936,,50778112,,8065024,,0.0918,0.0883,0.0802,0.1061,0.2223,,67,false
phase3a-formal-20260925-v2-component-sequence-only,65,sequence-only,2026-09-24T19:34:17.0093021+00:00,1784.757,measurement,request-count-3000,3000,3000,3000,0,0,5,3005,412831744,528187392,36684435456,94,11,4059912,,541136,984,7,7,1,0,62023016,412827648,,36684435456,,528048128,,353959936,,50778112,,8089600,,0.0791,0.0953,0.0819,0.1367,0.2093,,67,false
phase3a-formal-20260925-v2-component-sequence-only,66,sequence-only,2026-09-24T19:34:17.0181927+00:00,1793.6477,measurement,request-count-3050,3050,3050,3050,0,0,5,3055,412991488,528277504,36684427264,94,11,5064744,,541136,984,7,7,1,0,63024920,412983296,,36684427264,,528138240,,354050048,,50778112,,8155136,,0.1089,0.098,0.0936,0.1405,0.1521,,67,false
phase3a-formal-20260925-v2-component-sequence-only,67,sequence-only,2026-09-24T19:34:17.0287200+00:00,1804.1749,measurement,request-count-3100,3100,3100,3100,0,0,5,3105,412999680,528277504,36684427264,94,11,6069608,,541136,984,7,7,1,0,64026832,412999680,,36684427264,,528138240,,354050048,,50778112,,8171520,,0.0767,0.095,0.0852,0.1096,0.3016,,67,false
phase3a-formal-20260925-v2-component-sequence-only,68,sequence-only,2026-09-24T19:34:17.0370628+00:00,1812.5177,measurement,request-count-3150,3150,3150,3150,0,0,5,3155,412999680,528277504,36684427264,94,11,7074456,,541136,984,7,7,1,0,65028728,412999680,,36684427264,,528138240,,354050048,,50778112,,8171520,,0.1018,0.0901,0.0843,0.1182,0.153,,67,false
phase3a-formal-20260925-v2-component-sequence-only,69,sequence-only,2026-09-24T19:34:17.0452506+00:00,1820.7056,measurement,request-count-3200,3200,3200,3200,0,0,5,3205,412999680,528277504,36684427264,94,11,8079288,,541136,984,7,7,1,0,66030608,412999680,,36684427264,,528138240,,354050048,,50778112,,8171520,,0.083,0.085,0.0791,0.0999,0.1337,,67,false
phase3a-formal-20260925-v2-component-sequence-only,70,sequence-only,2026-09-24T19:34:17.0535406+00:00,1828.9956,measurement,request-count-3250,3250,3250,3250,0,0,5,3255,412999680,528273408,36684427264,94,11,702376,,543904,1056,8,8,1,0,67036760,412999680,,36684427264,,528134144,,354050048,,50778112,,8171520,,0.1144,0.0938,0.0804,0.1217,0.3143,,67,false
phase3a-formal-20260925-v2-component-sequence-only,71,sequence-only,2026-09-24T19:34:17.0625516+00:00,1838.0065,measurement,request-count-3300,3300,3300,3300,0,0,5,3305,412999680,528273408,36684427264,94,11,1703224,,543904,1056,8,8,1,0,68034656,412999680,,36684427264,,528134144,,354050048,,50778112,,8171520,,0.0762,0.0922,0.0795,0.1198,0.2348,,67,false
phase3a-formal-20260925-v2-component-sequence-only,72,sequence-only,2026-09-24T19:34:17.0715674+00:00,1847.0223,measurement,request-count-3350,3350,3350,3350,0,0,5,3355,412999680,528273408,36684427264,94,11,2708088,,543904,1056,8,8,1,0,69036568,412999680,,36684427264,,528134144,,354050048,,50778112,,8171520,,0.0786,0.0979,0.0879,0.1304,0.257,,67,false
phase3a-formal-20260925-v2-component-sequence-only,73,sequence-only,2026-09-24T19:34:17.0794606+00:00,1854.9156,measurement,request-count-3400,3400,3400,3400,0,0,5,3405,412999680,528273408,36684427264,94,11,3712952,,543904,1056,8,8,1,0,70038480,412999680,,36684427264,,528134144,,354050048,,50778112,,8171520,,0.0762,0.0819,0.0777,0.0977,0.1424,,67,false
phase3a-formal-20260925-v2-component-sequence-only,74,sequence-only,2026-09-24T19:34:17.0879653+00:00,1863.4202,measurement,request-count-3450,3450,3450,3450,0,0,5,3455,412999680,528273408,36684427264,94,11,4717768,,543904,1056,8,8,1,0,71040344,412999680,,36684427264,,528134144,,354050048,,50778112,,8171520,,0.0777,0.0948,0.081,0.1436,0.2307,,67,false
phase3a-formal-20260925-v2-component-sequence-only,75,sequence-only,2026-09-24T19:34:17.0975613+00:00,1873.0164,measurement,request-count-3500,3500,3500,3500,0,0,5,3505,412999680,528273408,36684427264,94,11,5726640,,543904,1056,8,8,1,0,72046264,412999680,,36684427264,,528134144,,354050048,,50778112,,8171520,,0.1079,0.1096,0.1019,0.1811,0.1942,,67,false
phase3a-formal-20260925-v2-component-sequence-only,76,sequence-only,2026-09-24T19:34:17.1065908+00:00,1882.0458,measurement,request-count-3550,3550,3550,3550,0,0,5,3555,412999680,528273408,36684427264,94,11,6727352,,543904,1056,8,8,1,0,73044024,412999680,,36684427264,,528134144,,354050048,,50778112,,8171520,,0.0791,0.0897,0.0793,0.1075,0.2715,,67,false
phase3a-formal-20260925-v2-component-sequence-only,77,sequence-only,2026-09-24T19:34:17.1154958+00:00,1890.9507,measurement,request-count-3600,3600,3600,3600,0,0,5,3605,412999680,528273408,36684427264,94,11,7732248,,543904,1056,8,8,1,0,74045968,412999680,,36684427264,,528134144,,354050048,,50778112,,8171520,,0.0901,0.0843,0.0789,0.1088,0.14,,67,false
phase3a-formal-20260925-v2-component-sequence-only,78,sequence-only,2026-09-24T19:34:17.1255182+00:00,1900.9731,measurement,request-count-3650,3650,3650,3650,0,0,5,3655,412999680,528273408,36684427264,94,11,8737096,,543904,1056,8,8,1,0,75047864,412999680,,36684427264,,528134144,,354050048,,50778112,,8171520,,0.0766,0.0948,0.0859,0.1182,0.2437,,67,false
phase3a-formal-20260925-v2-component-sequence-only,79,sequence-only,2026-09-24T19:34:17.1353283+00:00,1910.7832,measurement,request-count-3700,3700,3700,3700,0,0,5,3705,412999680,528277504,36684427264,94,11,1361416,,547984,1152,9,9,1,0,76054280,412999680,,36684427264,,528138240,,354050048,,50778112,,8171520,,0.0859,0.0978,0.0861,0.123,0.2997,,67,false
phase3a-formal-20260925-v2-component-sequence-only,80,sequence-only,2026-09-24T19:34:17.1431178+00:00,1918.5727,measurement,request-count-3750,3750,3750,3750,0,0,5,3755,412999680,528277504,36684427264,94,11,2361856,,547984,1152,9,9,1,0,77051768,412999680,,36684427264,,528138240,,354050048,,50778112,,8171520,,0.0758,0.081,0.0766,0.1025,0.1378,,67,false
phase3a-formal-20260925-v2-component-sequence-only,81,sequence-only,2026-09-24T19:34:17.1519294+00:00,1927.3844,measurement,request-count-3800,3800,3800,3800,0,0,5,3805,412999680,528277504,36684427264,94,11,3366624,,547984,1152,9,9,1,0,78053584,412999680,,36684427264,,528138240,,354050048,,50778112,,8171520,,0.0961,0.1013,0.0954,0.1338,0.1491,,67,false
phase3a-formal-20260925-v2-component-sequence-only,82,sequence-only,2026-09-24T19:34:17.1632451+00:00,1938.7001,measurement,request-count-3850,3850,3850,3850,0,0,5,3855,412999680,528277504,36684427264,94,11,4371504,,547984,1152,9,9,1,0,79055512,412999680,,36684427264,,528138240,,354050048,,50778112,,8171520,,0.1086,0.1295,0.1097,0.1955,0.3557,,67,false
phase3a-formal-20260925-v2-component-sequence-only,83,sequence-only,2026-09-24T19:34:17.1718528+00:00,1947.3079,measurement,request-count-3900,3900,3900,3900,0,0,5,3905,412999680,528277504,36684427264,94,11,5382328,,547984,1152,9,9,1,0,80063408,412999680,,36684427264,,528138240,,354050048,,50778112,,8171520,,0.1081,0.0935,0.0942,0.1098,0.1299,,67,false
phase3a-formal-20260925-v2-component-sequence-only,84,sequence-only,2026-09-24T19:34:17.1814260+00:00,1956.8811,measurement,request-count-3950,3950,3950,3950,0,0,5,3955,412999680,528277504,36684427264,94,11,6381160,,547984,1152,9,9,1,0,81059288,412999680,,36684427264,,528138240,,354050048,,50778112,,8171520,,0.0751,0.0938,0.0922,0.1144,0.1458,,67,false
phase3a-formal-20260925-v2-component-sequence-only,85,sequence-only,2026-09-24T19:34:17.1928737+00:00,1968.3287,measurement,request-count-4000,4000,4000,4000,0,0,5,4005,412999680,528277504,36684427264,94,11,7386008,,547984,1152,9,9,1,0,82061184,412999680,,36684427264,,528138240,,354050048,,50778112,,8171520,,0.1065,0.1208,0.1074,0.153,0.3171,,67,false
phase3a-formal-20260925-v2-component-sequence-only,86,sequence-only,2026-09-24T19:34:17.2017218+00:00,1977.1767,measurement,request-count-4050,4050,4050,4050,0,0,5,4055,412999680,528277504,36684427264,94,11,8390824,,547984,1152,9,9,1,0,83063048,412999680,,36684427264,,528138240,,354050048,,50778112,,8171520,,0.0866,0.0976,0.0922,0.1302,0.1851,,67,false
phase3a-formal-20260925-v2-component-sequence-only,87,sequence-only,2026-09-24T19:34:17.2113320+00:00,1986.7869,measurement,request-count-4100,4100,4100,4100,0,0,5,4105,412999680,528273408,36684427264,94,11,1014112,,550896,1224,10,10,1,0,84069224,412999680,,36684427264,,528134144,,354050048,,50778112,,8171520,,0.0779,0.0931,0.0783,0.115,0.3173,,67,false
phase3a-formal-20260925-v2-component-sequence-only,88,sequence-only,2026-09-24T19:34:17.2217900+00:00,1997.245,measurement,request-count-4150,4150,4150,4150,0,0,5,4155,412999680,528273408,36684427264,94,11,2014896,,550896,1224,10,10,1,0,85067056,412999680,,36684427264,,528134144,,354050048,,50778112,,8171520,,0.1198,0.111,0.0956,0.1862,0.242,,67,false
phase3a-formal-20260925-v2-component-sequence-only,89,sequence-only,2026-09-24T19:34:17.2317441+00:00,2007.199,measurement,request-count-4200,4200,4200,4200,0,0,5,4205,413073408,528273408,36684439552,94,11,3019704,,550896,1224,10,10,1,0,86068912,413073408,,36684439552,,528134144,,354050048,,50778112,,8245248,,0.0789,0.0888,0.079,0.1093,0.223,,67,false
phase3a-formal-20260925-v2-component-sequence-only,90,sequence-only,2026-09-24T19:34:17.2400659+00:00,2015.5209,measurement,request-count-4250,4250,4250,4250,0,0,5,4255,413159424,528273408,36684435456,94,11,4024576,,550896,1224,10,10,1,0,87070832,413159424,,36684435456,,528134144,,354050048,,50839552,,8269824,,0.0799,0.0904,0.0828,0.1189,0.1418,,67,false
phase3a-formal-20260925-v2-component-sequence-only,91,sequence-only,2026-09-24T19:34:17.2526914+00:00,2028.1464,measurement,request-count-4300,4300,4300,4300,0,0,5,4305,413179904,528273408,36684435456,94,11,5033536,,550896,1224,10,10,1,0,88076784,413179904,,36684435456,,528134144,,354050048,,50839552,,8290304,,0.1535,0.1612,0.153,0.2144,0.2681,,67,false
phase3a-formal-20260925-v2-component-sequence-only,92,sequence-only,2026-09-24T19:34:17.2627819+00:00,2038.2369,measurement,request-count-4350,4350,4350,4350,0,0,5,4355,413204480,528273408,36684439552,94,11,6034304,,550896,1224,10,10,1,0,89074600,413204480,,36684439552,,528134144,,354050048,,50839552,,8314880,,0.1094,0.0984,0.0859,0.1522,0.2052,,67,false
phase3a-formal-20260925-v2-component-sequence-only,93,sequence-only,2026-09-24T19:34:17.2729193+00:00,2048.3742,measurement,request-count-4400,4400,4400,4400,0,0,5,4405,413249536,528277504,36684439552,96,11,7039136,,550896,1224,10,10,1,0,90076480,413249536,,36684439552,,528138240,,354054144,,50864128,,8331264,,0.0846,0.0948,0.0825,0.1391,0.2474,,67,false
phase3a-formal-20260925-v2-component-sequence-only,94,sequence-only,2026-09-24T19:34:17.2829639+00:00,2058.4188,measurement,request-count-4450,4450,4450,4450,0,0,5,4455,413245440,528277504,36684435456,96,11,8044408,,550896,1224,10,10,1,0,91078800,413245440,,36684435456,,528138240,,354054144,,50864128,,8327168,,0.08,0.095,0.092,0.1293,0.2124,,67,false
phase3a-formal-20260925-v2-component-sequence-only,95,sequence-only,2026-09-24T19:34:17.2925481+00:00,2068.0031,measurement,request-count-4500,4500,4500,4500,0,0,5,4505,413245440,528281600,36684435456,96,11,668248,,553776,1296,11,11,1,0,92085256,413245440,,36684435456,,528142336,,354054144,,50864128,,8327168,,0.0801,0.1007,0.094,0.121,0.28,,67,false
phase3a-formal-20260925-v2-component-sequence-only,96,sequence-only,2026-09-24T19:34:17.3014092+00:00,2076.8641,measurement,request-count-4550,4550,4550,4550,0,0,5,4555,413245440,528281600,36684435456,96,11,1669416,,553776,1296,11,11,1,0,93083472,413245440,,36684435456,,528142336,,354054144,,50864128,,8327168,,0.0777,0.0999,0.0931,0.1495,0.2092,,67,false
phase3a-formal-20260925-v2-component-sequence-only,97,sequence-only,2026-09-24T19:34:17.3103617+00:00,2085.8167,measurement,request-count-4600,4600,4600,4600,0,0,5,4605,413245440,528281600,36684435456,96,11,2674688,,553776,1296,11,11,1,0,94085792,413245440,,36684435456,,528142336,,354054144,,50864128,,8327168,,0.1142,0.1008,0.0962,0.1366,0.1881,,67,false
phase3a-formal-20260925-v2-component-sequence-only,98,sequence-only,2026-09-24T19:34:17.3194847+00:00,2094.9396,measurement,request-count-4650,4650,4650,4650,0,0,5,4655,413245440,528281600,36684435456,96,11,3679944,,553776,1296,11,11,1,0,95088096,413245440,,36684435456,,528142336,,354054144,,50864128,,8327168,,0.0882,0.0991,0.0919,0.1318,0.1893,,67,false
phase3a-formal-20260925-v2-component-sequence-only,99,sequence-only,2026-09-24T19:34:17.3286998+00:00,2104.1548,measurement,request-count-4700,4700,4700,4700,0,0,5,4705,413245440,528281600,36684435456,96,11,4685184,,553776,1296,11,11,1,0,96090384,413245440,,36684435456,,528142336,,354054144,,50864128,,8327168,,0.078,0.094,0.0839,0.1096,0.3055,,67,false
phase3a-formal-20260925-v2-component-sequence-only,100,sequence-only,2026-09-24T19:34:17.3374643+00:00,2112.9192,measurement,request-count-4750,4750,4750,4750,0,0,5,4755,413245440,528281600,36684435456,96,11,5694432,,553776,1296,11,11,1,0,97096680,413245440,,36684435456,,528142336,,354054144,,50864128,,8327168,,0.0785,0.0961,0.0887,0.1368,0.1809,,67,false
phase3a-formal-20260925-v2-component-sequence-only,101,sequence-only,2026-09-24T19:34:17.3460386+00:00,2121.4935,measurement,request-count-4800,4800,4800,4800,0,0,5,4805,413245440,528281600,36684435456,96,11,6695648,,553776,1296,11,11,1,0,98094944,413245440,,36684435456,,528142336,,354054144,,50864128,,8327168,,0.0767,0.0907,0.0772,0.1107,0.3432,,67,false
phase3a-formal-20260925-v2-component-sequence-only,102,sequence-only,2026-09-24T19:34:17.3562637+00:00,2131.7186,measurement,request-count-4850,4850,4850,4850,0,0,5,4855,413245440,528281600,36684435456,96,11,7700824,,553776,1296,11,11,1,0,99097168,413245440,,36684435456,,528142336,,354054144,,50864128,,8327168,,0.1094,0.1001,0.0922,0.1249,0.223,,67,false
phase3a-formal-20260925-v2-component-sequence-only,103,sequence-only,2026-09-24T19:34:17.3653797+00:00,2140.8346,measurement,request-count-4900,4900,4900,4900,0,0,5,4905,413245440,528281600,36684435456,96,11,8706024,,553776,1296,11,11,1,0,100099416,413245440,,36684435456,,528142336,,354054144,,50864128,,8327168,,0.0787,0.095,0.0866,0.1152,0.2546,,67,false
phase3a-formal-20260925-v2-component-sequence-only,104,sequence-only,2026-09-24T19:34:17.3746238+00:00,2150.0788,measurement,request-count-4950,4950,4950,4950,0,0,5,4955,413253632,528277504,36684435456,96,11,1327632,,554736,1320,12,12,1,0,101105928,413253632,,36684435456,,528138240,,354054144,,50864128,,8335360,,0.0796,0.103,0.0874,0.158,0.2712,,67,false
phase3a-formal-20260925-v2-component-sequence-only,105,sequence-only,2026-09-24T19:34:17.3836242+00:00,2159.0791,measurement,request-count-5000,5000,5000,5000,0,0,5,5005,413290496,528277504,36684443648,96,11,2328816,,554736,1320,12,12,1,0,102104160,413286400,,36684439552,,528138240,,354054144,,50864128,,8368128,,0.1185,0.1001,0.0928,0.1293,0.1809,,67,false
phase3a-formal-20260925-v2-component-sequence-only,106,sequence-only,2026-09-24T19:34:17.3946178+00:00,2170.0728,measurement,request-count-5050,5050,5050,5050,0,0,5,5055,413384704,528277504,36684443648,96,11,3334080,,554736,1320,12,12,1,0,103106472,413384704,,36684443648,,528138240,,354054144,,50929664,,8400896,,0.0801,0.1306,0.0987,0.1714,0.8074,,67,false
phase3a-formal-20260925-v2-component-sequence-only,107,sequence-only,2026-09-24T19:34:17.4037501+00:00,2179.205,measurement,request-count-5100,5100,5100,5100,0,0,5,5105,413458432,528277504,36684447744,96,11,4339360,,554736,1320,12,12,1,0,104108800,413458432,,36684447744,,528138240,,354054144,,50929664,,8474624,,0.1053,0.102,0.0991,0.1392,0.1474,,67,false
phase3a-formal-20260925-v2-component-sequence-only,108,sequence-only,2026-09-24T19:34:17.4120204+00:00,2187.4753,measurement,request-count-5150,5150,5150,5150,0,0,5,5155,413487104,528277504,36684447744,96,11,5348632,,554736,1320,12,12,1,0,105115120,413487104,,36684447744,,528138240,,354054144,,50929664,,8503296,,0.0781,0.0874,0.0807,0.1079,0.1458,,67,false
phase3a-formal-20260925-v2-component-sequence-only,109,sequence-only,2026-09-24T19:34:17.4214857+00:00,2196.9406,measurement,request-count-5200,5200,5200,5200,0,0,5,5205,413507584,528277504,36684447744,96,11,6349792,,554736,1320,12,12,1,0,106113328,413507584,,36684447744,,528138240,,354054144,,50929664,,8523776,,0.1077,0.1098,0.1068,0.1553,0.1786,,67,false
phase3a-formal-20260925-v2-component-sequence-only,110,sequence-only,2026-09-24T19:34:17.4300149+00:00,2205.4698,measurement,request-count-5250,5250,5250,5250,0,0,5,5255,413532160,528277504,36684443648,96,11,7355056,,554736,1320,12,12,1,0,107115640,413532160,,36684443648,,528138240,,354054144,,50929664,,8548352,,0.0804,0.0902,0.0811,0.1155,0.2034,,67,false
phase3a-formal-20260925-v2-component-sequence-only,111,sequence-only,2026-09-24T19:34:17.4389644+00:00,2214.4193,measurement,request-count-5300,5300,5300,5300,0,0,5,5305,413736960,528371712,36684443648,96,11,8360320,,554736,1320,12,12,1,0,108117952,413736960,,36684443648,,528232448,,354144256,,50929664,,8663040,,0.0879,0.1016,0.091,0.1425,0.1753,,67,false
phase3a-formal-20260925-v2-component-sequence-only,112,sequence-only,2026-09-24T19:34:17.4492047+00:00,2224.6597,measurement,request-count-5350,5350,5350,5350,0,0,5,5355,413777920,528375808,36684447744,96,11,,GC.GetTotalMemory(false) reported a negative byte count (-3209752).,4751880,4195504,13,13,1,0,109124832,413773824,,36684447744,,528236544,,354144256,,50929664,,8699904,,0.108,0.1277,0.1072,0.1386,0.7363,,67,false
phase3a-formal-20260925-v2-component-sequence-only,113,sequence-only,2026-09-24T19:34:17.4602736+00:00,2235.7286,measurement,request-count-5400,5400,5400,5400,0,0,5,5405,413786112,528375808,36684447744,96,11,,GC.GetTotalMemory(false) reported a negative byte count (-2208408).,4751880,4195504,13,13,1,0,110123224,413786112,,36684447744,,528236544,,354144256,,50929664,,8712192,,0.1219,0.1275,0.1204,0.1538,0.2818,,67,false
phase3a-formal-20260925-v2-component-sequence-only,114,sequence-only,2026-09-24T19:34:17.4696925+00:00,2245.1474,measurement,request-count-5450,5450,5450,5450,0,0,5,5455,413786112,528375808,36684447744,96,11,,GC.GetTotalMemory(false) reported a negative byte count (-1202984).,4751880,4195504,13,13,1,0,111125696,413786112,,36684447744,,528236544,,354144256,,50929664,,8712192,,0.0834,0.1034,0.0994,0.1281,0.1604,,67,false
phase3a-formal-20260925-v2-component-sequence-only,115,sequence-only,2026-09-24T19:34:17.4779310+00:00,2253.3859,measurement,request-count-5500,5500,5500,5500,0,0,5,5505,413786112,528375808,36684447744,96,11,,GC.GetTotalMemory(false) reported a negative byte count (-197560).,4751880,4195504,13,13,1,0,112136368,413786112,,36684447744,,528236544,,354144256,,50929664,,8712192,,0.0796,0.0888,0.0805,0.1097,0.1702,,67,false
phase3a-formal-20260925-v2-component-sequence-only,116,sequence-only,2026-09-24T19:34:17.4868509+00:00,2262.3058,measurement,request-count-5550,5550,5550,5550,0,0,5,5555,413786112,528375808,36684447744,96,11,811880,,4751880,4195504,13,13,1,0,113134632,413786112,,36684447744,,528236544,,354144256,,50929664,,8712192,,0.1253,0.1055,0.1026,0.1348,0.1674,,67,false
phase3a-formal-20260925-v2-component-sequence-only,117,sequence-only,2026-09-24T19:34:17.4971381+00:00,2272.593,measurement,request-count-5600,5600,5600,5600,0,0,5,5605,413786112,528375808,36684447744,96,11,1813112,,4751880,4195504,13,13,1,0,114132912,413786112,,36684447744,,528236544,,354144256,,50929664,,8712192,,0.1089,0.1115,0.0971,0.1559,0.3205,,67,false
phase3a-formal-20260925-v2-component-sequence-only,118,sequence-only,2026-09-24T19:34:17.5063151+00:00,2281.7701,measurement,request-count-5650,5650,5650,5650,0,0,5,5655,413786112,528375808,36684447744,96,11,2818400,,4751880,4195504,13,13,1,0,115135248,413786112,,36684447744,,528236544,,354144256,,50929664,,8712192,,0.0834,0.1042,0.1007,0.1373,0.1646,,67,false
phase3a-formal-20260925-v2-component-sequence-only,119,sequence-only,2026-09-24T19:34:17.5143808+00:00,2289.8357,measurement,request-count-5700,5700,5700,5700,0,0,5,5705,413786112,528375808,36684447744,96,11,3823616,,4751880,4195504,13,13,1,0,116137512,413786112,,36684447744,,528236544,,354144256,,50929664,,8712192,,0.0813,0.0889,0.0849,0.1129,0.1564,,67,false
phase3a-formal-20260925-v2-component-sequence-only,120,sequence-only,2026-09-24T19:34:17.5244308+00:00,2299.8857,measurement,request-count-5750,5750,5750,5750,0,0,5,5755,413786112,528371712,36684447744,96,11,642584,,561424,1488,14,14,1,0,117144400,413786112,,36684447744,,528232448,,354144256,,50929664,,8712192,,0.1389,0.1145,0.0965,0.2094,0.4304,,67,false
phase3a-formal-20260925-v2-component-sequence-only,121,sequence-only,2026-09-24T19:34:17.5330712+00:00,2308.5261,measurement,request-count-5800,5800,5800,5800,0,0,5,5805,413786112,528371712,36684447744,96,11,1643456,,561424,1488,14,14,1,0,118142320,413786112,,36684447744,,528232448,,354144256,,50929664,,8712192,,0.0774,0.0913,0.0797,0.1021,0.3201,,67,false
phase3a-formal-20260925-v2-component-sequence-only,122,sequence-only,2026-09-24T19:34:17.5417178+00:00,2317.1727,measurement,request-count-5850,5850,5850,5850,0,0,5,5855,413786112,528371712,36684447744,96,11,2648688,,561424,1488,14,14,1,0,119144600,413786112,,36684447744,,528232448,,354144256,,50929664,,8712192,,0.0812,0.0915,0.0817,0.1113,0.2332,,67,false
phase3a-formal-20260925-v2-component-sequence-only,123,sequence-only,2026-09-24T19:34:17.5505411+00:00,2325.9961,measurement,request-count-5900,5900,5900,5900,0,0,5,5905,413786112,528371712,36684447744,96,11,3654000,,561424,1488,14,14,1,0,120146960,413786112,,36684447744,,528232448,,354144256,,50929664,,8712192,,0.0897,0.0989,0.0942,0.149,0.1953,,67,false
phase3a-formal-20260925-v2-component-sequence-only,124,sequence-only,2026-09-24T19:34:17.5615201+00:00,2336.9751,measurement,request-count-5950,5950,5950,5950,0,0,5,5955,413786112,528371712,36684447744,96,11,4659216,,561424,1488,14,14,1,0,121149224,413786112,,36684447744,,528232448,,354144256,,50929664,,8712192,,0.0982,0.1279,0.12,0.1888,0.2725,,67,false
phase3a-formal-20260925-v2-component-sequence-only,125,sequence-only,2026-09-24T19:34:17.5704487+00:00,2345.9036,measurement,request-count-6000,6000,6000,6000,0,0,5,6005,413786112,528371712,36684447744,96,11,5668408,,561424,1488,14,14,1,0,122155464,413786112,,36684447744,,528232448,,354144256,,50929664,,8712192,,0.079,0.1005,0.0999,0.1389,0.1747,,67,false
phase3a-formal-20260925-v2-component-sequence-only,126,sequence-only,2026-09-24T19:34:17.5787125+00:00,2354.1674,measurement,request-count-6050,6050,6050,6050,0,0,5,6055,413786112,528371712,36684447744,96,11,6669616,,561424,1488,14,14,1,0,123153720,413786112,,36684447744,,528232448,,354144256,,50929664,,8712192,,0.0788,0.0919,0.0837,0.12,0.1758,,67,false
phase3a-formal-20260925-v2-component-sequence-only,127,sequence-only,2026-09-24T19:34:17.5874245+00:00,2362.8795,measurement,request-count-6100,6100,6100,6100,0,0,5,6105,413786112,528371712,36684447744,96,11,7674832,,561424,1488,14,14,1,0,124155984,413786112,,36684447744,,528232448,,354144256,,50929664,,8712192,,0.1089,0.0949,0.0825,0.1412,0.1981,,67,false
phase3a-formal-20260925-v2-component-sequence-only,128,sequence-only,2026-09-24T19:34:17.5977301+00:00,2373.1851,measurement,request-count-6150,6150,6150,6150,0,0,5,6155,413786112,528371712,36684447744,96,11,8680112,,561424,1488,14,14,1,0,125158312,413786112,,36684447744,,528232448,,354144256,,50929664,,8712192,,0.0864,0.1123,0.1003,0.1533,0.293,,67,false
phase3a-formal-20260925-v2-component-sequence-only,129,sequence-only,2026-09-24T19:34:17.6074959+00:00,2382.9509,measurement,request-count-6200,6200,6200,6200,0,0,5,6205,413786112,528375808,36684447744,96,11,1304864,,565640,1584,15,15,1,0,126164824,413786112,,36684447744,,528236544,,354144256,,50929664,,8712192,,0.0927,0.1142,0.0953,0.2132,0.3891,,67,false
phase3a-formal-20260925-v2-component-sequence-only,130,sequence-only,2026-09-24T19:34:17.6175527+00:00,2393.0077,measurement,request-count-6250,6250,6250,6250,0,0,5,6255,413786112,528375808,36684447744,96,11,2306056,,565640,1584,15,15,1,0,127163064,413786112,,36684447744,,528236544,,354144256,,50929664,,8712192,,0.0916,0.116,0.111,0.147,0.2118,,67,false
phase3a-formal-20260925-v2-component-sequence-only,131,sequence-only,2026-09-24T19:34:17.6278022+00:00,2403.2571,measurement,request-count-6300,6300,6300,6300,0,0,5,6305,413786112,528375808,36684447744,96,11,3311272,,565640,1584,15,15,1,0,128165328,413786112,,36684447744,,528236544,,354144256,,50929664,,8712192,,0.0922,0.1158,0.1115,0.1588,0.2278,,67,false
phase3a-formal-20260925-v2-component-sequence-only,132,sequence-only,2026-09-24T19:34:17.6364987+00:00,2411.9536,measurement,request-count-6350,6350,6350,6350,0,0,5,6355,413786112,528375808,36684447744,96,11,4316536,,565640,1584,15,15,1,0,129167640,413786112,,36684447744,,528236544,,354144256,,50929664,,8712192,,0.0785,0.0923,0.0829,0.1243,0.227,,67,false
phase3a-formal-20260925-v2-component-sequence-only,133,sequence-only,2026-09-24T19:34:17.6455293+00:00,2420.9843,measurement,request-count-6400,6400,6400,6400,0,0,5,6405,413786112,528375808,36684447744,96,11,5325824,,565640,1584,15,15,1,0,130173976,413786112,,36684447744,,528236544,,354144256,,50929664,,8712192,,0.1021,0.1016,0.0835,0.1645,0.1801,,67,false
phase3a-formal-20260925-v2-component-sequence-only,134,sequence-only,2026-09-24T19:34:17.6544068+00:00,2429.8618,measurement,request-count-6450,6450,6450,6450,0,0,5,6455,413794304,528375808,36684447744,96,11,6327000,,565640,1584,15,15,1,0,131172200,413794304,,36684447744,,528236544,,354144256,,50929664,,8720384,,0.0925,0.0989,0.0892,0.1256,0.2569,,67,false
phase3a-formal-20260925-v2-component-sequence-only,135,sequence-only,2026-09-24T19:34:17.6640873+00:00,2439.5422,measurement,request-count-6500,6500,6500,6500,0,0,5,6505,413798400,528375808,36684447744,96,11,7332296,,565640,1584,15,15,1,0,132174544,413798400,,36684447744,,528236544,,354144256,,50929664,,8724480,,0.0809,0.1038,0.0932,0.1323,0.2377,,67,false
phase3a-formal-20260925-v2-component-sequence-only,136,sequence-only,2026-09-24T19:34:17.6734566+00:00,2448.9115,measurement,request-count-6550,6550,6550,6550,0,0,5,6555,413798400,528375808,36684447744,96,11,8337496,,565640,1584,15,15,1,0,133176792,413798400,,36684447744,,528236544,,354144256,,50929664,,8724480,,0.0798,0.106,0.0886,0.1809,0.2618,,67,false
phase3a-formal-20260925-v2-component-sequence-only,137,sequence-only,2026-09-24T19:34:17.6818503+00:00,2457.3052,measurement,request-count-6600,6600,6600,6600,0,0,5,6605,413798400,528371712,36684447744,96,11,961872,,568624,1824,16,16,1,0,134184384,413798400,,36684447744,,528232448,,354144256,,50929664,,8724480,,0.0859,0.0914,0.0799,0.1135,0.2464,,67,false
phase3a-formal-20260925-v2-component-sequence-only,138,sequence-only,2026-09-24T19:34:17.6909907+00:00,2466.4456,measurement,request-count-6650,6650,6650,6650,0,0,5,6655,413798400,528371712,36684447744,96,11,1962008,,568624,1824,16,16,1,0,135181568,413798400,,36684447744,,528232448,,354144256,,50929664,,8724480,,0.0794,0.1066,0.1071,0.146,0.1631,,67,false
phase3a-formal-20260925-v2-component-sequence-only,139,sequence-only,2026-09-24T19:34:17.6990232+00:00,2474.4781,measurement,request-count-6700,6700,6700,6700,0,0,5,6705,413798400,528371712,36684447744,96,11,2967192,,568624,1824,16,16,1,0,136183800,413798400,,36684447744,,528232448,,354144256,,50929664,,8724480,,0.0772,0.0857,0.0811,0.1074,0.1219,,67,false
phase3a-formal-20260925-v2-component-sequence-only,140,sequence-only,2026-09-24T19:34:17.7085539+00:00,2484.0089,measurement,request-count-6750,6750,6750,6750,0,0,5,6755,413798400,528371712,36684447744,96,11,3972440,,568624,1824,16,16,1,0,137186096,413798400,,36684447744,,528232448,,354144256,,50929664,,8724480,,0.0774,0.1127,0.1101,0.1443,0.2382,,67,false
phase3a-formal-20260925-v2-component-sequence-only,141,sequence-only,2026-09-24T19:34:17.7180621+00:00,2493.517,measurement,request-count-6800,6800,6800,6800,0,0,5,6805,413798400,528371712,36684447744,96,11,4983024,,568624,1824,16,16,1,0,138193528,413798400,,36684447744,,528232448,,354144256,,50929664,,8724480,,0.0937,0.1109,0.1019,0.1534,0.1849,,67,false
phase3a-formal-20260925-v2-component-sequence-only,142,sequence-only,2026-09-24T19:34:17.7285745+00:00,2504.0294,measurement,request-count-6850,6850,6850,6850,0,0,5,6855,413798400,528371712,36684447744,96,11,5983144,,568624,1824,16,16,1,0,139190696,413798400,,36684447744,,528232448,,354144256,,50929664,,8724480,,0.1233,0.1231,0.111,0.1814,0.2884,,67,false
phase3a-formal-20260925-v2-component-sequence-only,143,sequence-only,2026-09-24T19:34:17.7382175+00:00,2513.6725,measurement,request-count-6900,6900,6900,6900,0,0,5,6905,413798400,528371712,36684447744,96,11,6988408,,568624,1824,16,16,1,0,140193008,413798400,,36684447744,,528232448,,354144256,,50929664,,8724480,,0.1166,0.1066,0.1,0.1235,0.1913,,67,false
phase3a-formal-20260925-v2-component-sequence-only,144,sequence-only,2026-09-24T19:34:17.7465817+00:00,2522.0366,measurement,request-count-6950,6950,6950,6950,0,0,5,6955,413798400,528371712,36684447744,96,11,7993624,,568624,1824,16,16,1,0,141195272,413798400,,36684447744,,528232448,,354144256,,50929664,,8724480,,0.0847,0.0918,0.0814,0.1246,0.193,,67,false
phase3a-formal-20260925-v2-component-sequence-only,145,sequence-only,2026-09-24T19:34:17.7554070+00:00,2530.8619,measurement,request-count-7000,7000,7000,7000,0,0,5,7005,413798400,528375808,36684447744,96,11,630712,,568624,1824,16,17,1,0,142205720,413798400,,36684447744,,528232448,,354144256,,50929664,,8724480,,0.1125,0.0999,0.0826,0.1662,0.2178,,67,false
phase3a-formal-20260925-v2-component-sequence-only,146,sequence-only,2026-09-24T19:34:17.7656303+00:00,2541.0853,measurement,request-count-7050,7050,7050,7050,0,0,5,7055,413802496,528375808,36684447744,96,11,1627944,,581000,1776,17,17,1,0,143200000,413802496,,36684447744,,528236544,,354144256,,50929664,,8728576,,0.0813,0.1034,0.0853,0.1584,0.2777,,67,false
phase3a-formal-20260925-v2-component-sequence-only,147,sequence-only,2026-09-24T19:34:17.7742470+00:00,2549.702,measurement,request-count-7100,7100,7100,7100,0,0,5,7105,413802496,528375808,36684447744,96,11,2633176,,581000,1776,17,17,1,0,144202280,413802496,,36684447744,,528236544,,354144256,,50929664,,8728576,,0.1043,0.0956,0.0922,0.1303,0.1453,,67,false
phase3a-formal-20260925-v2-component-sequence-only,148,sequence-only,2026-09-24T19:34:17.7835042+00:00,2558.9592,measurement,request-count-7150,7150,7150,7150,0,0,5,7155,413802496,528375808,36684447744,96,11,3638432,,581000,1776,17,17,1,0,145204584,413802496,,36684447744,,528236544,,354144256,,50929664,,8728576,,0.1082,0.1101,0.1098,0.131,0.1676,,67,false
phase3a-formal-20260925-v2-component-sequence-only,149,sequence-only,2026-09-24T19:34:17.7924882+00:00,2567.9432,measurement,request-count-7200,7200,7200,7200,0,0,5,7205,413802496,528375808,36684447744,96,11,4643680,,581000,1776,17,17,1,0,146206880,413802496,,36684447744,,528236544,,354144256,,50929664,,8728576,,0.0772,0.0908,0.0791,0.1249,0.1968,,67,false
phase3a-formal-20260925-v2-component-sequence-only,150,sequence-only,2026-09-24T19:34:17.8020057+00:00,2577.4607,measurement,request-count-7250,7250,7250,7250,0,0,5,7255,413802496,528375808,36684447744,96,11,5652968,,581000,1776,17,17,1,0,147213216,413802496,,36684447744,,528236544,,354144256,,50929664,,8728576,,0.1,0.1109,0.1035,0.1662,0.1951,,67,false
phase3a-formal-20260925-v2-component-sequence-only,151,sequence-only,2026-09-24T19:34:17.8105915+00:00,2586.0465,measurement,request-count-7300,7300,7300,7300,0,0,5,7305,413802496,528375808,36684447744,96,11,6654224,,581000,1776,17,17,1,0,148211520,413802496,,36684447744,,528236544,,354144256,,50929664,,8728576,,0.0893,0.091,0.0812,0.1207,0.1918,,67,false
phase3a-formal-20260925-v2-component-sequence-only,152,sequence-only,2026-09-24T19:34:17.8189826+00:00,2594.4375,measurement,request-count-7350,7350,7350,7350,0,0,5,7355,413802496,528375808,36684447744,96,11,7659392,,581000,1776,17,17,1,0,149213736,413802496,,36684447744,,528236544,,354144256,,50929664,,8728576,,0.0775,0.0859,0.0799,0.1033,0.1532,,67,false
phase3a-formal-20260925-v2-component-sequence-only,153,sequence-only,2026-09-24T19:34:17.8278915+00:00,2603.3464,measurement,request-count-7400,7400,7400,7400,0,0,5,7405,413802496,528375808,36684447744,96,11,8664640,,581000,1776,17,17,1,0,150216032,413802496,,36684447744,,528236544,,354144256,,50929664,,8728576,,0.1078,0.0981,0.0832,0.1493,0.2979,,67,false
phase3a-formal-20260925-v2-component-sequence-only,154,sequence-only,2026-09-24T19:34:17.8369344+00:00,2612.3894,measurement,request-count-7450,7450,7450,7450,0,0,5,7455,413802496,528371712,36684447744,96,11,1291680,,586024,1936,18,18,1,0,151223712,413802496,,36684447744,,528232448,,354144256,,50929664,,8728576,,0.0791,0.1013,0.0904,0.1403,0.2621,,67,false
phase3a-formal-20260925-v2-component-sequence-only,155,sequence-only,2026-09-24T19:34:17.8451829+00:00,2620.6378,measurement,request-count-7500,7500,7500,7500,0,0,5,7505,413802496,528371712,36684447744,96,11,2291704,,586024,1936,18,18,1,0,152220784,413802496,,36684447744,,528232448,,354144256,,50929664,,8728576,,0.0997,0.0844,0.0772,0.1092,0.1474,,67,false
phase3a-formal-20260925-v2-component-sequence-only,156,sequence-only,2026-09-24T19:34:17.8534007+00:00,2628.8556,measurement,request-count-7550,7550,7550,7550,0,0,5,7555,413802496,528371712,36684447744,96,11,3296952,,586024,1936,18,18,1,0,153223080,413802496,,36684447744,,528232448,,354144256,,50929664,,8728576,,0.0834,0.094,0.0841,0.1305,0.1745,,67,false
phase3a-formal-20260925-v2-component-sequence-only,157,sequence-only,2026-09-24T19:34:17.8615608+00:00,2637.0158,measurement,request-count-7600,7600,7600,7600,0,0,5,7605,413802496,528371712,36684447744,96,11,4302168,,586024,1936,18,18,1,0,154225344,413802496,,36684447744,,528232448,,354144256,,50929664,,8728576,,0.1232,0.0895,0.0831,0.1273,0.1382,,67,false
phase3a-formal-20260925-v2-component-sequence-only,158,sequence-only,2026-09-24T19:34:17.8715053+00:00,2646.9603,measurement,request-count-7650,7650,7650,7650,0,0,5,7655,413822976,528371712,36684443648,96,11,5312728,,586024,1936,18,18,1,0,155232856,413822976,,36684443648,,528232448,,354144256,,50929664,,8749056,,0.0795,0.1072,0.0916,0.1658,0.3901,,67,false
phase3a-formal-20260925-v2-component-sequence-only,159,sequence-only,2026-09-24T19:34:17.8803587+00:00,2655.8137,measurement,request-count-7700,7700,7700,7700,0,0,5,7705,413876224,528371712,36684447744,96,11,6312840,,586024,1936,18,18,1,0,156230016,413876224,,36684447744,,528232448,,354144256,,50929664,,8802304,,0.0795,0.0953,0.0803,0.1369,0.2477,,67,false
phase3a-formal-20260925-v2-component-sequence-only,160,sequence-only,2026-09-24T19:34:17.8908648+00:00,2666.3198,measurement,request-count-7750,7750,7750,7750,0,0,5,7755,413876224,528371712,36684447744,96,11,7318024,,586024,1936,18,18,1,0,157232248,413876224,,36684447744,,528232448,,354144256,,50929664,,8802304,,0.1372,0.1271,0.1233,0.2034,0.2677,,67,false
phase3a-formal-20260925-v2-component-sequence-only,161,sequence-only,2026-09-24T19:34:17.8999860+00:00,2675.4413,measurement,request-count-7800,7800,7800,7800,0,0,5,7805,413876224,528371712,36684447744,96,11,8323288,,586024,1936,18,18,1,0,158234560,413876224,,36684447744,,528232448,,354144256,,50929664,,8802304,,0.0893,0.0942,0.0827,0.136,0.2767,,67,false
phase3a-formal-20260925-v2-component-sequence-only,162,sequence-only,2026-09-24T19:34:17.9094443+00:00,2684.8992,measurement,request-count-7850,7850,7850,7850,0,0,5,7855,413876224,528375808,36684447744,96,11,941592,,587464,1920,19,19,1,0,159237096,413876224,,36684447744,,528236544,,354144256,,50929664,,8802304,,0.1263,0.103,0.0866,0.1401,0.2901,,67,false
phase3a-formal-20260925-v2-component-sequence-only,163,sequence-only,2026-09-24T19:34:17.9185371+00:00,2693.992,measurement,request-count-7900,7900,7900,7900,0,0,5,7905,413876224,528375808,36684447744,96,11,1946824,,587464,1920,19,19,1,0,160239376,413876224,,36684447744,,528236544,,354144256,,50929664,,8802304,,0.1116,0.1019,0.0962,0.1296,0.1763,,67,false
phase3a-formal-20260925-v2-component-sequence-only,164,sequence-only,2026-09-24T19:34:17.9284115+00:00,2703.8665,measurement,request-count-7950,7950,7950,7950,0,0,5,7955,413876224,528375808,36684447744,96,11,2951984,,587464,1920,19,19,1,0,161241584,413876224,,36684447744,,528236544,,354144256,,50929664,,8802304,,0.0779,0.1119,0.0877,0.1802,0.3463,,67,false
phase3a-formal-20260925-v2-component-sequence-only,165,sequence-only,2026-09-24T19:34:17.9376699+00:00,2713.1248,measurement,request-count-8000,8000,8000,8000,0,0,5,8005,413876224,528375808,36684447744,96,11,3957248,,587464,1920,19,19,1,0,162243896,413876224,,36684447744,,528236544,,354144256,,50929664,,8802304,,0.0799,0.1043,0.0972,0.1602,0.1634,,67,false
phase3a-formal-20260925-v2-component-sequence-only,166,sequence-only,2026-09-24T19:34:17.9468796+00:00,2722.3345,measurement,request-count-8050,8050,8050,8050,0,0,5,8055,413876224,528375808,36684447744,96,11,4962488,,587464,1920,19,19,1,0,163246208,413876224,,36684447744,,528236544,,354144256,,50929664,,8802304,,0.0824,0.1018,0.0975,0.1501,0.1932,,67,false
phase3a-formal-20260925-v2-component-sequence-only,167,sequence-only,2026-09-24T19:34:17.9551663+00:00,2730.6212,measurement,request-count-8100,8100,8100,8100,0,0,5,8105,413876224,528375808,36684447744,96,11,5967752,,587464,1920,19,19,1,0,164248520,413876224,,36684447744,,528236544,,354144256,,50929664,,8802304,,0.1129,0.0906,0.0871,0.1148,0.137,,67,false
phase3a-formal-20260925-v2-component-sequence-only,168,sequence-only,2026-09-24T19:34:17.9647932+00:00,2740.2481,measurement,request-count-8150,8150,8150,8150,0,0,5,8155,413876224,528375808,36684447744,96,11,6972984,,587464,1920,19,19,1,0,165250800,413876224,,36684447744,,528236544,,354144256,,50929664,,8802304,,0.0843,0.0999,0.0957,0.1264,0.2479,,67,false
phase3a-formal-20260925-v2-component-sequence-only,169,sequence-only,2026-09-24T19:34:17.9736719+00:00,2749.1268,measurement,request-count-8200,8200,8200,8200,0,0,5,8205,413876224,528375808,36684447744,96,11,7978216,,587464,1920,19,19,1,0,166253080,413876224,,36684447744,,528236544,,354144256,,50929664,,8802304,,0.0785,0.1008,0.0962,0.1491,0.1847,,67,false
phase3a-formal-20260925-v2-component-sequence-only,170,sequence-only,2026-09-24T19:34:17.9818742+00:00,2757.3291,measurement,request-count-8250,8250,8250,8250,0,0,5,8255,413876224,528375808,36684447744,96,11,605736,,587464,1920,19,20,1,0,167263032,413876224,,36684447744,,528236544,,354144256,,50929664,,8802304,,0.097,0.087,0.0796,0.1166,0.1721,,67,false
phase3a-formal-20260925-v2-component-sequence-only,171,sequence-only,2026-09-24T19:34:17.9924157+00:00,2767.8708,measurement,request-count-8300,8300,8300,8300,0,0,5,8305,413888512,528371712,36684451840,96,11,1603544,,590856,1992,20,20,1,0,168257888,413896704,,36684447744,,528232448,,354144256,,50929664,,8822784,,0.0912,0.1154,0.103,0.1867,0.2559,,67,false
phase3a-formal-20260925-v2-component-sequence-only,172,sequence-only,2026-09-24T19:34:18.0010703+00:00,2776.5253,measurement,request-count-8350,8350,8350,8350,0,0,5,8355,413913088,528371712,36684447744,96,11,2608808,,590856,1992,20,20,1,0,169260200,413913088,,36684447744,,528232448,,354144256,,50929664,,8839168,,0.0777,0.0893,0.0801,0.1106,0.2332,,67,false
phase3a-formal-20260925-v2-component-sequence-only,173,sequence-only,2026-09-24T19:34:18.0099145+00:00,2785.3696,measurement,request-count-8400,8400,8400,8400,0,0,5,8405,413982720,528379904,36684439552,96,11,3614056,,590856,1992,20,20,1,0,170262496,413982720,,36684439552,,528240640,,354152448,,50929664,,8900608,,0.0968,0.095,0.0837,0.1308,0.2601,,67,false
phase3a-formal-20260925-v2-component-sequence-only,174,sequence-only,2026-09-24T19:34:18.0187522+00:00,2794.2071,measurement,request-count-8450,8450,8450,8450,0,0,5,8455,413982720,528379904,36684439552,96,11,4619304,,590856,1992,20,20,1,0,171264792,413982720,,36684439552,,528240640,,354152448,,50929664,,8900608,,0.0772,0.0861,0.0784,0.1075,0.1587,,67,false
phase3a-formal-20260925-v2-component-sequence-only,175,sequence-only,2026-09-24T19:34:18.0275075+00:00,2802.9626,measurement,request-count-8500,8500,8500,8500,0,0,5,8505,413982720,528379904,36684439552,96,11,5630016,,590856,1992,20,20,1,0,172272576,413982720,,36684439552,,528240640,,354152448,,50929664,,8900608,,0.0832,0.0968,0.0915,0.1168,0.211,,67,false
phase3a-formal-20260925-v2-component-sequence-only,176,sequence-only,2026-09-24T19:34:18.0363175+00:00,2811.7726,measurement,request-count-8550,8550,8550,8550,0,0,5,8555,413982720,528379904,36684439552,96,11,6629792,,590856,1992,20,20,1,0,173269400,413982720,,36684439552,,528240640,,354152448,,50929664,,8900608,,0.08,0.0971,0.0889,0.1476,0.1922,,67,false
phase3a-formal-20260925-v2-component-sequence-only,177,sequence-only,2026-09-24T19:34:18.0444410+00:00,2819.8961,measurement,request-count-8600,8600,8600,8600,0,0,5,8605,413982720,528379904,36684439552,96,11,7635024,,590856,1992,20,20,1,0,174271680,413982720,,36684439552,,528240640,,354152448,,50929664,,8900608,,0.0772,0.0825,0.078,0.1021,0.1263,,67,false
phase3a-formal-20260925-v2-component-sequence-only,178,sequence-only,2026-09-24T19:34:18.0529915+00:00,2828.4466,measurement,request-count-8650,8650,8650,8650,0,0,5,8655,413982720,528379904,36684439552,96,11,8640272,,590856,1992,20,20,1,0,175273976,413982720,,36684439552,,528240640,,354152448,,50929664,,8900608,,0.0955,0.0977,0.0891,0.1405,0.1957,,67,false
phase3a-formal-20260925-v2-component-sequence-only,179,sequence-only,2026-09-24T19:34:18.0624426+00:00,2837.8977,measurement,request-count-8700,8700,8700,8700,0,0,5,8705,413982720,528384000,36684439552,96,11,1265104,,599768,2424,21,21,1,0,176276512,413982720,,36684439552,,528244736,,354152448,,50929664,,8900608,,0.0799,0.1022,0.0853,0.1336,0.3684,,67,false
phase3a-formal-20260925-v2-component-sequence-only,180,sequence-only,2026-09-24T19:34:18.0721735+00:00,2847.6286,measurement,request-count-8750,8750,8750,8750,0,0,5,8755,413982720,528384000,36684439552,96,11,2270288,,599768,2424,21,21,1,0,177278744,413982720,,36684439552,,528244736,,354152448,,50929664,,8900608,,0.0789,0.1037,0.0969,0.1425,0.2086,,67,false
phase3a-formal-20260925-v2-component-sequence-only,181,sequence-only,2026-09-24T19:34:18.0816042+00:00,2857.0593,measurement,request-count-8800,8800,8800,8800,0,0,5,8805,413982720,528384000,36684439552,96,11,3275552,,599768,2424,21,21,1,0,178281056,413982720,,36684439552,,528244736,,354152448,,50929664,,8900608,,0.0974,0.1088,0.0984,0.1397,0.2433,,67,false
phase3a-formal-20260925-v2-component-sequence-only,182,sequence-only,2026-09-24T19:34:18.0911574+00:00,2866.6128,measurement,request-count-8850,8850,8850,8850,0,0,5,8855,413982720,528384000,36684439552,96,11,4280816,,599768,2424,21,21,1,0,179283368,413982720,,36684439552,,528244736,,354152448,,50929664,,8900608,,0.0834,0.1095,0.1089,0.1443,0.1775,,67,false
phase3a-formal-20260925-v2-component-sequence-only,183,sequence-only,2026-09-24T19:34:18.1006889+00:00,2876.1439,measurement,request-count-8900,8900,8900,8900,0,0,5,8905,413982720,528384000,36684439552,96,11,5286480,,599768,2424,21,21,1,0,180285712,413982720,,36684439552,,528244736,,354152448,,50929664,,8900608,,0.0787,0.1041,0.0954,0.1427,0.2248,,67,false
phase3a-formal-20260925-v2-component-sequence-only,184,sequence-only,2026-09-24T19:34:18.1096862+00:00,2885.1412,measurement,request-count-8950,8950,8950,8950,0,0,5,8955,413982720,528384000,36684439552,96,11,6291776,,599768,2424,21,21,1,0,181288056,413982720,,36684439552,,528244736,,354152448,,50929664,,8900608,,0.0762,0.0945,0.0824,0.1362,0.2084,,67,false
phase3a-formal-20260925-v2-component-sequence-only,185,sequence-only,2026-09-24T19:34:18.1185064+00:00,2893.9617,measurement,request-count-9000,9000,9000,9000,0,0,5,9005,413982720,528384000,36684439552,96,11,7296976,,599768,2424,21,21,1,0,182290304,413982720,,36684439552,,528244736,,354152448,,50929664,,8900608,,0.081,0.1003,0.0889,0.1556,0.1807,,67,false
phase3a-formal-20260925-v2-component-sequence-only,186,sequence-only,2026-09-24T19:34:18.1266901+00:00,2902.1452,measurement,request-count-9050,9050,9050,9050,0,0,5,9055,413982720,528384000,36684439552,96,11,8302192,,599768,2424,21,21,1,0,183292568,413982720,,36684439552,,528244736,,354152448,,50929664,,8900608,,0.0781,0.0887,0.0811,0.1168,0.1442,,67,false
phase3a-formal-20260925-v2-component-sequence-only,187,sequence-only,2026-09-24T19:34:18.1365375+00:00,2911.9928,measurement,request-count-9100,9100,9100,9100,0,0,5,9105,413982720,528379904,36684439552,96,11,922888,,604152,2520,22,22,1,0,184295120,413982720,,36684439552,,528240640,,354152448,,50929664,,8900608,,0.1081,0.1158,0.1061,0.1576,0.2966,,67,false
phase3a-formal-20260925-v2-component-sequence-only,188,sequence-only,2026-09-24T19:34:18.1449072+00:00,2920.3622,measurement,request-count-9150,9150,9150,9150,0,0,5,9155,413982720,528379904,36684439552,96,11,1928160,,604152,2520,22,22,1,0,185297440,413982720,,36684439552,,528240640,,354152448,,50929664,,8900608,,0.0784,0.0861,0.0786,0.1028,0.1896,,67,false
phase3a-formal-20260925-v2-component-sequence-only,189,sequence-only,2026-09-24T19:34:18.1533518+00:00,2928.8069,measurement,request-count-9200,9200,9200,9200,0,0,5,9205,413982720,528379904,36684439552,96,11,2933328,,604152,2520,22,22,1,0,186299656,413982720,,36684439552,,528240640,,354152448,,50929664,,8900608,,0.084,0.094,0.0903,0.13,0.1384,,67,false
phase3a-formal-20260925-v2-component-sequence-only,190,sequence-only,2026-09-24T19:34:18.1619230+00:00,2937.378,measurement,request-count-9250,9250,9250,9250,0,0,5,9255,413982720,528379904,36684439552,96,11,3938592,,604152,2520,22,22,1,0,187301968,413982720,,36684439552,,528240640,,354152448,,50929664,,8900608,,0.0801,0.088,0.0791,0.1096,0.2062,,67,false
phase3a-formal-20260925-v2-component-sequence-only,191,sequence-only,2026-09-24T19:34:18.1724476+00:00,2947.9026,measurement,request-count-9300,9300,9300,9300,0,0,5,9305,413982720,528379904,36684439552,96,11,4944280,,604152,2520,22,22,1,0,188304248,413982720,,36684439552,,528240640,,354152448,,50929664,,8900608,,0.0798,0.1095,0.0992,0.177,0.2972,,67,false
phase3a-formal-20260925-v2-component-sequence-only,192,sequence-only,2026-09-24T19:34:18.1835167+00:00,2958.9718,measurement,request-count-9350,9350,9350,9350,0,0,5,9355,413982720,528379904,36684439552,96,11,5949560,,604152,2520,22,22,1,0,189306576,413982720,,36684439552,,528240640,,354152448,,50929664,,8900608,,0.0774,0.0978,0.0926,0.1455,0.1795,,67,false
phase3a-formal-20260925-v2-component-sequence-only,193,sequence-only,2026-09-24T19:34:18.1940734+00:00,2969.5285,measurement,request-count-9400,9400,9400,9400,0,0,5,9405,413982720,528379904,36684439552,96,11,6954776,,604152,2520,22,22,1,0,190308840,413982720,,36684439552,,528240640,,354152448,,50929664,,8900608,,0.0825,0.1042,0.0929,0.1504,0.2748,,67,false
phase3a-formal-20260925-v2-component-sequence-only,194,sequence-only,2026-09-24T19:34:18.2040399+00:00,2979.495,measurement,request-count-9450,9450,9450,9450,0,0,5,9455,413982720,528379904,36684439552,96,11,7960024,,604152,2520,22,22,1,0,191311136,413982720,,36684439552,,528240640,,354152448,,50929664,,8900608,,0.0767,0.0983,0.0938,0.1361,0.2252,,67,false
phase3a-formal-20260925-v2-component-sequence-only,195,sequence-only,2026-09-24T19:34:18.2122400+00:00,2987.695,measurement,request-count-9500,9500,9500,9500,0,0,5,9505,413982720,528379904,36684439552,96,11,8965312,,604152,2520,22,22,1,0,192313472,413982720,,36684439552,,528240640,,354152448,,50929664,,8900608,,0.0952,0.0891,0.0792,0.135,0.1578,,67,false
phase3a-formal-20260925-v2-component-sequence-only,196,sequence-only,2026-09-24T19:34:18.2229404+00:00,2998.3955,measurement,request-count-9550,9550,9550,9550,0,0,5,9555,414011392,528384000,36684439552,96,11,1585728,,607616,2304,23,23,1,0,193315848,414011392,,36684439552,,528244736,,354152448,,50929664,,8929280,,0.1049,0.1167,0.108,0.1667,0.3131,,67,false
phase3a-formal-20260925-v2-component-sequence-only,197,sequence-only,2026-09-24T19:34:18.2327520+00:00,3008.207,measurement,request-count-9600,9600,9600,9600,0,0,5,9605,414048256,528384000,36684443648,96,11,2590928,,607616,2304,23,23,1,0,194318096,414048256,,36684443648,,528244736,,354152448,,50929664,,8966144,,0.0787,0.094,0.085,0.1195,0.2317,,67,false
phase3a-formal-20260925-v2-component-sequence-only,198,sequence-only,2026-09-24T19:34:18.2445569+00:00,3020.0119,measurement,request-count-9650,9650,9650,9650,0,0,5,9655,414101504,528384000,36684447744,96,11,3596184,,607616,2304,23,23,1,0,195320400,414101504,,36684447744,,528244736,,354152448,,50929664,,9019392,,0.1079,0.112,0.1139,0.138,0.1972,,67,false
phase3a-formal-20260925-v2-component-sequence-only,199,sequence-only,2026-09-24T19:34:18.2543313+00:00,3029.7864,measurement,request-count-9700,9700,9700,9700,0,0,5,9705,414150656,528384000,36684447744,96,11,4601344,,607616,2304,23,23,1,0,196322608,414150656,,36684447744,,528244736,,354156544,,50929664,,9064448,,0.0918,0.0996,0.09,0.157,0.2199,,67,false
phase3a-formal-20260925-v2-component-sequence-only,200,sequence-only,2026-09-24T19:34:18.2651779+00:00,3040.6338,measurement,request-count-9750,9750,9750,9750,0,0,5,9755,414212096,528396288,36684435456,96,11,5606504,,607616,2304,23,23,1,0,197324816,414203904,,36684435456,,528244736,,354156544,,50929664,,9117696,,0.0984,0.1086,0.0997,0.1307,0.2691,,67,false
phase3a-formal-20260925-v2-component-sequence-only,201,sequence-only,2026-09-24T19:34:18.2741397+00:00,3049.5946,measurement,request-count-9800,9800,9800,9800,0,0,5,9805,414244864,528396288,36684447744,96,11,6611784,,607616,2304,23,23,1,0,198327144,414244864,,36684447744,,528257024,,354164736,,50929664,,9150464,,0.1011,0.1011,0.097,0.1279,0.1728,,67,false
phase3a-formal-20260925-v2-component-sequence-only,202,sequence-only,2026-09-24T19:34:18.2831144+00:00,3058.5693,measurement,request-count-9850,9850,9850,9850,0,0,5,9855,414281728,528396288,36684443648,96,11,7619120,,607616,2304,23,23,1,0,199331528,414281728,,36684443648,,528257024,,354168832,,50929664,,9183232,,0.0863,0.101,0.0918,0.1254,0.2243,,67,false
phase3a-formal-20260925-v2-component-sequence-only,203,sequence-only,2026-09-24T19:34:18.2923457+00:00,3067.8006,measurement,request-count-9900,9900,9900,9900,0,0,5,9905,414330880,528433152,36684443648,96,11,8622320,,607616,2304,23,23,1,0,200331776,414330880,,36684443648,,528293888,,354189312,,50929664,,9211904,,0.0965,0.1074,0.1035,0.1318,0.1607,,67,false
phase3a-formal-20260925-v2-component-sequence-only,204,sequence-only,2026-09-24T19:34:18.3027256+00:00,3078.1805,measurement,request-count-9950,9950,9950,9950,0,0,5,9955,414351360,528429056,36684447744,96,11,1242288,,610992,2376,24,24,1,0,201334256,414351360,,36684447744,,528289792,,354189312,,50929664,,9232384,,0.09,0.1164,0.106,0.1678,0.347,,67,false
phase3a-formal-20260925-v2-component-sequence-only,205,sequence-only,2026-09-24T19:34:18.3134354+00:00,3088.8903,measurement,request-count-10000,10000,10000,10000,0,0,5,10005,414359552,528429056,36684443648,96,11,2243512,,610992,2376,24,24,1,0,202332528,414359552,,36684443648,,528289792,,354189312,,50929664,,9240576,,0.0842,0.0987,0.0862,0.1463,0.2219,,67,false
phase3a-formal-20260925-v2-component-sequence-only,206,sequence-only,2026-09-24T19:34:18.3226553+00:00,3098.1106,idle,idle-0-seconds,10000,10000,10000,0,0,5,10005,415805440,529399808,36684447744,98,11,2386160,,610992,2376,24,24,1,0,202474936,415805440,,36684447744,,529260544,,355205120,,51302400,,9297920,,,,,,,,,
phase3a-formal-20260925-v2-component-sequence-only,207,sequence-only,2026-09-24T19:34:18.4040380+00:00,3179.4932,lifecycle,post-dispose,10000,10000,10000,0,0,5,10005,368431104,481820672,36636868608,98,11,2443728,,610992,2376,24,24,1,0,202532336,368431104,,36636868608,,481681408,,307757056,,51367936,,9306112,,,,,,,,,
phase3a-formal-20260925-v2-component-tensor-only,0,tensor-only,2026-09-24T19:34:19.4584539+00:00,0.5496,lifecycle,t0-before-model-load,0,0,0,0,0,0,0,60928000,184246272,36349263872,86,11,1311288,,0,0,0,0,0,0,1307232,60887040,,36349272064,,184107008,,9560064,,45510656,,5816320,,,,,,,,,
phase3a-formal-20260925-v2-component-tensor-only,1,tensor-only,2026-09-24T19:34:20.5669042+00:00,1108.9974,setup,t1-after-setup,0,0,0,0,0,0,0,398438400,514486272,36684288000,96,11,1542160,,0,0,0,0,0,0,1537408,398422016,,36684288000,,514347008,,340279296,,50548736,,7593984,,,,,,,,,
phase3a-formal-20260925-v2-component-tensor-only,2,tensor-only,2026-09-24T19:34:20.5928423+00:00,1134.9351,first-operation,t2-after-first-operation,0,0,0,0,0,1,1,402825216,514727936,36713459712,98,11,1632264,,0,0,0,0,0,0,1627272,402804736,,36713459712,,514523136,,340758528,,54005760,,8040448,,,,,,,,67,false
phase3a-formal-20260925-v2-component-tensor-only,3,tensor-only,2026-09-24T19:34:20.5944667+00:00,1136.5596,warmup,warmup-complete,0,0,0,0,0,5,5,402890752,514793472,36713459712,98,11,1697800,,0,0,0,0,0,0,1692616,402870272,,36713459712,,514588672,,340824064,,54005760,,8040448,,,,,,,,,
phase3a-formal-20260925-v2-component-tensor-only,4,tensor-only,2026-09-24T19:34:20.5962869+00:00,1138.3797,measurement,request-count-0,0,0,0,0,0,5,5,402952192,514793472,36713463808,98,11,1755112,,0,0,0,0,0,0,1749736,402935808,,36713463808,,514654208,,340881408,,54005760,,8048640,,,,,,,,,
phase3a-formal-20260925-v2-component-tensor-only,5,tensor-only,2026-09-24T19:34:20.6040909+00:00,1146.1838,measurement,request-count-10,10,10,10,0,0,5,15,403177472,514990080,36713463808,98,11,1909576,,0,0,0,0,0,0,1903936,403161088,,36713463808,,514850816,,341041152,,54005760,,8114176,,0.005,0.0199,0.0058,0.0725,0.0787,,67,false
phase3a-formal-20260925-v2-component-tensor-only,6,tensor-only,2026-09-24T19:34:20.6113719+00:00,1153.4648,measurement,request-count-50,50,50,50,0,0,5,55,403345408,515121152,36713463808,98,11,2066344,,0,0,0,0,0,0,2060200,403320832,,36713463808,,514981888,,341192704,,54005760,,8122368,,0.004,0.0076,0.0044,0.0125,0.0528,,67,false
phase3a-formal-20260925-v2-component-tensor-only,7,tensor-only,2026-09-24T19:34:20.6152423+00:00,1157.3349,measurement,request-count-100,100,100,100,0,0,5,105,403525632,515317760,36713463808,98,11,2249592,,0,0,0,0,0,0,2242896,403501056,,36713463808,,515178496,,341372928,,54005760,,8122368,,0.014,0.0055,0.004,0.0124,0.0188,,67,false
phase3a-formal-20260925-v2-component-tensor-only,8,tensor-only,2026-09-24T19:34:20.6192988+00:00,1161.3914,measurement,request-count-150,150,150,150,0,0,5,155,403705856,515514368,36713463808,98,11,2426920,,0,0,0,0,0,0,2419648,403681280,,36713463808,,515309568,,341553152,,54005760,,8122368,,0.0142,0.0069,0.0047,0.0135,0.0299,,67,false
phase3a-formal-20260925-v2-component-tensor-only,9,tensor-only,2026-09-24T19:34:20.6230664+00:00,1165.159,measurement,request-count-200,200,200,200,0,0,5,205,403881984,515645440,36713463808,98,11,2607080,,0,0,0,0,0,0,2599256,403861504,,36713463808,,515506176,,341733376,,54005760,,8122368,,0.0074,0.0054,0.0038,0.0125,0.0218,,67,false
phase3a-formal-20260925-v2-component-tensor-only,10,tensor-only,2026-09-24T19:34:20.6266549+00:00,1168.7475,measurement,request-count-250,250,250,250,0,0,5,255,404066304,515842048,36713463808,98,11,2787240,,0,0,0,0,0,0,2778864,404041728,,36713463808,,515702784,,341913600,,54005760,,8122368,,0.0114,0.005,0.0037,0.0113,0.013,,67,false
phase3a-formal-20260925-v2-component-tensor-only,11,tensor-only,2026-09-24T19:34:20.6308644+00:00,1172.9571,measurement,request-count-300,300,300,300,0,0,5,305,404246528,516038656,36713463808,98,11,2969304,,0,0,0,0,0,0,2960376,404221952,,36713463808,,515899392,,342093824,,54005760,,8122368,,0.0143,0.0063,0.0043,0.0099,0.0382,,67,false
phase3a-formal-20260925-v2-component-tensor-only,12,tensor-only,2026-09-24T19:34:20.6349134+00:00,1177.0059,measurement,request-count-350,350,350,350,0,0,5,355,404426752,516235264,36713463808,98,11,3147816,,0,0,0,0,0,0,3138312,404402176,,36713463808,,516030464,,342274048,,54005760,,8122368,,0.0128,0.0058,0.0043,0.0119,0.0176,,67,false
phase3a-formal-20260925-v2-component-tensor-only,13,tensor-only,2026-09-24T19:34:20.6384284+00:00,1180.5209,measurement,request-count-400,400,400,400,0,0,5,405,404602880,516366336,36713463808,98,11,3327976,,0,0,0,0,0,0,3317920,404582400,,36713463808,,516227072,,342454272,,54005760,,8122368,,0.007,0.0047,0.0035,0.0096,0.0124,,67,false
phase3a-formal-20260925-v2-component-tensor-only,14,tensor-only,2026-09-24T19:34:20.6421680+00:00,1184.2606,measurement,request-count-450,450,450,450,0,0,5,455,404787200,516562944,36713463808,98,11,3508136,,0,0,0,0,0,0,3497528,404762624,,36713463808,,516423680,,342634496,,54005760,,8122368,,0.0046,0.0061,0.0045,0.013,0.0186,,67,false
phase3a-formal-20260925-v2-component-tensor-only,15,tensor-only,2026-09-24T19:34:20.6457335+00:00,1187.8261,measurement,request-count-500,500,500,500,0,0,5,505,404967424,516759552,36713463808,98,11,3689544,,0,0,0,0,0,0,3678384,404942848,,36713463808,,516620288,,342814720,,54005760,,8122368,,0.0035,0.0048,0.0035,0.0102,0.0132,,67,false
phase3a-formal-20260925-v2-component-tensor-only,16,tensor-only,2026-09-24T19:34:20.6493543+00:00,1191.4469,measurement,request-count-550,550,550,550,0,0,5,555,405147648,516956160,36713463808,98,11,3868712,,0,0,0,0,0,0,3856976,405123072,,36713463808,,516751360,,342994944,,54005760,,8122368,,0.0041,0.0064,0.0042,0.0162,0.0195,,67,false
phase3a-formal-20260925-v2-component-tensor-only,17,tensor-only,2026-09-24T19:34:20.6529575+00:00,1195.05,measurement,request-count-600,600,600,600,0,0,5,605,405323776,517087232,36713463808,98,11,4048872,,0,0,0,0,0,0,4036584,405303296,,36713463808,,516947968,,343175168,,54005760,,8122368,,0.0031,0.0057,0.004,0.0126,0.0177,,67,false
phase3a-formal-20260925-v2-component-tensor-only,18,tensor-only,2026-09-24T19:34:20.6565205+00:00,1198.6132,measurement,request-count-650,650,650,650,0,0,5,655,405508096,517279744,36713463808,98,11,4228904,,0,0,0,0,0,0,4216064,405483520,,36713463808,,517140480,,343355392,,54005760,,8122368,,0.0035,0.0051,0.0036,0.013,0.018,,67,false
phase3a-formal-20260925-v2-component-tensor-only,19,tensor-only,2026-09-24T19:34:20.6612719+00:00,1203.3651,measurement,request-count-700,700,700,700,0,0,5,705,405696512,517582848,36713463808,98,11,4409744,,0,0,0,0,0,0,4396352,405671936,,36713463808,,517443584,,343543808,,54005760,,8122368,,0.0097,0.0135,0.0091,0.0291,0.0698,,67,false
phase3a-formal-20260925-v2-component-tensor-only,20,tensor-only,2026-09-24T19:34:20.6671500+00:00,1209.2434,measurement,request-count-750,750,750,750,0,0,5,755,405876736,517779456,36713463808,98,11,4589480,,0,0,0,0,0,0,4575512,405852160,,36713463808,,517574656,,343724032,,54005760,,8122368,,0.0063,0.0115,0.0079,0.0269,0.0592,,67,false
phase3a-formal-20260925-v2-component-tensor-only,21,tensor-only,2026-09-24T19:34:20.6726948+00:00,1214.7883,measurement,request-count-800,800,800,800,0,0,5,805,406052864,517910528,36713463808,98,11,4769640,,0,0,0,0,0,0,4755120,406032384,,36713463808,,517771264,,343904256,,54005760,,8122368,,0.0055,0.0112,0.0079,0.0284,0.0533,,67,false
phase3a-formal-20260925-v2-component-tensor-only,22,tensor-only,2026-09-24T19:34:20.6771515+00:00,1219.2441,measurement,request-count-850,850,850,850,0,0,5,855,406237184,518107136,36713463808,98,11,4949800,,0,0,0,0,0,0,4934728,406212608,,36713463808,,517967872,,344084480,,54005760,,8122368,,0.005,0.0069,0.0047,0.0145,0.0269,,67,false
phase3a-formal-20260925-v2-component-tensor-only,23,tensor-only,2026-09-24T19:34:20.6811740+00:00,1223.2665,measurement,request-count-900,900,900,900,0,0,5,905,406417408,518303744,36713463808,98,11,5130216,,0,0,0,0,0,0,5114592,406388736,,36713463808,,518164480,,344260608,,54005760,,8122368,,0.0043,0.0054,0.0043,0.0102,0.0174,,67,false
phase3a-formal-20260925-v2-component-tensor-only,24,tensor-only,2026-09-24T19:34:20.6854818+00:00,1227.5744,measurement,request-count-950,950,950,950,0,0,5,955,406597632,518500352,36713463808,98,11,5310376,,0,0,0,0,0,0,5294200,406573056,,36713463808,,518295552,,344444928,,54005760,,8122368,,0.0047,0.007,0.0048,0.0142,0.0279,,67,false
phase3a-formal-20260925-v2-component-tensor-only,25,tensor-only,2026-09-24T19:34:20.6894111+00:00,1231.5037,measurement,request-count-1000,1000,1000,1000,0,0,5,1005,406773760,518631424,36713463808,98,11,5490536,,0,0,0,0,0,0,5473808,406753280,,36713463808,,518492160,,344625152,,54005760,,8122368,,0.0042,0.006,0.0043,0.0135,0.0258,,67,false
phase3a-formal-20260925-v2-component-tensor-only,26,tensor-only,2026-09-24T19:34:20.6938470+00:00,1235.9396,measurement,request-count-1050,1050,1050,1050,0,0,5,1055,406958080,518828032,36713463808,98,11,5670696,,0,0,0,0,0,0,5653416,406933504,,36713463808,,518688768,,344805376,,54005760,,8122368,,0.007,0.0068,0.0049,0.0159,0.0234,,67,false
phase3a-formal-20260925-v2-component-tensor-only,27,tensor-only,2026-09-24T19:34:20.6993155+00:00,1241.4084,measurement,request-count-1100,1100,1100,1100,0,0,5,1105,407138304,519024640,36713463808,98,11,5851112,,0,0,0,0,0,0,5833280,407109632,,36713463808,,518885376,,344981504,,54005760,,8122368,,0.0061,0.0111,0.0084,0.0202,0.0541,,67,false
phase3a-formal-20260925-v2-component-tensor-only,28,tensor-only,2026-09-24T19:34:20.7044075+00:00,1246.5003,measurement,request-count-1150,1150,1150,1150,0,0,5,1155,407318528,519221248,36713463808,98,11,6031272,,0,0,0,0,0,0,6012888,407293952,,36713463808,,519016448,,345165824,,54005760,,8122368,,0.006,0.0087,0.0062,0.0172,0.0402,,67,false
phase3a-formal-20260925-v2-component-tensor-only,29,tensor-only,2026-09-24T19:34:20.7088290+00:00,1250.9217,measurement,request-count-1200,1200,1200,1200,0,0,5,1205,407494656,519352320,36713463808,98,11,6211432,,0,0,0,0,0,0,6192472,407474176,,36713463808,,519213056,,345346048,,54005760,,8122368,,0.006,0.0084,0.0062,0.0161,0.0311,,67,false
phase3a-formal-20260925-v2-component-tensor-only,30,tensor-only,2026-09-24T19:34:20.7131956+00:00,1255.2891,measurement,request-count-1250,1250,1250,1250,0,0,5,1255,407678976,519548928,36713463808,98,11,6391592,,0,0,0,0,0,0,6372056,407654400,,36713463808,,519409664,,345526272,,54005760,,8122368,,0.0046,0.0086,0.0074,0.0186,0.0254,,67,false
phase3a-formal-20260925-v2-component-tensor-only,31,tensor-only,2026-09-24T19:34:20.7176935+00:00,1259.787,measurement,request-count-1300,1300,1300,1300,0,0,5,1305,407859200,519745536,36713463808,98,11,6572672,,0,0,0,0,0,0,6552584,407834624,,36713463808,,519606272,,345706496,,54005760,,8122368,,0.005,0.0089,0.0062,0.0199,0.0361,,67,false
phase3a-formal-20260925-v2-component-tensor-only,32,tensor-only,2026-09-24T19:34:20.7224609+00:00,1264.5535,measurement,request-count-1350,1350,1350,1350,0,0,5,1355,408039424,519942144,36713463808,98,11,6752168,,0,0,0,0,0,0,6731504,408014848,,36713463808,,519737344,,345886720,,54005760,,8122368,,0.0042,0.0075,0.0052,0.018,0.0238,,67,false
phase3a-formal-20260925-v2-component-tensor-only,33,tensor-only,2026-09-24T19:34:20.7263796+00:00,1268.4721,measurement,request-count-1400,1400,1400,1400,0,0,5,1405,408215552,520073216,36713463808,98,11,6932328,,0,0,0,0,0,0,6911112,408195072,,36713463808,,519933952,,346066944,,54005760,,8122368,,0.0044,0.0069,0.0047,0.0177,0.0262,,67,false
phase3a-formal-20260925-v2-component-tensor-only,34,tensor-only,2026-09-24T19:34:20.7314240+00:00,1273.5165,measurement,request-count-1450,1450,1450,1450,0,0,5,1455,408506368,520372224,36713459712,98,11,7112488,,0,0,0,0,0,0,7090720,408457216,,36713459712,,520216576,,346316800,,54005760,,8134656,,0.0119,0.0133,0.0066,0.0338,0.1007,,67,false
phase3a-formal-20260925-v2-component-tensor-only,35,tensor-only,2026-09-24T19:34:20.7366909+00:00,1278.7834,measurement,request-count-1500,1500,1500,1500,0,0,5,1505,408756224,520605696,36713463808,98,11,7294536,,0,0,0,0,0,0,7272216,408731648,,36713463808,,520466432,,346566656,,54005760,,8159232,,0.011,0.0058,0.0036,0.0101,0.0383,,67,false
phase3a-formal-20260925-v2-component-tensor-only,36,tensor-only,2026-09-24T19:34:20.7405521+00:00,1282.6446,measurement,request-count-1550,1550,1550,1550,0,0,5,1555,408936448,520802304,36713463808,98,11,7473064,,0,0,0,0,0,0,7450168,408911872,,36713463808,,520597504,,346746880,,54005760,,8159232,,0.012,0.0062,0.0043,0.0134,0.0173,,67,false
phase3a-formal-20260925-v2-component-tensor-only,37,tensor-only,2026-09-24T19:34:20.7443394+00:00,1286.432,measurement,request-count-1600,1600,1600,1600,0,0,5,1605,409112576,520933376,36713463808,98,11,7653224,,0,0,0,0,0,0,7629776,409092096,,36713463808,,520794112,,346927104,,54005760,,8159232,,0.0171,0.007,0.0046,0.0159,0.0249,,67,false
phase3a-formal-20260925-v2-component-tensor-only,38,tensor-only,2026-09-24T19:34:20.7484864+00:00,1290.579,measurement,request-count-1650,1650,1650,1650,0,0,5,1655,409296896,521129984,36713463808,98,11,7833384,,0,0,0,0,0,0,7809384,409272320,,36713463808,,520990720,,347107328,,54005760,,8159232,,0.0119,0.0087,0.0067,0.0197,0.0266,,67,false
phase3a-formal-20260925-v2-component-tensor-only,39,tensor-only,2026-09-24T19:34:20.7528200+00:00,1294.9125,measurement,request-count-1700,1700,1700,1700,0,0,5,1705,409477120,521326592,36713463808,98,11,8016296,,0,0,0,0,0,0,7991744,409452544,,36713463808,,521187328,,347287552,,54005760,,8159232,,0.0311,0.0098,0.0072,0.0231,0.0294,,67,false
phase3a-formal-20260925-v2-component-tensor-only,40,tensor-only,2026-09-24T19:34:20.7570614+00:00,1299.1539,measurement,request-count-1750,1750,1750,1750,0,0,5,1755,409657344,521523200,36713463808,98,11,8193960,,0,0,0,0,0,0,8168832,409632768,,36713463808,,521318400,,347467776,,54005760,,8159232,,0.019,0.0093,0.0069,0.0198,0.0349,,67,false
phase3a-formal-20260925-v2-component-tensor-only,41,tensor-only,2026-09-24T19:34:20.7612866+00:00,1303.3791,measurement,request-count-1800,1800,1800,1800,0,0,5,1805,409837568,521654272,36713463808,98,11,8374120,,0,0,0,0,0,0,8348440,409817088,,36713463808,,521515008,,347652096,,54005760,,8159232,,0.0196,0.0077,0.0054,0.0193,0.0252,,67,false
phase3a-formal-20260925-v2-component-tensor-only,42,tensor-only,2026-09-24T19:34:20.7690161+00:00,1311.1086,measurement,request-count-1850,1850,1850,1850,0,0,5,1855,410619904,522326016,36713463808,97,11,726704,,2059040,1481104,1,1,0,0,8520232,410619904,,36713463808,,522186752,,348389376,,54071296,,8159232,,0.0051,0.0604,0.0051,0.0431,1.3716,,67,false
phase3a-formal-20260925-v2-component-tensor-only,43,tensor-only,2026-09-24T19:34:20.7740531+00:00,1316.1456,measurement,request-count-1900,1900,1900,1900,0,0,5,1905,410664960,522326016,36713459712,96,11,911776,,2059040,1481104,1,1,0,0,8704752,410664960,,36713459712,,522186752,,348401664,,54071296,,8192000,,0.0074,0.0077,0.0071,0.0083,0.0246,,67,false
phase3a-formal-20260925-v2-component-tensor-only,44,tensor-only,2026-09-24T19:34:20.7778382+00:00,1319.9307,measurement,request-count-1950,1950,1950,1950,0,0,5,1955,410664960,522326016,36713459712,96,11,1086640,,2059040,1481104,1,1,0,0,8879064,410664960,,36713459712,,522186752,,348401664,,54071296,,8192000,,0.0051,0.0052,0.0046,0.0056,0.0191,,67,false
phase3a-formal-20260925-v2-component-tensor-only,45,tensor-only,2026-09-24T19:34:20.7816414+00:00,1323.734,measurement,request-count-2000,2000,2000,2000,0,0,5,2005,410673152,522326016,36713459712,96,11,1271712,,2059040,1481104,1,1,0,0,9063584,410673152,,36713459712,,522186752,,348409856,,54071296,,8192000,,0.0035,0.0052,0.004,0.0063,0.03,,67,false
phase3a-formal-20260925-v2-component-tensor-only,46,tensor-only,2026-09-24T19:34:20.7860647+00:00,1328.1573,measurement,request-count-2050,2050,2050,2050,0,0,5,2055,410673152,522326016,36713459712,96,11,1452704,,2059040,1481104,1,1,0,0,9244024,410673152,,36713459712,,522186752,,348409856,,54071296,,8192000,,0.0076,0.0079,0.0069,0.0101,0.0306,,67,false
phase3a-formal-20260925-v2-component-tensor-only,47,tensor-only,2026-09-24T19:34:20.7903262+00:00,1332.4187,measurement,request-count-2100,2100,2100,2100,0,0,5,2105,410673152,522326016,36713459712,96,11,1633696,,2059040,1481104,1,1,0,0,9424464,410673152,,36713459712,,522186752,,348409856,,54071296,,8192000,,0.0061,0.0083,0.0073,0.0132,0.0275,,67,false
phase3a-formal-20260925-v2-component-tensor-only,48,tensor-only,2026-09-24T19:34:20.7947090+00:00,1336.8015,measurement,request-count-2150,2150,2150,2150,0,0,5,2155,410673152,522326016,36713459712,96,11,1808560,,2059040,1481104,1,1,0,0,9598776,410673152,,36713459712,,522186752,,348409856,,54071296,,8192000,,0.0074,0.0081,0.0072,0.0126,0.0191,,67,false
phase3a-formal-20260925-v2-component-tensor-only,49,tensor-only,2026-09-24T19:34:20.7995909+00:00,1341.6834,measurement,request-count-2200,2200,2200,2200,0,0,5,2205,410673152,522326016,36713459712,96,11,1993632,,2059040,1481104,1,1,0,0,9783296,410673152,,36713459712,,522186752,,348409856,,54071296,,8192000,,0.0057,0.0091,0.006,0.0102,0.0709,,67,false
phase3a-formal-20260925-v2-component-tensor-only,50,tensor-only,2026-09-24T19:34:20.8047197+00:00,1346.8122,measurement,request-count-2250,2250,2250,2250,0,0,5,2255,410673152,522326016,36713459712,96,11,2169064,,2059040,1481104,1,1,0,0,9958200,410673152,,36713459712,,522186752,,348409856,,54071296,,8192000,,0.0051,0.0065,0.0051,0.0068,0.0383,,67,false
phase3a-formal-20260925-v2-component-tensor-only,51,tensor-only,2026-09-24T19:34:20.8089933+00:00,1351.0858,measurement,request-count-2300,2300,2300,2300,0,0,5,2305,410673152,522326016,36713459712,96,11,2353568,,2059040,1481104,1,1,0,0,10142152,410673152,,36713459712,,522186752,,348409856,,54071296,,8192000,,0.0043,0.0052,0.0044,0.0056,0.0217,,67,false
phase3a-formal-20260925-v2-component-tensor-only,52,tensor-only,2026-09-24T19:34:20.8125901+00:00,1354.6826,measurement,request-count-2350,2350,2350,2350,0,0,5,2355,410673152,522326016,36713459712,96,11,2534072,,2059040,1481104,1,1,0,0,10322104,410673152,,36713459712,,522186752,,348409856,,54071296,,8192000,,0.0035,0.004,0.0035,0.0044,0.0125,,67,false
phase3a-formal-20260925-v2-component-tensor-only,53,tensor-only,2026-09-24T19:34:20.8164889+00:00,1358.5814,measurement,request-count-2400,2400,2400,2400,0,0,5,2405,410673152,522326016,36713459712,96,11,2714576,,2059040,1481104,1,1,0,0,10502056,410673152,,36713459712,,522186752,,348409856,,54071296,,8192000,,0.0036,0.0059,0.005,0.01,0.023,,67,false
phase3a-formal-20260925-v2-component-tensor-only,54,tensor-only,2026-09-24T19:34:20.8206119+00:00,1362.7044,measurement,request-count-2450,2450,2450,2450,0,0,5,2455,410673152,522326016,36713459712,96,11,2895032,,2059040,1481104,1,1,0,0,10681960,410673152,,36713459712,,522186752,,348409856,,54071296,,8192000,,0.0045,0.0053,0.0047,0.0072,0.0151,,67,false
phase3a-formal-20260925-v2-component-tensor-only,55,tensor-only,2026-09-24T19:34:20.8244364+00:00,1366.5289,measurement,request-count-2500,2500,2500,2500,0,0,5,2505,410673152,522326016,36713459712,96,11,3075520,,2059040,1481104,1,1,0,0,10861896,410673152,,36713459712,,522186752,,348409856,,54071296,,8192000,,0.0033,0.0041,0.0035,0.0048,0.0161,,67,false
phase3a-formal-20260925-v2-component-tensor-only,56,tensor-only,2026-09-24T19:34:20.8304138+00:00,1372.5066,measurement,request-count-2550,2550,2550,2550,0,0,5,2555,410673152,522326016,36713459712,96,11,3255944,,2059040,1481104,1,1,0,0,11041768,410673152,,36713459712,,522186752,,348409856,,54071296,,8192000,,0.0046,0.0082,0.0052,0.0143,0.0637,,67,false
phase3a-formal-20260925-v2-component-tensor-only,57,tensor-only,2026-09-24T19:34:20.8344155+00:00,1376.508,measurement,request-count-2600,2600,2600,2600,0,0,5,2605,410673152,522326016,36713459712,96,11,3436416,,2059040,1481104,1,1,0,0,11221688,410673152,,36713459712,,522186752,,348409856,,54071296,,8192000,,0.0035,0.0038,0.0035,0.0042,0.01,,67,false
phase3a-formal-20260925-v2-component-tensor-only,58,tensor-only,2026-09-24T19:34:20.8380597+00:00,1380.1523,measurement,request-count-2650,2650,2650,2650,0,0,5,2655,410673152,522326016,36713459712,96,11,3616904,,2059040,1481104,1,1,0,0,11401624,410673152,,36713459712,,522186752,,348409856,,54071296,,8192000,,0.0077,0.0044,0.0036,0.0067,0.0134,,67,false
phase3a-formal-20260925-v2-component-tensor-only,59,tensor-only,2026-09-24T19:34:20.8419191+00:00,1384.0116,measurement,request-count-2700,2700,2700,2700,0,0,5,2705,410673152,522326016,36713459712,96,11,3797408,,2059040,1481104,1,1,0,0,11581576,410673152,,36713459712,,522186752,,348409856,,54071296,,8192000,,0.0042,0.005,0.0041,0.0064,0.0231,,67,false
phase3a-formal-20260925-v2-component-tensor-only,60,tensor-only,2026-09-24T19:34:20.8458970+00:00,1387.9896,measurement,request-count-2750,2750,2750,2750,0,0,5,2755,410673152,522326016,36713459712,96,11,3977896,,2059040,1481104,1,1,0,0,11761512,410673152,,36713459712,,522186752,,348409856,,54071296,,8192000,,0.0044,0.005,0.0044,0.0055,0.0171,,67,false
phase3a-formal-20260925-v2-component-tensor-only,61,tensor-only,2026-09-24T19:34:20.8512359+00:00,1393.3286,measurement,request-count-2800,2800,2800,2800,0,0,5,2805,410673152,522326016,36713459712,96,11,4158320,,2059040,1481104,1,1,0,0,11941384,410673152,,36713459712,,522186752,,348409856,,54071296,,8192000,,0.0046,0.0067,0.0052,0.0083,0.0377,,67,false
phase3a-formal-20260925-v2-component-tensor-only,62,tensor-only,2026-09-24T19:34:20.8565635+00:00,1398.656,measurement,request-count-2850,2850,2850,2850,0,0,5,2855,410673152,522326016,36713459712,96,11,4338792,,2059040,1481104,1,1,0,0,12121304,410673152,,36713459712,,522186752,,348409856,,54071296,,8192000,,0.0044,0.005,0.0044,0.0057,0.0176,,67,false
phase3a-formal-20260925-v2-component-tensor-only,63,tensor-only,2026-09-24T19:34:20.8613275+00:00,1403.42,measurement,request-count-2900,2900,2900,2900,0,0,5,2905,410673152,522326016,36713459712,96,11,4519280,,2059040,1481104,1,1,0,0,12301240,410673152,,36713459712,,522186752,,348409856,,54071296,,8192000,,0.0044,0.005,0.0044,0.007,0.0154,,67,false
phase3a-formal-20260925-v2-component-tensor-only,64,tensor-only,2026-09-24T19:34:20.8663744+00:00,1408.4669,measurement,request-count-2950,2950,2950,2950,0,0,5,2955,410673152,522326016,36713459712,96,11,4699760,,2059040,1481104,1,1,0,0,12481168,410673152,,36713459712,,522186752,,348409856,,54071296,,8192000,,0.0042,0.0073,0.0047,0.0192,0.0498,,67,false
phase3a-formal-20260925-v2-component-tensor-only,65,tensor-only,2026-09-24T19:34:20.8737201+00:00,1415.8126,measurement,request-count-3000,3000,3000,3000,0,0,5,3005,410759168,522457088,36713459712,96,11,4880704,,2059040,1481104,1,1,0,0,12659912,410734592,,36713459712,,522252288,,348471296,,54071296,,8192000,,0.0033,0.0057,0.0036,0.0082,0.0482,,67,false
phase3a-formal-20260925-v2-component-tensor-only,66,tensor-only,2026-09-24T19:34:20.8786239+00:00,1420.7164,measurement,request-count-3050,3050,3050,3050,0,0,5,3055,410935296,522588160,36713459712,96,11,5060864,,2059040,1481104,1,1,0,0,12839520,410914816,,36713459712,,522448896,,348651520,,54071296,,8192000,,0.0078,0.0058,0.0037,0.0163,0.0247,,67,false
phase3a-formal-20260925-v2-component-tensor-only,67,tensor-only,2026-09-24T19:34:20.8840347+00:00,1426.1272,measurement,request-count-3100,3100,3100,3100,0,0,5,3105,411119616,522784768,36713459712,96,11,5241024,,2059040,1481104,1,1,0,0,13019128,411095040,,36713459712,,522645504,,348831744,,54071296,,8192000,,0.0157,0.0088,0.0062,0.0173,0.0479,,67,false
phase3a-formal-20260925-v2-component-tensor-only,68,tensor-only,2026-09-24T19:34:20.8894431+00:00,1431.5356,measurement,request-count-3150,3150,3150,3150,0,0,5,3155,411299840,522981376,36713459712,96,11,5423376,,2059040,1481104,1,1,0,0,13200928,411275264,,36713459712,,522842112,,349011968,,54071296,,8192000,,0.0151,0.0071,0.0045,0.018,0.0284,,67,false
phase3a-formal-20260925-v2-component-tensor-only,69,tensor-only,2026-09-24T19:34:20.8943082+00:00,1436.4007,measurement,request-count-3200,3200,3200,3200,0,0,5,3205,411480064,523177984,36713459712,96,11,5601600,,2059040,1481104,1,1,0,0,13378576,411455488,,36713459712,,522973184,,349192192,,54071296,,8192000,,0.0105,0.0055,0.0036,0.0117,0.0288,,67,false
phase3a-formal-20260925-v2-component-tensor-only,70,tensor-only,2026-09-24T19:34:20.8995168+00:00,1441.6093,measurement,request-count-3250,3250,3250,3250,0,0,5,3255,411656192,523309056,36713459712,96,11,5781760,,2059040,1481104,1,1,0,0,13558184,411635712,,36713459712,,523169792,,349372416,,54071296,,8192000,,0.0077,0.0076,0.0043,0.0208,0.0532,,67,false
phase3a-formal-20260925-v2-component-tensor-only,71,tensor-only,2026-09-24T19:34:20.9048571+00:00,1446.9496,measurement,request-count-3300,3300,3300,3300,0,0,5,3305,411840512,523505664,36713459712,96,11,5961920,,2059040,1481104,1,1,0,0,13737792,411815936,,36713459712,,523366400,,349552640,,54071296,,8192000,,0.0082,0.0077,0.0037,0.0127,0.0768,,67,false
phase3a-formal-20260925-v2-component-tensor-only,72,tensor-only,2026-09-24T19:34:20.9107518+00:00,1452.8443,measurement,request-count-3350,3350,3350,3350,0,0,5,3355,412020736,523702272,36713459712,96,11,6145400,,2059040,1481104,1,1,0,0,13920720,411996160,,36713459712,,523563008,,349732864,,54071296,,8192000,,0.0049,0.0093,0.0065,0.019,0.0463,,67,false
phase3a-formal-20260925-v2-component-tensor-only,73,tensor-only,2026-09-24T19:34:20.9152480+00:00,1457.3406,measurement,request-count-3400,3400,3400,3400,0,0,5,3405,412200960,523898880,36713459712,96,11,6322496,,2059040,1481104,1,1,0,0,14097240,412176384,,36713459712,,523694080,,349913088,,54071296,,8192000,,0.0077,0.0082,0.006,0.0165,0.0334,,67,false
phase3a-formal-20260925-v2-component-tensor-only,74,tensor-only,2026-09-24T19:34:20.9194434+00:00,1461.5359,measurement,request-count-3450,3450,3450,3450,0,0,5,3455,412377088,524029952,36713459712,96,11,6502656,,2059040,1481104,1,1,0,0,14276848,412356608,,36713459712,,523890688,,350093312,,54071296,,8192000,,0.0035,0.0056,0.0036,0.0139,0.0323,,67,false
phase3a-formal-20260925-v2-component-tensor-only,75,tensor-only,2026-09-24T19:34:20.9233834+00:00,1465.4759,measurement,request-count-3500,3500,3500,3500,0,0,5,3505,412561408,524226560,36713459712,96,11,6682816,,2059040,1481104,1,1,0,0,14456456,412536832,,36713459712,,524087296,,350273536,,54071296,,8192000,,0.0052,0.0071,0.0053,0.0143,0.0233,,67,false
phase3a-formal-20260925-v2-component-tensor-only,76,tensor-only,2026-09-24T19:34:20.9269923+00:00,1469.0848,measurement,request-count-3550,3550,3550,3550,0,0,5,3555,412741632,524423168,36713459712,96,11,6863408,,2059040,1481104,1,1,0,0,14636496,412725248,,36713459712,,524283904,,350461952,,54071296,,8192000,,0.0043,0.005,0.0037,0.0088,0.0171,,67,false
phase3a-formal-20260925-v2-component-tensor-only,77,tensor-only,2026-09-24T19:34:20.9316903+00:00,1473.7828,measurement,request-count-3600,3600,3600,3600,0,0,5,3605,412921856,524619776,36713459712,96,11,7043904,,2059040,1481104,1,1,0,0,14816440,412901376,,36713459712,,524414976,,350638080,,54071296,,8192000,,0.0057,0.0083,0.0056,0.016,0.0422,,67,false
phase3a-formal-20260925-v2-component-tensor-only,78,tensor-only,2026-09-24T19:34:20.9368303+00:00,1478.9228,measurement,request-count-3650,3650,3650,3650,0,0,5,3655,413114368,524750848,36713463808,96,11,7231776,,2059040,1481104,1,1,0,0,15003736,413102080,,36713463808,,524611584,,350822400,,54071296,,8208384,,0.0036,0.006,0.0036,0.0111,0.0415,,67,false
phase3a-formal-20260925-v2-component-tensor-only,79,tensor-only,2026-09-24T19:34:20.9420607+00:00,1484.1532,measurement,request-count-3700,3700,3700,3700,0,0,5,3705,413315072,524947456,36713467904,96,11,7411936,,2059040,1481104,1,1,0,0,15183320,413298688,,36713467904,,524808192,,351002624,,54071296,,8224768,,0.0041,0.0063,0.0041,0.0166,0.0312,,67,false
phase3a-formal-20260925-v2-component-tensor-only,80,tensor-only,2026-09-24T19:34:20.9460686+00:00,1488.1611,measurement,request-count-3750,3750,3750,3750,0,0,5,3755,413507584,525144064,36713467904,96,11,7585056,,2059040,1481104,1,1,0,0,15355888,413491200,,36713467904,,525004800,,351182848,,54071296,,8237056,,0.0041,0.0055,0.0042,0.0135,0.0171,,67,false
phase3a-formal-20260925-v2-component-tensor-only,81,tensor-only,2026-09-24T19:34:20.9524339+00:00,1494.5264,measurement,request-count-3800,3800,3800,3800,0,0,5,3805,413728768,525340672,36713472000,96,11,7765528,,2059040,1481104,1,1,0,0,15535784,413708288,,36713472000,,525135872,,351358976,,54071296,,8278016,,0.0054,0.0078,0.0054,0.0129,0.037,,67,false
phase3a-formal-20260925-v2-component-tensor-only,82,tensor-only,2026-09-24T19:34:20.9567965+00:00,1498.889,measurement,request-count-3850,3850,3850,3850,0,0,5,3855,413917184,525471744,36713472000,96,11,7952672,,2059040,1481104,1,1,0,0,15722352,413904896,,36713472000,,525332480,,351543296,,54071296,,8290304,,0.0043,0.0064,0.0042,0.0121,0.0332,,67,false
phase3a-formal-20260925-v2-component-tensor-only,83,tensor-only,2026-09-24T19:34:20.9617528+00:00,1503.8453,measurement,request-count-3900,3900,3900,3900,0,0,5,3905,414130176,525668352,36713463808,96,11,8132832,,2059040,1481104,1,1,0,0,15901936,414113792,,36713463808,,525529088,,351723520,,54071296,,8318976,,0.0038,0.0065,0.0045,0.0133,0.0243,,67,false
phase3a-formal-20260925-v2-component-tensor-only,84,tensor-only,2026-09-24T19:34:20.9677484+00:00,1509.841,measurement,request-count-3950,3950,3950,3950,0,0,5,3955,414343168,525864960,36713467904,96,11,8306992,,2059040,1481104,1,1,0,0,16075544,414322688,,36713467904,,525725696,,351903744,,54071296,,8347648,,0.0033,0.0062,0.0036,0.011,0.0474,,67,false
phase3a-formal-20260925-v2-component-tensor-only,85,tensor-only,2026-09-24T19:34:20.9731761+00:00,1515.2687,measurement,request-count-4000,4000,4000,4000,0,0,5,4005,414531584,526061568,36713472000,96,11,8493408,,2059040,1481104,1,1,0,0,16261384,414511104,,36713472000,,525856768,,352079872,,54071296,,8359936,,0.0041,0.006,0.0042,0.0109,0.0265,,67,false
phase3a-formal-20260925-v2-component-tensor-only,86,tensor-only,2026-09-24T19:34:20.9781870+00:00,1520.2795,measurement,request-count-4050,4050,4050,4050,0,0,5,4055,414707712,526192640,36713472000,96,11,8673568,,2059040,1481104,1,1,0,0,16440992,414695424,,36713472000,,526053376,,352264192,,54071296,,8359936,,0.0042,0.0058,0.0042,0.0107,0.0224,,67,false
phase3a-formal-20260925-v2-component-tensor-only,87,tensor-only,2026-09-24T19:34:20.9831984+00:00,1525.2909,measurement,request-count-4100,4100,4100,4100,0,0,5,4105,414892032,526389248,36713459712,96,11,8853728,,2059040,1481104,1,1,0,0,16620600,414875648,,36713459712,,526249984,,352444416,,54071296,,8359936,,0.0043,0.0075,0.0046,0.0246,0.0348,,67,false
phase3a-formal-20260925-v2-component-tensor-only,88,tensor-only,2026-09-24T19:34:20.9904497+00:00,1532.5422,measurement,request-count-4150,4150,4150,4150,0,0,5,4155,415588352,527056896,36713459712,96,11,627448,,2471312,1916280,2,2,1,0,16806328,415588352,,36713459712,,526917632,,353128448,,54071296,,8388608,,0.0035,0.0067,0.0043,0.0134,0.0354,,67,false
phase3a-formal-20260925-v2-component-tensor-only,89,tensor-only,2026-09-24T19:34:20.9942089+00:00,1536.3014,measurement,request-count-4200,4200,4200,4200,0,0,5,4205,415588352,527056896,36713459712,96,11,808440,,2471312,1916280,2,2,1,0,16986768,415588352,,36713459712,,526917632,,353128448,,54071296,,8388608,,0.0039,0.004,0.0035,0.0056,0.0103,,67,false
phase3a-formal-20260925-v2-component-tensor-only,90,tensor-only,2026-09-24T19:34:20.9987292+00:00,1540.8218,measurement,request-count-4250,4250,4250,4250,0,0,5,4255,415588352,527056896,36713459712,96,11,989432,,2471312,1916280,2,2,1,0,17167208,415588352,,36713459712,,526917632,,353128448,,54071296,,8388608,,0.0047,0.007,0.0051,0.0088,0.045,,67,false
phase3a-formal-20260925-v2-component-tensor-only,91,tensor-only,2026-09-24T19:34:21.0035871+00:00,1545.6796,measurement,request-count-4300,4300,4300,4300,0,0,5,4305,415588352,527056896,36713459712,96,11,1170424,,2471312,1916280,2,2,1,0,17347648,415588352,,36713459712,,526917632,,353128448,,54071296,,8388608,,0.005,0.0061,0.0044,0.0067,0.0419,,67,false
phase3a-formal-20260925-v2-component-tensor-only,92,tensor-only,2026-09-24T19:34:21.0076206+00:00,1549.7131,measurement,request-count-4350,4350,4350,4350,0,0,5,4355,415588352,527056896,36713459712,96,11,1345288,,2471312,1916280,2,2,1,0,17521960,415588352,,36713459712,,526917632,,353128448,,54071296,,8388608,,0.0047,0.0045,0.0041,0.0049,0.0166,,67,false
phase3a-formal-20260925-v2-component-tensor-only,93,tensor-only,2026-09-24T19:34:21.0115084+00:00,1553.6009,measurement,request-count-4400,4400,4400,4400,0,0,5,4405,415588352,527056896,36713459712,96,11,1530360,,2471312,1916280,2,2,1,0,17706480,415588352,,36713459712,,526917632,,353128448,,54071296,,8388608,,0.0042,0.0057,0.0045,0.0113,0.0246,,67,false
phase3a-formal-20260925-v2-component-tensor-only,94,tensor-only,2026-09-24T19:34:21.0167553+00:00,1558.8479,measurement,request-count-4450,4450,4450,4450,0,0,5,4455,415588352,527056896,36713459712,96,11,1711352,,2471312,1916280,2,2,1,0,17886920,415588352,,36713459712,,526917632,,353128448,,54071296,,8388608,,0.0072,0.007,0.0064,0.0075,0.0183,,67,false
phase3a-formal-20260925-v2-component-tensor-only,95,tensor-only,2026-09-24T19:34:21.0215791+00:00,1563.6716,measurement,request-count-4500,4500,4500,4500,0,0,5,4505,415588352,527056896,36713459712,96,11,1892344,,2471312,1916280,2,2,1,0,18067360,415588352,,36713459712,,526917632,,353128448,,54071296,,8388608,,0.0089,0.0073,0.0065,0.0089,0.017,,67,false
phase3a-formal-20260925-v2-component-tensor-only,96,tensor-only,2026-09-24T19:34:21.0262327+00:00,1568.3252,measurement,request-count-4550,4550,4550,4550,0,0,5,4555,415588352,527056896,36713459712,96,11,2067128,,2471312,1916280,2,2,1,0,18241616,415588352,,36713459712,,526917632,,353128448,,54071296,,8388608,,0.0057,0.007,0.0058,0.0134,0.0369,,67,false
phase3a-formal-20260925-v2-component-tensor-only,97,tensor-only,2026-09-24T19:34:21.0313360+00:00,1573.4285,measurement,request-count-4600,4600,4600,4600,0,0,5,4605,415588352,527056896,36713459712,96,11,2251600,,2471312,1916280,2,2,1,0,18425536,415588352,,36713459712,,526917632,,353128448,,54071296,,8388608,,0.0033,0.0057,0.0043,0.0072,0.0372,,67,false
phase3a-formal-20260925-v2-component-tensor-only,98,tensor-only,2026-09-24T19:34:21.0373323+00:00,1579.4248,measurement,request-count-4650,4650,4650,4650,0,0,5,4655,415588352,527056896,36713459712,96,11,2432112,,2471312,1916280,2,2,1,0,18605496,415588352,,36713459712,,526917632,,353128448,,54071296,,8388608,,0.0036,0.0063,0.0044,0.0105,0.0432,,67,false
phase3a-formal-20260925-v2-component-tensor-only,99,tensor-only,2026-09-24T19:34:21.0431162+00:00,1585.2087,measurement,request-count-4700,4700,4700,4700,0,0,5,4705,415588352,527056896,36713459712,96,11,2612592,,2471312,1916280,2,2,1,0,18785424,415588352,,36713459712,,526917632,,353128448,,54071296,,8388608,,0.0065,0.0062,0.005,0.0077,0.0294,,67,false
phase3a-formal-20260925-v2-component-tensor-only,100,tensor-only,2026-09-24T19:34:21.0482146+00:00,1590.3071,measurement,request-count-4750,4750,4750,4750,0,0,5,4755,415588352,527056896,36713459712,96,11,2793056,,2471312,1916280,2,2,1,0,18965336,415588352,,36713459712,,526917632,,353128448,,54071296,,8388608,,0.0041,0.0051,0.0043,0.0053,0.0233,,67,false
phase3a-formal-20260925-v2-component-tensor-only,101,tensor-only,2026-09-24T19:34:21.0533415+00:00,1595.434,measurement,request-count-4800,4800,4800,4800,0,0,5,4805,415588352,527056896,36713459712,96,11,2973488,,2471312,1916280,2,2,1,0,19145216,415588352,,36713459712,,526917632,,353128448,,54071296,,8388608,,0.0033,0.0054,0.0039,0.0074,0.037,,67,false
phase3a-formal-20260925-v2-component-tensor-only,102,tensor-only,2026-09-24T19:34:21.0580787+00:00,1600.1712,measurement,request-count-4850,4850,4850,4850,0,0,5,4855,415588352,527056896,36713459712,96,11,3153808,,2471312,1916280,2,2,1,0,19324984,415588352,,36713459712,,526917632,,353128448,,54071296,,8388608,,0.004,0.0054,0.0042,0.0104,0.0272,,67,false
phase3a-formal-20260925-v2-component-tensor-only,103,tensor-only,2026-09-24T19:34:21.0626200+00:00,1604.7125,measurement,request-count-4900,4900,4900,4900,0,0,5,4905,415588352,527056896,36713459712,96,11,3334296,,2471312,1916280,2,2,1,0,19504920,415588352,,36713459712,,526917632,,353128448,,54071296,,8388608,,0.0037,0.0096,0.0057,0.0143,0.0943,,67,false
phase3a-formal-20260925-v2-component-tensor-only,104,tensor-only,2026-09-24T19:34:21.0684721+00:00,1610.5646,measurement,request-count-4950,4950,4950,4950,0,0,5,4955,415588352,527056896,36713459712,96,11,3514776,,2471312,1916280,2,2,1,0,19684848,415588352,,36713459712,,526917632,,353128448,,54071296,,8388608,,0.0042,0.0067,0.0043,0.0094,0.0548,,67,false
phase3a-formal-20260925-v2-component-tensor-only,105,tensor-only,2026-09-24T19:34:21.0738988+00:00,1615.9913,measurement,request-count-5000,5000,5000,5000,0,0,5,5005,415588352,527056896,36713459712,96,11,3695256,,2471312,1916280,2,2,1,0,19864776,415588352,,36713459712,,526917632,,353128448,,54071296,,8388608,,0.0035,0.0073,0.0043,0.0219,0.0609,,67,false
phase3a-formal-20260925-v2-component-tensor-only,106,tensor-only,2026-09-24T19:34:21.0786162+00:00,1620.7086,measurement,request-count-5050,5050,5050,5050,0,0,5,5055,415588352,527056896,36713459712,96,11,3875752,,2471312,1916280,2,2,1,0,20044720,415588352,,36713459712,,526917632,,353128448,,54071296,,8388608,,0.0038,0.0043,0.0035,0.0062,0.0135,,67,false
phase3a-formal-20260925-v2-component-tensor-only,107,tensor-only,2026-09-24T19:34:21.0828161+00:00,1624.9086,measurement,request-count-5100,5100,5100,5100,0,0,5,5105,415588352,527056896,36713459712,96,11,4056248,,2471312,1916280,2,2,1,0,20224664,415588352,,36713459712,,526917632,,353128448,,54071296,,8388608,,0.0069,0.008,0.0069,0.0156,0.0206,,67,false
phase3a-formal-20260925-v2-component-tensor-only,108,tensor-only,2026-09-24T19:34:21.0868870+00:00,1628.9796,measurement,request-count-5150,5150,5150,5150,0,0,5,5155,415588352,527056896,36713459712,96,11,4236720,,2471312,1916280,2,2,1,0,20404584,415588352,,36713459712,,526917632,,353128448,,54071296,,8388608,,0.0063,0.0062,0.0062,0.0072,0.0141,,67,false
phase3a-formal-20260925-v2-component-tensor-only,109,tensor-only,2026-09-24T19:34:21.0904516+00:00,1632.5441,measurement,request-count-5200,5200,5200,5200,0,0,5,5205,415588352,527056896,36713459712,96,11,4417104,,2471312,1916280,2,2,1,0,20584416,415588352,,36713459712,,526917632,,353128448,,54071296,,8388608,,0.0041,0.0042,0.004,0.0049,0.0085,,67,false
phase3a-formal-20260925-v2-component-tensor-only,110,tensor-only,2026-09-24T19:34:21.0939813+00:00,1636.0738,measurement,request-count-5250,5250,5250,5250,0,0,5,5255,415600640,527056896,36713463808,96,11,4597576,,2471312,1916280,2,2,1,0,20764336,415600640,,36713463808,,526917632,,353128448,,54071296,,8400896,,0.0056,0.0041,0.0034,0.0058,0.0161,,67,false
phase3a-formal-20260925-v2-component-tensor-only,111,tensor-only,2026-09-24T19:34:21.0978366+00:00,1639.9291,measurement,request-count-5300,5300,5300,5300,0,0,5,5305,415617024,527056896,36713467904,96,11,4787136,,2471312,1916280,2,2,1,0,20951656,415617024,,36713467904,,526917632,,353128448,,54071296,,8417280,,0.0043,0.0055,0.0043,0.0074,0.0232,,67,false
phase3a-formal-20260925-v2-component-tensor-only,112,tensor-only,2026-09-24T19:34:21.1024276+00:00,1644.5201,measurement,request-count-5350,5350,5350,5350,0,0,5,5355,415621120,527056896,36713472000,96,11,4968456,,2471312,1916280,2,2,1,0,21132424,415617024,,36713467904,,526917632,,353128448,,54071296,,8417280,,0.0034,0.0063,0.0035,0.0126,0.0584,,67,false
phase3a-formal-20260925-v2-component-tensor-only,113,tensor-only,2026-09-24T19:34:21.1068941+00:00,1648.9866,measurement,request-count-5400,5400,5400,5400,0,0,5,5405,415637504,527056896,36713472000,96,11,5148952,,2471312,1916280,2,2,1,0,21312368,415637504,,36713472000,,526917632,,353128448,,54071296,,8437760,,0.0033,0.0053,0.0044,0.006,0.0234,,67,false
phase3a-formal-20260925-v2-component-tensor-only,114,tensor-only,2026-09-24T19:34:21.1104703+00:00,1652.5628,measurement,request-count-5450,5450,5450,5450,0,0,5,5455,415703040,527110144,36713467904,96,11,5329440,,2471312,1916280,2,2,1,0,21492304,415703040,,36713467904,,526970880,,353169408,,54071296,,8462336,,0.0034,0.0038,0.0034,0.0043,0.0124,,67,false
phase3a-formal-20260925-v2-component-tensor-only,115,tensor-only,2026-09-24T19:34:21.1143704+00:00,1656.4629,measurement,request-count-5500,5500,5500,5500,0,0,5,5505,415703040,527110144,36713467904,96,11,5509920,,2471312,1916280,2,2,1,0,21672232,415703040,,36713467904,,526970880,,353169408,,54071296,,8462336,,0.0034,0.0044,0.0036,0.0058,0.0181,,67,false
phase3a-formal-20260925-v2-component-tensor-only,116,tensor-only,2026-09-24T19:34:21.1182988+00:00,1660.3914,measurement,request-count-5550,5550,5550,5550,0,0,5,5555,415715328,527110144,36713472000,96,11,5690384,,2471312,1916280,2,2,1,0,21852144,415715328,,36713472000,,526970880,,353169408,,54071296,,8474624,,0.0035,0.0048,0.0036,0.0056,0.0256,,67,false
phase3a-formal-20260925-v2-component-tensor-only,117,tensor-only,2026-09-24T19:34:21.1222432+00:00,1664.3357,measurement,request-count-5600,5600,5600,5600,0,0,5,5605,415723520,527110144,36713472000,96,11,5870880,,2471312,1916280,2,2,1,0,22032088,415723520,,36713472000,,526970880,,353169408,,54071296,,8482816,,0.0034,0.0049,0.0037,0.0057,0.0295,,67,false
phase3a-formal-20260925-v2-component-tensor-only,118,tensor-only,2026-09-24T19:34:21.1274513+00:00,1669.5438,measurement,request-count-5650,5650,5650,5650,0,0,5,5655,416133120,527495168,36713467904,96,11,6051360,,2471312,1916280,2,2,1,0,22212016,416129024,,36713467904,,527355904,,353566720,,54071296,,8491008,,0.0035,0.0047,0.0036,0.0053,0.0285,,67,false
phase3a-formal-20260925-v2-component-tensor-only,119,tensor-only,2026-09-24T19:34:21.1318311+00:00,1673.9236,measurement,request-count-5700,5700,5700,5700,0,0,5,5705,416161792,527507456,36713467904,96,11,6231856,,2471312,1916280,2,2,1,0,22391960,416157696,,36713467904,,527368192,,353579008,,54071296,,8507392,,0.005,0.0062,0.0047,0.0088,0.0336,,67,false
phase3a-formal-20260925-v2-component-tensor-only,120,tensor-only,2026-09-24T19:34:21.1370239+00:00,1679.1165,measurement,request-count-5750,5750,5750,5750,0,0,5,5755,416165888,527507456,36713467904,96,11,6412344,,2471312,1916280,2,2,1,0,22571896,416165888,,36713467904,,527368192,,353579008,,54071296,,8515584,,0.0054,0.0083,0.0071,0.0099,0.0356,,67,false
phase3a-formal-20260925-v2-component-tensor-only,121,tensor-only,2026-09-24T19:34:21.1416883+00:00,1683.7809,measurement,request-count-5800,5800,5800,5800,0,0,5,5805,416174080,527507456,36713467904,96,11,6592856,,2471312,1916280,2,2,1,0,22751856,416174080,,36713467904,,527368192,,353579008,,54071296,,8523776,,0.0068,0.0077,0.0067,0.0079,0.0294,,67,false
phase3a-formal-20260925-v2-component-tensor-only,122,tensor-only,2026-09-24T19:34:21.1455809+00:00,1687.6734,measurement,request-count-5850,5850,5850,5850,0,0,5,5855,416182272,527507456,36713467904,96,11,6773320,,2471312,1916280,2,2,1,0,22931768,416182272,,36713467904,,527368192,,353579008,,54071296,,8531968,,0.007,0.0066,0.006,0.0085,0.0164,,67,false
phase3a-formal-20260925-v2-component-tensor-only,123,tensor-only,2026-09-24T19:34:21.1497703+00:00,1691.8629,measurement,request-count-5900,5900,5900,5900,0,0,5,5905,416342016,527601664,36713467904,96,11,6953792,,2471312,1916280,2,2,1,0,23111688,416333824,,36713467904,,527462400,,353669120,,54071296,,8593408,,0.0143,0.0083,0.0072,0.0136,0.0271,,67,false
phase3a-formal-20260925-v2-component-tensor-only,124,tensor-only,2026-09-24T19:34:21.1550164+00:00,1697.109,measurement,request-count-5950,5950,5950,5950,0,0,5,5955,416346112,527601664,36713467904,96,11,7134304,,2471312,1916280,2,2,1,0,23291648,416346112,,36713467904,,527462400,,353669120,,54071296,,8605696,,0.0046,0.0047,0.0042,0.0052,0.0187,,67,false
phase3a-formal-20260925-v2-component-tensor-only,125,tensor-only,2026-09-24T19:34:21.1592784+00:00,1701.3709,measurement,request-count-6000,6000,6000,6000,0,0,5,6005,416346112,527601664,36713467904,96,11,7314848,,2471312,1916280,2,2,1,0,23471640,416346112,,36713467904,,527462400,,353669120,,54071296,,8605696,,0.0044,0.005,0.0045,0.0057,0.0147,,67,false
phase3a-formal-20260925-v2-component-tensor-only,126,tensor-only,2026-09-24T19:34:21.1629570+00:00,1705.0496,measurement,request-count-6050,6050,6050,6050,0,0,5,6055,416346112,527601664,36713467904,96,11,7495352,,2471312,1916280,2,2,1,0,23651592,416346112,,36713467904,,527462400,,353669120,,54071296,,8605696,,0.0045,0.0055,0.0048,0.0101,0.0132,,67,false
phase3a-formal-20260925-v2-component-tensor-only,127,tensor-only,2026-09-24T19:34:21.1672747+00:00,1709.3673,measurement,request-count-6100,6100,6100,6100,0,0,5,6105,416346112,527601664,36713467904,96,11,7675816,,2471312,1916280,2,2,1,0,23831504,416346112,,36713467904,,527462400,,353669120,,54071296,,8605696,,0.0042,0.0081,0.0057,0.0169,0.0363,,67,false
phase3a-formal-20260925-v2-component-tensor-only,128,tensor-only,2026-09-24T19:34:21.1719931+00:00,1714.0856,measurement,request-count-6150,6150,6150,6150,0,0,5,6155,416346112,527601664,36713467904,96,11,7856312,,2471312,1916280,2,2,1,0,24011448,416346112,,36713467904,,527462400,,353669120,,54071296,,8605696,,0.0035,0.0059,0.0042,0.0062,0.0409,,67,false
phase3a-formal-20260925-v2-component-tensor-only,129,tensor-only,2026-09-24T19:34:21.1761133+00:00,1718.2059,measurement,request-count-6200,6200,6200,6200,0,0,5,6205,416346112,527601664,36713467904,96,11,8036808,,2471312,1916280,2,2,1,0,24191392,416346112,,36713467904,,527462400,,353669120,,54071296,,8605696,,0.0043,0.0053,0.0045,0.0061,0.0225,,67,false
phase3a-formal-20260925-v2-component-tensor-only,130,tensor-only,2026-09-24T19:34:21.1796753+00:00,1721.7678,measurement,request-count-6250,6250,6250,6250,0,0,5,6255,416346112,527601664,36713467904,96,11,8217304,,2471312,1916280,2,2,1,0,24371336,416346112,,36713467904,,527462400,,353669120,,54071296,,8605696,,0.0044,0.0046,0.0043,0.0052,0.0088,,67,false
phase3a-formal-20260925-v2-component-tensor-only,131,tensor-only,2026-09-24T19:34:21.1833505+00:00,1725.443,measurement,request-count-6300,6300,6300,6300,0,0,5,6305,416346112,527601664,36713467904,96,11,8397816,,2471312,1916280,2,2,1,0,24551296,416346112,,36713467904,,527462400,,353669120,,54071296,,8605696,,0.0043,0.0058,0.0051,0.008,0.0188,,67,false
phase3a-formal-20260925-v2-component-tensor-only,132,tensor-only,2026-09-24T19:34:21.1870532+00:00,1729.1457,measurement,request-count-6350,6350,6350,6350,0,0,5,6355,416346112,527601664,36713467904,96,11,8578328,,2471312,1916280,2,2,1,0,24731256,416346112,,36713467904,,527462400,,353669120,,54071296,,8605696,,0.0043,0.0059,0.0044,0.0072,0.0365,,67,false
phase3a-formal-20260925-v2-component-tensor-only,133,tensor-only,2026-09-24T19:34:21.1906615+00:00,1732.754,measurement,request-count-6400,6400,6400,6400,0,0,5,6405,416346112,527601664,36713467904,96,11,8758808,,2471312,1916280,2,2,1,0,24911184,416346112,,36713467904,,527462400,,353669120,,54071296,,8605696,,0.0031,0.0037,0.0036,0.0042,0.0078,,67,false
phase3a-formal-20260925-v2-component-tensor-only,134,tensor-only,2026-09-24T19:34:21.1941810+00:00,1736.2735,measurement,request-count-6450,6450,6450,6450,0,0,5,6455,416346112,527601664,36713467904,96,11,8938544,,2471312,1916280,2,2,1,0,25090368,416346112,,36713467904,,527462400,,353669120,,54071296,,8605696,,0.0047,0.0041,0.0036,0.0056,0.0123,,67,false
phase3a-formal-20260925-v2-component-tensor-only,135,tensor-only,2026-09-24T19:34:21.2009563+00:00,1743.0488,measurement,request-count-6500,6500,6500,6500,0,0,5,6505,416317440,526778368,36712644608,96,11,728752,,2478248,1923472,3,3,2,1,25260952,416317440,,36712644608,,526639104,,353640448,,54071296,,8605696,,0.0039,0.0648,0.0036,0.0045,1.5627,,67,false
phase3a-formal-20260925-v2-component-tensor-only,136,tensor-only,2026-09-24T19:34:21.2049462+00:00,1747.0387,measurement,request-count-6550,6550,6550,6550,0,0,5,6555,416317440,526778368,36712644608,96,11,913824,,2478248,1923472,3,3,2,1,25445472,416317440,,36712644608,,526639104,,353640448,,54071296,,8605696,,0.0047,0.005,0.0044,0.0055,0.0189,,67,false
phase3a-formal-20260925-v2-component-tensor-only,137,tensor-only,2026-09-24T19:34:21.2086229+00:00,1750.7154,measurement,request-count-6600,6600,6600,6600,0,0,5,6605,416317440,526778368,36712644608,96,11,1094816,,2478248,1923472,3,3,2,1,25625912,416317440,,36712644608,,526639104,,353640448,,54071296,,8605696,,0.0041,0.0043,0.0038,0.0054,0.0144,,67,false
phase3a-formal-20260925-v2-component-tensor-only,138,tensor-only,2026-09-24T19:34:21.2121470+00:00,1754.2395,measurement,request-count-6650,6650,6650,6650,0,0,5,6655,416317440,526778368,36712644608,96,11,1275808,,2478248,1923472,3,3,2,1,25806352,416317440,,36712644608,,526639104,,353640448,,54071296,,8605696,,0.0055,0.005,0.0045,0.0055,0.0161,,67,false
phase3a-formal-20260925-v2-component-tensor-only,139,tensor-only,2026-09-24T19:34:21.2158239+00:00,1757.9164,measurement,request-count-6700,6700,6700,6700,0,0,5,6705,416317440,526778368,36712644608,96,11,1450672,,2478248,1923472,3,3,2,1,25980664,416317440,,36712644608,,526639104,,353640448,,54071296,,8605696,,0.0072,0.0058,0.0049,0.0071,0.0178,,67,false
phase3a-formal-20260925-v2-component-tensor-only,140,tensor-only,2026-09-24T19:34:21.2194365+00:00,1761.529,measurement,request-count-6750,6750,6750,6750,0,0,5,6755,416317440,526778368,36712644608,96,11,1635744,,2478248,1923472,3,3,2,1,26165184,416317440,,36712644608,,526639104,,353640448,,54071296,,8605696,,0.0037,0.0048,0.004,0.0058,0.0219,,67,false
phase3a-formal-20260925-v2-component-tensor-only,141,tensor-only,2026-09-24T19:34:21.2238609+00:00,1765.9534,measurement,request-count-6800,6800,6800,6800,0,0,5,6805,416317440,526778368,36712644608,96,11,1816736,,2478248,1923472,3,3,2,1,26345624,416317440,,36712644608,,526639104,,353640448,,54071296,,8605696,,0.0047,0.0054,0.0038,0.0047,0.043,,67,false
phase3a-formal-20260925-v2-component-tensor-only,142,tensor-only,2026-09-24T19:34:21.2276216+00:00,1769.7141,measurement,request-count-6850,6850,6850,6850,0,0,5,6855,416317440,526778368,36712644608,96,11,1997728,,2478248,1923472,3,3,2,1,26526064,416317440,,36712644608,,526639104,,353640448,,54071296,,8605696,,0.0056,0.0053,0.0047,0.0062,0.0179,,67,false
phase3a-formal-20260925-v2-component-tensor-only,143,tensor-only,2026-09-24T19:34:21.2316914+00:00,1773.7839,measurement,request-count-6900,6900,6900,6900,0,0,5,6905,416317440,526778368,36712644608,96,11,2177008,,2478248,1923472,3,3,2,1,26704840,416317440,,36712644608,,526639104,,353640448,,54071296,,8605696,,0.0049,0.0065,0.005,0.0081,0.0381,,67,false
phase3a-formal-20260925-v2-component-tensor-only,144,tensor-only,2026-09-24T19:34:21.2362443+00:00,1778.3368,measurement,request-count-6950,6950,6950,6950,0,0,5,6955,416317440,526778368,36712644608,96,11,2356760,,2478248,1923472,3,3,2,1,26884040,416317440,,36712644608,,526639104,,353640448,,54071296,,8605696,,0.0082,0.0068,0.005,0.0097,0.0306,,67,false
phase3a-formal-20260925-v2-component-tensor-only,145,tensor-only,2026-09-24T19:34:21.2409175+00:00,1783.01,measurement,request-count-7000,7000,7000,7000,0,0,5,7005,416317440,526778368,36712644608,96,11,2537264,,2478248,1923472,3,3,2,1,27063992,416317440,,36712644608,,526639104,,353640448,,54071296,,8605696,,0.0035,0.0053,0.0044,0.0064,0.0264,,67,false
phase3a-formal-20260925-v2-component-tensor-only,146,tensor-only,2026-09-24T19:34:21.2445692+00:00,1786.6617,measurement,request-count-7050,7050,7050,7050,0,0,5,7055,416317440,526778368,36712644608,96,11,2717784,,2478248,1923472,3,3,2,1,27243960,416317440,,36712644608,,526639104,,353640448,,54071296,,8605696,,0.0034,0.0038,0.0035,0.0044,0.01,,67,false
phase3a-formal-20260925-v2-component-tensor-only,147,tensor-only,2026-09-24T19:34:21.2480168+00:00,1790.1093,measurement,request-count-7100,7100,7100,7100,0,0,5,7105,416317440,526778368,36712644608,96,11,2898280,,2478248,1923472,3,3,2,1,27423904,416317440,,36712644608,,526639104,,353640448,,54071296,,8605696,,0.0033,0.0042,0.0036,0.0047,0.017,,67,false
phase3a-formal-20260925-v2-component-tensor-only,148,tensor-only,2026-09-24T19:34:21.2522982+00:00,1794.3907,measurement,request-count-7150,7150,7150,7150,0,0,5,7155,416317440,526778368,36712644608,96,11,3078736,,2478248,1923472,3,3,2,1,27603808,416317440,,36712644608,,526639104,,353640448,,54071296,,8605696,,0.0054,0.0083,0.0067,0.0137,0.0378,,67,false
phase3a-formal-20260925-v2-component-tensor-only,149,tensor-only,2026-09-24T19:34:21.2561578+00:00,1798.2503,measurement,request-count-7200,7200,7200,7200,0,0,5,7205,416317440,526778368,36712644608,96,11,3259248,,2478248,1923472,3,3,2,1,27783768,416317440,,36712644608,,526639104,,353640448,,54071296,,8605696,,0.0171,0.0048,0.0037,0.0052,0.0321,,67,false
phase3a-formal-20260925-v2-component-tensor-only,150,tensor-only,2026-09-24T19:34:21.2597296+00:00,1801.8222,measurement,request-count-7250,7250,7250,7250,0,0,5,7255,416317440,526778368,36712644608,96,11,3439744,,2478248,1923472,3,3,2,1,27963712,416317440,,36712644608,,526639104,,353640448,,54071296,,8605696,,0.0043,0.0045,0.0043,0.0054,0.0088,,67,false
phase3a-formal-20260925-v2-component-tensor-only,151,tensor-only,2026-09-24T19:34:21.2640773+00:00,1806.1698,measurement,request-count-7300,7300,7300,7300,0,0,5,7305,416317440,526778368,36712644608,96,11,3620256,,2478248,1923472,3,3,2,1,28143672,416317440,,36712644608,,526639104,,353640448,,54071296,,8605696,,0.0061,0.0094,0.0071,0.0221,0.0442,,67,false
phase3a-formal-20260925-v2-component-tensor-only,152,tensor-only,2026-09-24T19:34:21.2688391+00:00,1810.9316,measurement,request-count-7350,7350,7350,7350,0,0,5,7355,416317440,526778368,36712644608,96,11,3800720,,2478248,1923472,3,3,2,1,28323584,416317440,,36712644608,,526639104,,353640448,,54071296,,8605696,,0.0034,0.0053,0.004,0.0057,0.0356,,67,false
phase3a-formal-20260925-v2-component-tensor-only,153,tensor-only,2026-09-24T19:34:21.2732563+00:00,1815.3489,measurement,request-count-7400,7400,7400,7400,0,0,5,7405,416317440,526778368,36712644608,96,11,3981192,,2478248,1923472,3,3,2,1,28503504,416317440,,36712644608,,526639104,,353640448,,54071296,,8605696,,0.0043,0.006,0.0047,0.0114,0.0307,,67,false
phase3a-formal-20260925-v2-component-tensor-only,154,tensor-only,2026-09-24T19:34:21.2772317+00:00,1819.3242,measurement,request-count-7450,7450,7450,7450,0,0,5,7455,416317440,526778368,36712644608,96,11,4161648,,2478248,1923472,3,3,2,1,28683408,416317440,,36712644608,,526639104,,353640448,,54071296,,8605696,,0.0042,0.0057,0.0044,0.0117,0.0247,,67,false
phase3a-formal-20260925-v2-component-tensor-only,155,tensor-only,2026-09-24T19:34:21.2807639+00:00,1822.8564,measurement,request-count-7500,7500,7500,7500,0,0,5,7505,416317440,526778368,36712644608,96,11,4342192,,2478248,1923472,3,3,2,1,28863400,416317440,,36712644608,,526639104,,353640448,,54071296,,8605696,,0.0035,0.004,0.0035,0.0043,0.0144,,67,false
phase3a-formal-20260925-v2-component-tensor-only,156,tensor-only,2026-09-24T19:34:21.2845469+00:00,1826.6394,measurement,request-count-7550,7550,7550,7550,0,0,5,7555,416317440,526778368,36712644608,96,11,4522696,,2478248,1923472,3,3,2,1,29043352,416317440,,36712644608,,526639104,,353640448,,54071296,,8605696,,0.0057,0.0055,0.0046,0.0066,0.0253,,67,false
phase3a-formal-20260925-v2-component-tensor-only,157,tensor-only,2026-09-24T19:34:21.2882629+00:00,1830.3554,measurement,request-count-7600,7600,7600,7600,0,0,5,7605,416317440,526778368,36712644608,96,11,4703176,,2478248,1923472,3,3,2,1,29223280,416317440,,36712644608,,526639104,,353640448,,54071296,,8605696,,0.0041,0.0043,0.0037,0.0052,0.0175,,67,false
phase3a-formal-20260925-v2-component-tensor-only,158,tensor-only,2026-09-24T19:34:21.2922162+00:00,1834.3087,measurement,request-count-7650,7650,7650,7650,0,0,5,7655,416317440,526778368,36712644608,96,11,4885008,,2478248,1923472,3,3,2,1,29399200,416317440,,36712644608,,526639104,,353640448,,54071296,,8605696,,0.0047,0.0077,0.0067,0.0174,0.0234,,67,false
phase3a-formal-20260925-v2-component-tensor-only,159,tensor-only,2026-09-24T19:34:21.2960089+00:00,1838.1014,measurement,request-count-7700,7700,7700,7700,0,0,5,7705,416317440,526778368,36712644608,96,11,5069528,,2478248,1923472,3,3,2,1,29583168,416317440,,36712644608,,526639104,,353640448,,54071296,,8605696,,0.0047,0.005,0.0045,0.0061,0.0158,,67,false
phase3a-formal-20260925-v2-component-tensor-only,160,tensor-only,2026-09-24T19:34:21.3007142+00:00,1842.8067,measurement,request-count-7750,7750,7750,7750,0,0,5,7755,416317440,526778368,36712644608,96,11,5249920,,2478248,1923472,3,3,2,1,29763008,416317440,,36712644608,,526639104,,353640448,,54071296,,8605696,,0.0039,0.0059,0.0045,0.0065,0.0392,,67,false
phase3a-formal-20260925-v2-component-tensor-only,161,tensor-only,2026-09-24T19:34:21.3051013+00:00,1847.1938,measurement,request-count-7800,7800,7800,7800,0,0,5,7805,416317440,526778368,36712644608,96,11,5430416,,2478248,1923472,3,3,2,1,29942952,416317440,,36712644608,,526639104,,353640448,,54071296,,8605696,,0.0042,0.0047,0.0042,0.0051,0.0213,,67,false
phase3a-formal-20260925-v2-component-tensor-only,162,tensor-only,2026-09-24T19:34:21.3097321+00:00,1851.8246,measurement,request-count-7850,7850,7850,7850,0,0,5,7855,416317440,526778368,36712644608,96,11,5610816,,2478248,1923472,3,3,2,1,30122800,416317440,,36712644608,,526639104,,353640448,,54071296,,8605696,,0.0042,0.0058,0.0048,0.0079,0.0268,,67,false
phase3a-formal-20260925-v2-component-tensor-only,163,tensor-only,2026-09-24T19:34:21.3136674+00:00,1855.7599,measurement,request-count-7900,7900,7900,7900,0,0,5,7905,416317440,526778368,36712644608,96,11,5791216,,2478248,1923472,3,3,2,1,30302648,416317440,,36712644608,,526639104,,353640448,,54071296,,8605696,,0.004,0.0047,0.0043,0.0053,0.0161,,67,false
phase3a-formal-20260925-v2-component-tensor-only,164,tensor-only,2026-09-24T19:34:21.3174275+00:00,1859.52,measurement,request-count-7950,7950,7950,7950,0,0,5,7955,416317440,526778368,36712644608,96,11,5971672,,2478248,1923472,3,3,2,1,30482552,416317440,,36712644608,,526639104,,353640448,,54071296,,8605696,,0.0043,0.0045,0.0044,0.0051,0.0092,,67,false
phase3a-formal-20260925-v2-component-tensor-only,165,tensor-only,2026-09-24T19:34:21.3209479+00:00,1863.0404,measurement,request-count-8000,8000,8000,8000,0,0,5,8005,416317440,526778368,36712644608,96,11,6152112,,2478248,1923472,3,3,2,1,30662440,416317440,,36712644608,,526639104,,353640448,,54071296,,8605696,,0.0042,0.0046,0.0043,0.0053,0.0096,,67,false
phase3a-formal-20260925-v2-component-tensor-only,166,tensor-only,2026-09-24T19:34:21.3248071+00:00,1866.8996,measurement,request-count-8050,8050,8050,8050,0,0,5,8055,416317440,526778368,36712644608,96,11,6332592,,2478248,1923472,3,3,2,1,30842368,416317440,,36712644608,,526639104,,353640448,,54071296,,8605696,,0.0047,0.0053,0.0047,0.0061,0.0148,,67,false
phase3a-formal-20260925-v2-component-tensor-only,167,tensor-only,2026-09-24T19:34:21.3349090+00:00,1877.0015,measurement,request-count-8100,8100,8100,8100,0,0,5,8105,416317440,526778368,36712644608,96,11,6513056,,2478248,1923472,3,3,2,1,31022280,416317440,,36712644608,,526639104,,353640448,,54071296,,8605696,,0.0046,0.008,0.0052,0.0073,0.075,,67,false
phase3a-formal-20260925-v2-component-tensor-only,168,tensor-only,2026-09-24T19:34:21.3406862+00:00,1882.7787,measurement,request-count-8150,8150,8150,8150,0,0,5,8155,416317440,526778368,36712644608,96,11,6693528,,2478248,1923472,3,3,2,1,31202200,416317440,,36712644608,,526639104,,353640448,,54071296,,8605696,,0.0033,0.0052,0.0037,0.0049,0.039,,67,false
phase3a-formal-20260925-v2-component-tensor-only,169,tensor-only,2026-09-24T19:34:21.3455239+00:00,1887.6165,measurement,request-count-8200,8200,8200,8200,0,0,5,8205,416317440,526778368,36712644608,96,11,6874016,,2478248,1923472,3,3,2,1,31382136,416317440,,36712644608,,526639104,,353640448,,54071296,,8605696,,0.0043,0.005,0.0044,0.0054,0.0166,,67,false
phase3a-formal-20260925-v2-component-tensor-only,170,tensor-only,2026-09-24T19:34:21.3503026+00:00,1892.3952,measurement,request-count-8250,8250,8250,8250,0,0,5,8255,416317440,526778368,36712644608,96,11,7054472,,2478248,1923472,3,3,2,1,31562040,416317440,,36712644608,,526639104,,353640448,,54071296,,8605696,,0.0045,0.0056,0.0049,0.0065,0.02,,67,false
phase3a-formal-20260925-v2-component-tensor-only,171,tensor-only,2026-09-24T19:34:21.3560863+00:00,1898.1788,measurement,request-count-8300,8300,8300,8300,0,0,5,8305,416342016,526778368,36712644608,96,11,7234936,,2478248,1923472,3,3,2,1,31741952,416342016,,36712644608,,526639104,,353640448,,54071296,,8630272,,0.0041,0.0049,0.0043,0.0057,0.0175,,67,false
phase3a-formal-20260925-v2-component-tensor-only,172,tensor-only,2026-09-24T19:34:21.3606578+00:00,1902.7503,measurement,request-count-8350,8350,8350,8350,0,0,5,8355,416362496,526778368,36712640512,96,11,7415432,,2478248,1923472,3,3,2,1,31921896,416362496,,36712640512,,526639104,,353640448,,54071296,,8650752,,0.0038,0.0048,0.0039,0.005,0.0222,,67,false
phase3a-formal-20260925-v2-component-tensor-only,173,tensor-only,2026-09-24T19:34:21.3648265+00:00,1906.919,measurement,request-count-8400,8400,8400,8400,0,0,5,8405,416374784,526778368,36712644608,96,11,7595904,,2478248,1923472,3,3,2,1,32101816,416374784,,36712644608,,526639104,,353640448,,54071296,,8663040,,0.0043,0.0062,0.0044,0.0074,0.0458,,67,false
phase3a-formal-20260925-v2-component-tensor-only,174,tensor-only,2026-09-24T19:34:21.3694985+00:00,1911.591,measurement,request-count-8450,8450,8450,8450,0,0,5,8455,416387072,526778368,36712648704,96,11,7776336,,2478248,1923472,3,3,2,1,32281696,416387072,,36712648704,,526639104,,353640448,,54071296,,8675328,,0.0038,0.0052,0.004,0.0056,0.0313,,67,false
phase3a-formal-20260925-v2-component-tensor-only,175,tensor-only,2026-09-24T19:34:21.3730509+00:00,1915.1434,measurement,request-count-8500,8500,8500,8500,0,0,5,8505,416395264,526778368,36712648704,96,11,7956784,,2478248,1923472,3,3,2,1,32461592,416395264,,36712648704,,526639104,,353640448,,54071296,,8683520,,0.0028,0.0035,0.0032,0.0041,0.0091,,67,false
phase3a-formal-20260925-v2-component-tensor-only,176,tensor-only,2026-09-24T19:34:21.3766273+00:00,1918.7198,measurement,request-count-8550,8550,8550,8550,0,0,5,8555,416399360,526778368,36712644608,96,11,8137312,,2478248,1923472,3,3,2,1,32641568,416399360,,36712644608,,526639104,,353640448,,54071296,,8687616,,0.0044,0.0051,0.0047,0.0055,0.0148,,67,false
phase3a-formal-20260925-v2-component-tensor-only,177,tensor-only,2026-09-24T19:34:21.3805708+00:00,1922.6633,measurement,request-count-8600,8600,8600,8600,0,0,5,8605,416399360,526778368,36712644608,96,11,8318056,,2478248,1923472,3,3,2,1,32821760,416399360,,36712644608,,526639104,,353640448,,54071296,,8687616,,0.0031,0.0036,0.0032,0.004,0.0123,,67,false
phase3a-formal-20260925-v2-component-tensor-only,178,tensor-only,2026-09-24T19:34:21.3841713+00:00,1926.2639,measurement,request-count-8650,8650,8650,8650,0,0,5,8655,416399360,526778368,36712644608,96,11,8498792,,2478248,1923472,3,3,2,1,33001944,416399360,,36712644608,,526639104,,353640448,,54071296,,8687616,,0.0061,0.0052,0.0045,0.0091,0.0222,,67,false
phase3a-formal-20260925-v2-component-tensor-only,179,tensor-only,2026-09-24T19:34:21.3879135+00:00,1930.006,measurement,request-count-8700,8700,8700,8700,0,0,5,8705,416399360,526778368,36712644608,96,11,8679504,,2478248,1923472,3,3,2,1,33182104,416399360,,36712644608,,526639104,,353640448,,54071296,,8687616,,0.0038,0.0043,0.004,0.0048,0.0114,,67,false
phase3a-formal-20260925-v2-component-tensor-only,180,tensor-only,2026-09-24T19:34:21.3936408+00:00,1935.7333,measurement,request-count-8750,8750,8750,8750,0,0,5,8755,416399360,526778368,36712644608,96,11,8860264,,2478248,1923472,3,3,2,1,33362312,416399360,,36712644608,,526639104,,353640448,,54071296,,8687616,,0.0035,0.004,0.0038,0.0048,0.0093,,67,false
phase3a-formal-20260925-v2-component-tensor-only,181,tensor-only,2026-09-24T19:34:21.3999056+00:00,1941.9981,measurement,request-count-8800,8800,8800,8800,0,0,5,8805,416399360,526778368,36712644608,96,11,645480,,553744,504,4,4,3,1,33532176,416399360,,36712644608,,526639104,,353640448,,54071296,,8687616,,0.0031,0.0224,0.0039,0.0076,0.471,,67,false
phase3a-formal-20260925-v2-component-tensor-only,182,tensor-only,2026-09-24T19:34:21.4050149+00:00,1947.1074,measurement,request-count-8850,8850,8850,8850,0,0,5,8855,416399360,526778368,36712644608,96,11,830216,,553744,504,4,4,3,1,33716360,416399360,,36712644608,,526639104,,353640448,,54071296,,8687616,,0.006,0.0061,0.0058,0.0071,0.0159,,67,false
phase3a-formal-20260925-v2-component-tensor-only,183,tensor-only,2026-09-24T19:34:21.4094947+00:00,1951.5872,measurement,request-count-8900,8900,8900,8900,0,0,5,8905,416399360,526778368,36712644608,96,11,1010960,,553744,504,4,4,3,1,33896552,416399360,,36712644608,,526639104,,353640448,,54071296,,8687616,,0.0057,0.0072,0.0065,0.0092,0.027,,67,false
phase3a-formal-20260925-v2-component-tensor-only,184,tensor-only,2026-09-24T19:34:21.4135046+00:00,1955.5971,measurement,request-count-8950,8950,8950,8950,0,0,5,8955,416399360,526778368,36712644608,96,11,1191656,,553744,504,4,4,3,1,34076696,416399360,,36712644608,,526639104,,353640448,,54071296,,8687616,,0.007,0.0069,0.0066,0.0088,0.0127,,67,false
phase3a-formal-20260925-v2-component-tensor-only,185,tensor-only,2026-09-24T19:34:21.4176519+00:00,1959.7445,measurement,request-count-9000,9000,9000,9000,0,0,5,9005,416399360,526778368,36712644608,96,11,1372368,,553744,504,4,4,3,1,34256856,416399360,,36712644608,,526639104,,353640448,,54071296,,8687616,,0.0069,0.0082,0.0076,0.0111,0.0201,,67,false
phase3a-formal-20260925-v2-component-tensor-only,186,tensor-only,2026-09-24T19:34:21.4220551+00:00,1964.1478,measurement,request-count-9050,9050,9050,9050,0,0,5,9055,416399360,526778368,36712644608,96,11,1553080,,553744,504,4,4,3,1,34437016,416399360,,36712644608,,526639104,,353640448,,54071296,,8687616,,0.0061,0.008,0.0067,0.0108,0.0296,,67,false
phase3a-formal-20260925-v2-component-tensor-only,187,tensor-only,2026-09-24T19:34:21.4266720+00:00,1968.7646,measurement,request-count-9100,9100,9100,9100,0,0,5,9105,416399360,526778368,36712644608,96,11,1733744,,553744,504,4,4,3,1,34617128,416399360,,36712644608,,526639104,,353640448,,54071296,,8687616,,0.0057,0.0065,0.0059,0.0083,0.0205,,67,false
phase3a-formal-20260925-v2-component-tensor-only,188,tensor-only,2026-09-24T19:34:21.4309020+00:00,1972.9946,measurement,request-count-9150,9150,9150,9150,0,0,5,9155,416399360,526778368,36712644608,96,11,1914328,,553744,504,4,4,3,1,34797160,416399360,,36712644608,,526639104,,353640448,,54071296,,8687616,,0.0039,0.0053,0.0041,0.0056,0.0315,,67,false
phase3a-formal-20260925-v2-component-tensor-only,189,tensor-only,2026-09-24T19:34:21.4358035+00:00,1977.896,measurement,request-count-9200,9200,9200,9200,0,0,5,9205,416399360,526778368,36712644608,96,11,2095040,,553744,504,4,4,3,1,34977320,416399360,,36712644608,,526639104,,353640448,,54071296,,8687616,,0.0036,0.0066,0.0053,0.0078,0.0365,,67,false
phase3a-formal-20260925-v2-component-tensor-only,190,tensor-only,2026-09-24T19:34:21.4403075+00:00,1982.4001,measurement,request-count-9250,9250,9250,9250,0,0,5,9255,416399360,526778368,36712644608,96,11,2275712,,553744,504,4,4,3,1,35157440,416399360,,36712644608,,526639104,,353640448,,54071296,,8687616,,0.0051,0.0053,0.0036,0.007,0.0358,,67,false
phase3a-formal-20260925-v2-component-tensor-only,191,tensor-only,2026-09-24T19:34:21.4454956+00:00,1987.5881,measurement,request-count-9300,9300,9300,9300,0,0,5,9305,416399360,526778368,36712644608,96,11,2456360,,553744,504,4,4,3,1,35337536,416399360,,36712644608,,526639104,,353640448,,54071296,,8687616,,0.0047,0.0061,0.0051,0.0065,0.03,,67,false
phase3a-formal-20260925-v2-component-tensor-only,192,tensor-only,2026-09-24T19:34:21.4495936+00:00,1991.6862,measurement,request-count-9350,9350,9350,9350,0,0,5,9355,416399360,526778368,36712644608,96,11,2636960,,553744,504,4,4,3,1,35517584,416399360,,36712644608,,526639104,,353640448,,54071296,,8687616,,0.0054,0.006,0.0052,0.0068,0.0244,,67,false
phase3a-formal-20260925-v2-component-tensor-only,193,tensor-only,2026-09-24T19:34:21.4538584+00:00,1995.951,measurement,request-count-9400,9400,9400,9400,0,0,5,9405,416399360,526778368,36712644608,96,11,2817704,,553744,504,4,4,3,1,35697776,416399360,,36712644608,,526639104,,353640448,,54071296,,8687616,,0.0045,0.0057,0.0047,0.0065,0.0255,,67,false
phase3a-formal-20260925-v2-component-tensor-only,194,tensor-only,2026-09-24T19:34:21.4583825+00:00,2000.475,measurement,request-count-9450,9450,9450,9450,0,0,5,9455,416399360,526778368,36712644608,96,11,2998408,,553744,504,4,4,3,1,35877928,416399360,,36712644608,,526639104,,353640448,,54071296,,8687616,,0.0057,0.0074,0.0065,0.0081,0.027,,67,false
phase3a-formal-20260925-v2-component-tensor-only,195,tensor-only,2026-09-24T19:34:21.4636530+00:00,2005.7455,measurement,request-count-9500,9500,9500,9500,0,0,5,9505,416399360,526778368,36712644608,96,11,3179072,,553744,504,4,4,3,1,36058040,416399360,,36712644608,,526639104,,353640448,,54071296,,8687616,,0.0049,0.0071,0.0063,0.0085,0.0311,,67,false
phase3a-formal-20260925-v2-component-tensor-only,196,tensor-only,2026-09-24T19:34:21.4685888+00:00,2010.6813,measurement,request-count-9550,9550,9550,9550,0,0,5,9555,416399360,526778368,36712644608,96,11,3359752,,553744,504,4,4,3,1,36238168,416399360,,36712644608,,526639104,,353640448,,54071296,,8687616,,0.0053,0.0067,0.0054,0.0074,0.0361,,67,false
phase3a-formal-20260925-v2-component-tensor-only,197,tensor-only,2026-09-24T19:34:21.4731614+00:00,2015.254,measurement,request-count-9600,9600,9600,9600,0,0,5,9605,416399360,526778368,36712644608,96,11,3540464,,553744,504,4,4,3,1,36418328,416399360,,36712644608,,526639104,,353640448,,54071296,,8687616,,0.0049,0.0063,0.0052,0.0067,0.0286,,67,false
phase3a-formal-20260925-v2-component-tensor-only,198,tensor-only,2026-09-24T19:34:21.4768357+00:00,2018.9282,measurement,request-count-9650,9650,9650,9650,0,0,5,9655,416399360,526778368,36712644608,96,11,3721184,,553744,504,4,4,3,1,36598496,416399360,,36712644608,,526639104,,353640448,,54071296,,8687616,,0.0033,0.0039,0.0033,0.0058,0.0175,,67,false
phase3a-formal-20260925-v2-component-tensor-only,199,tensor-only,2026-09-24T19:34:21.4810238+00:00,2023.1164,measurement,request-count-9700,9700,9700,9700,0,0,5,9705,416415744,526782464,36712648704,98,11,3901848,,553744,504,4,4,3,1,36778608,416403456,,36712640512,,526639104,,353640448,,54071296,,8691712,,0.0057,0.0075,0.0063,0.0092,0.0326,,67,false
phase3a-formal-20260925-v2-component-tensor-only,200,tensor-only,2026-09-24T19:34:21.4864053+00:00,2028.4978,measurement,request-count-9750,9750,9750,9750,0,0,5,9755,416452608,526782464,36712648704,98,11,4082576,,553744,504,4,4,3,1,36958784,416452608,,36712648704,,526643200,,353644544,,54095872,,8712192,,0.003,0.0041,0.0033,0.0048,0.0214,,67,false
phase3a-formal-20260925-v2-component-tensor-only,201,tensor-only,2026-09-24T19:34:21.4918025+00:00,2033.895,measurement,request-count-9800,9800,9800,9800,0,0,5,9805,416477184,526782464,36712648704,98,11,4263416,,553744,504,4,4,3,1,37139072,416477184,,36712648704,,526643200,,353644544,,54095872,,8736768,,0.0151,0.0072,0.0064,0.0089,0.0238,,67,false
phase3a-formal-20260925-v2-component-tensor-only,202,tensor-only,2026-09-24T19:34:21.4966532+00:00,2038.7457,measurement,request-count-9850,9850,9850,9850,0,0,5,9855,416485376,526782464,36712648704,98,11,4444200,,553744,504,4,4,3,1,37319304,416485376,,36712648704,,526643200,,353644544,,54095872,,8744960,,0.0046,0.0058,0.0051,0.006,0.023,,67,false
phase3a-formal-20260925-v2-component-tensor-only,203,tensor-only,2026-09-24T19:34:21.5021030+00:00,2044.1955,measurement,request-count-9900,9900,9900,9900,0,0,5,9905,416575488,526782464,36712656896,98,11,4625000,,553744,504,4,4,3,1,37499552,416575488,,36712656896,,526643200,,353644544,,54161408,,8769536,,0.0052,0.0063,0.0052,0.0067,0.0325,,67,false
phase3a-formal-20260925-v2-component-tensor-only,204,tensor-only,2026-09-24T19:34:21.5071464+00:00,2049.2389,measurement,request-count-9950,9950,9950,9950,0,0,5,9955,416587776,526782464,36712652800,98,11,4805824,,553744,504,4,4,3,1,37679824,416587776,,36712652800,,526643200,,353644544,,54161408,,8781824,,0.0061,0.0049,0.0041,0.0061,0.0218,,67,false
phase3a-formal-20260925-v2-component-tensor-only,205,tensor-only,2026-09-24T19:34:21.5111568+00:00,2053.2493,measurement,request-count-10000,10000,10000,10000,0,0,5,10005,416604160,526782464,36712656896,98,11,4986696,,553744,504,4,4,3,1,37860144,416604160,,36712656896,,526643200,,353644544,,54161408,,8798208,,0.0149,0.0055,0.0051,0.0059,0.0159,,67,false
phase3a-formal-20260925-v2-component-tensor-only,206,tensor-only,2026-09-24T19:34:21.5213320+00:00,2063.425,idle,idle-0-seconds,10000,10000,10000,0,0,5,10005,417034240,526790656,36712656896,100,11,5129336,,553744,504,4,4,3,1,38002544,417034240,,36712656896,,526651392,,353681408,,54534144,,8818688,,,,,,,,,
phase3a-formal-20260925-v2-component-tensor-only,207,tensor-only,2026-09-24T19:34:21.6003264+00:00,2142.4194,lifecycle,post-dispose,10000,10000,10000,0,0,5,10005,369659904,479211520,36665077760,100,11,5186904,,553744,504,4,4,3,1,38059944,369659904,,36665077760,,479072256,,306233344,,54599680,,8826880,,,,,,,,,
phase3a-formal-20260925-v2-component-calibration-only,0,calibration-only,2026-09-24T19:34:22.6632873+00:00,0.395,lifecycle,t0-before-model-load,0,0,0,0,0,0,0,60956672,184066048,36349259776,86,11,1308440,,0,0,0,0,0,0,1304456,60919808,,36349267968,,183861248,,9498624,,45604864,,5816320,,,,,,,,,
phase3a-formal-20260925-v2-component-calibration-only,1,calibration-only,2026-09-24T19:34:23.7099267+00:00,1047.0327,setup,t1-after-setup,0,0,0,0,0,0,0,398643200,514453504,36684435456,96,11,1542680,,0,0,0,0,0,0,1537976,398626816,,36684435456,,514314240,,340238336,,50683904,,7704576,,,,,,,,,
phase3a-formal-20260925-v2-component-calibration-only,2,calibration-only,2026-09-24T19:34:23.7186361+00:00,1055.7418,first-operation,t2-after-first-operation,0,0,0,0,0,1,1,398831616,514519040,36684427264,96,11,1599992,,0,0,0,0,0,0,1595120,398815232,,36684427264,,514379776,,340295680,,50683904,,7835648,,,,,,,,49,false
phase3a-formal-20260925-v2-component-calibration-only,3,calibration-only,2026-09-24T19:34:23.7200047+00:00,1057.1102,warmup,warmup-complete,0,0,0,0,0,5,5,398901248,514584576,36684427264,96,11,1657304,,0,0,0,0,0,0,1660440,398884864,,36684427264,,514445312,,340361216,,50683904,,7839744,,,,,,,,,
phase3a-formal-20260925-v2-component-calibration-only,4,calibration-only,2026-09-24T19:34:23.7211634+00:00,1058.2689,measurement,request-count-0,0,0,0,0,0,5,5,398958592,514650112,36684427264,96,11,1714616,,0,0,0,0,0,0,1709360,398934016,,36684427264,,514510848,,340410368,,50683904,,7839744,,,,,,,,,
phase3a-formal-20260925-v2-component-calibration-only,5,calibration-only,2026-09-24T19:34:23.7269721+00:00,1064.0775,measurement,request-count-10,10,10,10,0,0,5,15,399192064,514781184,36684439552,96,11,1878584,,0,0,0,0,0,0,1873040,399175680,,36684439552,,514641920,,340570112,,50683904,,7921664,,0.0021,0.0063,0.0027,0.021,0.0278,,49,false
phase3a-formal-20260925-v2-component-calibration-only,6,calibration-only,2026-09-24T19:34:23.7349906+00:00,1072.0963,measurement,request-count-50,50,50,50,0,0,5,55,399355904,514977792,36684435456,96,11,2030224,,0,0,0,0,0,0,2024200,399327232,,36684435456,,514838528,,340721664,,50683904,,7921664,,0.0023,0.005,0.0028,0.0092,0.0315,,49,false
phase3a-formal-20260925-v2-component-calibration-only,7,calibration-only,2026-09-24T19:34:23.7390348+00:00,1076.1402,measurement,request-count-100,100,100,100,0,0,5,105,399527936,515174400,36684435456,96,11,2206264,,0,0,0,0,0,0,2199688,399507456,,36684435456,,514969600,,340901888,,50683904,,7921664,,0.0028,0.0048,0.0028,0.0154,0.023,,49,false
phase3a-formal-20260925-v2-component-calibration-only,8,calibration-only,2026-09-24T19:34:23.7427513+00:00,1079.8567,measurement,request-count-150,150,150,150,0,0,5,155,399704064,515305472,36684435456,96,11,2386424,,0,0,0,0,0,0,2379272,399687680,,36684435456,,515166208,,341082112,,50683904,,7921664,,0.0028,0.0042,0.0028,0.0097,0.0133,,49,false
phase3a-formal-20260925-v2-component-calibration-only,9,calibration-only,2026-09-24T19:34:23.7467458+00:00,1083.8515,measurement,request-count-200,200,200,200,0,0,5,205,399884288,515502080,36684435456,96,11,2559072,,0,0,0,0,0,0,2551392,399859712,,36684435456,,515362816,,341254144,,50683904,,7921664,,0.0028,0.0067,0.0032,0.019,0.0419,,49,false
phase3a-formal-20260925-v2-component-calibration-only,10,calibration-only,2026-09-24T19:34:23.7515003+00:00,1088.6059,measurement,request-count-250,250,250,250,0,0,5,255,400052224,515698688,36684435456,96,11,2738776,,0,0,0,0,0,0,2730520,400039936,,36684435456,,515493888,,341434368,,50683904,,7921664,,0.0022,0.0071,0.0036,0.0218,0.0546,,49,false
phase3a-formal-20260925-v2-component-calibration-only,11,calibration-only,2026-09-24T19:34:23.7555389+00:00,1092.6445,measurement,request-count-300,300,300,300,0,0,5,305,400236544,515829760,36684435456,96,11,2910712,,0,0,0,0,0,0,2901904,400211968,,36684435456,,515690496,,341606400,,50683904,,7921664,,0.0023,0.0055,0.0033,0.0145,0.0366,,49,false
phase3a-formal-20260925-v2-component-calibration-only,12,calibration-only,2026-09-24T19:34:23.7592757+00:00,1096.381,measurement,request-count-350,350,350,350,0,0,5,355,400408576,516026368,36684435456,96,11,3084248,,0,0,0,0,0,0,3074912,400392192,,36684435456,,515887104,,341786624,,50683904,,7921664,,0.0028,0.0035,0.0023,0.0082,0.0131,,49,false
phase3a-formal-20260925-v2-component-calibration-only,13,calibration-only,2026-09-24T19:34:23.7634846+00:00,1100.59,measurement,request-count-400,400,400,400,0,0,5,405,400588800,516222976,36684435456,96,11,3263064,,0,0,0,0,0,0,3253152,400564224,,36684435456,,516018176,,341958656,,50683904,,7921664,,0.0086,0.0047,0.0028,0.0104,0.0201,,49,false
phase3a-formal-20260925-v2-component-calibration-only,14,calibration-only,2026-09-24T19:34:23.7675370+00:00,1104.6428,measurement,request-count-450,450,450,450,0,0,5,455,400760832,516354048,36684435456,96,11,3443224,,0,0,0,0,0,0,3432760,400744448,,36684435456,,516214784,,342138880,,50683904,,7921664,,0.0022,0.0051,0.0025,0.0176,0.0303,,49,false
phase3a-formal-20260925-v2-component-calibration-only,15,calibration-only,2026-09-24T19:34:23.7727510+00:00,1109.8564,measurement,request-count-500,500,500,500,0,0,5,505,400941056,516550656,36684435456,96,11,3615160,,0,0,0,0,0,0,3604144,400916480,,36684435456,,516411392,,342310912,,50683904,,7921664,,0.0131,0.0051,0.0028,0.0124,0.0257,,49,false
phase3a-formal-20260925-v2-component-calibration-only,16,calibration-only,2026-09-24T19:34:23.7775706+00:00,1114.676,measurement,request-count-550,550,550,550,0,0,5,555,401113088,516747264,36684435456,96,11,3795576,,0,0,0,0,0,0,3784032,401092608,,36684435456,,516542464,,342487040,,50683904,,7921664,,0.0028,0.0048,0.0028,0.0127,0.0246,,49,false
phase3a-formal-20260925-v2-component-calibration-only,17,calibration-only,2026-09-24T19:34:23.7830108+00:00,1120.118,measurement,request-count-600,600,600,600,0,0,5,605,401289216,516878336,36684435456,96,11,3967512,,0,0,0,0,0,0,3955416,401268736,,36684435456,,516739072,,342663168,,50683904,,7921664,,0.0115,0.0052,0.0027,0.011,0.0356,,49,false
phase3a-formal-20260925-v2-component-calibration-only,18,calibration-only,2026-09-24T19:34:23.7887777+00:00,1125.8831,measurement,request-count-650,650,650,650,0,0,5,655,401473536,517074944,36684435456,96,11,4147672,,0,0,0,0,0,0,4135048,401448960,,36684435456,,516935680,,342843392,,50683904,,7921664,,0.0028,0.006,0.003,0.0117,0.0522,,49,false
phase3a-formal-20260925-v2-component-calibration-only,19,calibration-only,2026-09-24T19:34:23.7944193+00:00,1131.5249,measurement,request-count-700,700,700,700,0,0,5,705,401649664,517373952,36684431360,96,11,4323576,,0,0,0,0,0,0,4310400,401625088,,36684431360,,517234688,,343023616,,50683904,,7917568,,0.0027,0.0078,0.003,0.0268,0.0664,,49,false
phase3a-formal-20260925-v2-component-calibration-only,20,calibration-only,2026-09-24T19:34:23.8009658+00:00,1138.0714,measurement,request-count-750,750,750,750,0,0,5,755,401825792,517570560,36684431360,96,11,4499936,,0,0,0,0,0,0,4486208,401805312,,36684431360,,517365760,,343203840,,50683904,,7917568,,0.0027,0.0052,0.0028,0.015,0.0285,,49,false
phase3a-formal-20260925-v2-component-calibration-only,21,calibration-only,2026-09-24T19:34:23.8069761+00:00,1144.0817,measurement,request-count-800,800,800,800,0,0,5,805,402001920,517701632,36684431360,96,11,4680096,,0,0,0,0,0,0,4665792,401985536,,36684431360,,517562368,,343384064,,50683904,,7917568,,0.0035,0.0088,0.0037,0.0161,0.0889,,49,false
phase3a-formal-20260925-v2-component-calibration-only,22,calibration-only,2026-09-24T19:34:23.8127662+00:00,1149.8719,measurement,request-count-850,850,850,850,0,0,5,855,402182144,517898240,36684431360,96,11,4853040,,0,0,0,0,0,0,4838184,402157568,,36684431360,,517758976,,343556096,,50683904,,7917568,,0.0033,0.0065,0.0037,0.0192,0.0378,,49,false
phase3a-formal-20260925-v2-component-calibration-only,23,calibration-only,2026-09-24T19:34:23.8182862+00:00,1155.3922,measurement,request-count-900,900,900,900,0,0,5,905,402350080,518094848,36684431360,96,11,5032448,,0,0,0,0,0,0,5017016,402337792,,36684431360,,517890048,,343736320,,50683904,,7917568,,0.0038,0.0084,0.0045,0.0237,0.0491,,49,false
phase3a-formal-20260925-v2-component-calibration-only,24,calibration-only,2026-09-24T19:34:23.8238745+00:00,1160.9802,measurement,request-count-950,950,950,950,0,0,5,955,402534400,518225920,36684431360,96,11,5204384,,0,0,0,0,0,0,5188400,402509824,,36684431360,,518086656,,343908352,,50683904,,7917568,,0.0164,0.0075,0.0047,0.0153,0.0337,,49,false
phase3a-formal-20260925-v2-component-calibration-only,25,calibration-only,2026-09-24T19:34:23.8289923+00:00,1166.0977,measurement,request-count-1000,1000,1000,1000,0,0,5,1005,402706432,518422528,36684431360,96,11,5378432,,0,0,0,0,0,0,5361920,402690048,,36684431360,,518283264,,344088576,,50683904,,7917568,,0.003,0.0056,0.0028,0.017,0.0344,,49,false
phase3a-formal-20260925-v2-component-calibration-only,26,calibration-only,2026-09-24T19:34:23.8350202+00:00,1172.1258,measurement,request-count-1050,1050,1050,1050,0,0,5,1055,402886656,518619136,36684431360,96,11,5556736,,0,0,0,0,0,0,5539648,402862080,,36684431360,,518414336,,344260608,,50683904,,7917568,,0.0088,0.0073,0.0046,0.0139,0.0384,,49,false
phase3a-formal-20260925-v2-component-calibration-only,27,calibration-only,2026-09-24T19:34:23.8410687+00:00,1178.1745,measurement,request-count-1100,1100,1100,1100,0,0,5,1105,403062784,518750208,36684431360,96,11,5736896,,0,0,0,0,0,0,5719280,403042304,,36684431360,,518610944,,344440832,,50683904,,7917568,,0.0035,0.0088,0.0046,0.0182,0.0792,,49,false
phase3a-formal-20260925-v2-component-calibration-only,28,calibration-only,2026-09-24T19:34:23.8469386+00:00,1184.0442,measurement,request-count-1150,1150,1150,1150,0,0,5,1155,403238912,518946816,36684431360,96,11,5908832,,0,0,0,0,0,0,5890664,403214336,,36684431360,,518807552,,344612864,,50683904,,7917568,,0.004,0.0063,0.0038,0.0142,0.0359,,49,false
phase3a-formal-20260925-v2-component-calibration-only,29,calibration-only,2026-09-24T19:34:23.8526376+00:00,1189.7431,measurement,request-count-1200,1200,1200,1200,0,0,5,1205,403419136,519143424,36684431360,96,11,6089960,,0,0,0,0,0,0,6071240,403394560,,36684431360,,519004160,,344793088,,50683904,,7917568,,0.0042,0.0086,0.0046,0.0233,0.0538,,49,false
phase3a-formal-20260925-v2-component-calibration-only,30,calibration-only,2026-09-24T19:34:23.8579029+00:00,1195.0092,measurement,request-count-1250,1250,1250,1250,0,0,5,1255,403587072,519274496,36684431360,96,11,6269408,,0,0,0,0,0,0,6250112,403574784,,36684431360,,519135232,,344973312,,50683904,,7917568,,0.0044,0.007,0.0045,0.0174,0.0305,,49,false
phase3a-formal-20260925-v2-component-calibration-only,31,calibration-only,2026-09-24T19:34:23.8630494+00:00,1200.1548,measurement,request-count-1300,1300,1300,1300,0,0,5,1305,403771392,519471104,36684431360,96,11,6441344,,0,0,0,0,0,0,6421496,403746816,,36684431360,,519331840,,345145344,,50683904,,7917568,,0.0079,0.007,0.0046,0.0181,0.0244,,49,false
phase3a-formal-20260925-v2-component-calibration-only,32,calibration-only,2026-09-24T19:34:23.8689429+00:00,1206.0482,measurement,request-count-1350,1350,1350,1350,0,0,5,1355,403988480,519696384,36684427264,96,11,6621760,,0,0,0,0,0,0,6601384,403959808,,36684427264,,519557120,,345350144,,50683904,,7925760,,0.004,0.0201,0.0047,0.0188,0.3696,,49,false
phase3a-formal-20260925-v2-component-calibration-only,33,calibration-only,2026-09-24T19:34:23.8756464+00:00,1212.7517,measurement,request-count-1400,1400,1400,1400,0,0,5,1405,404295680,519999488,36684431360,96,11,6793696,,0,0,0,0,0,0,6772768,404275200,,36684431360,,519794688,,345632768,,50683904,,7958528,,0.0043,0.0084,0.0047,0.0201,0.048,,49,false
phase3a-formal-20260925-v2-component-calibration-only,34,calibration-only,2026-09-24T19:34:23.8812358+00:00,1218.3411,measurement,request-count-1450,1450,1450,1450,0,0,5,1455,404480000,520130560,36684431360,96,11,6973856,,0,0,0,0,0,0,6952400,404455424,,36684431360,,519991296,,345812992,,50683904,,7958528,,0.004,0.007,0.0043,0.0168,0.0404,,49,false
phase3a-formal-20260925-v2-component-calibration-only,35,calibration-only,2026-09-24T19:34:23.8864436+00:00,1223.5489,measurement,request-count-1500,1500,1500,1500,0,0,5,1505,404652032,520327168,36684431360,96,11,7146784,,0,0,0,0,0,0,7124776,404635648,,36684431360,,520187904,,345993216,,50683904,,7958528,,0.0045,0.0067,0.0045,0.0179,0.0225,,49,false
phase3a-formal-20260925-v2-component-calibration-only,36,calibration-only,2026-09-24T19:34:23.8920979+00:00,1229.2032,measurement,request-count-1550,1550,1550,1550,0,0,5,1555,404832256,520523776,36684431360,96,11,7326208,,0,0,0,0,0,0,7303624,404807680,,36684431360,,520318976,,346165248,,50683904,,7958528,,0.0075,0.0049,0.0028,0.0127,0.0194,,49,false
phase3a-formal-20260925-v2-component-calibration-only,37,calibration-only,2026-09-24T19:34:23.8966456+00:00,1233.7509,measurement,request-count-1600,1600,1600,1600,0,0,5,1605,405004288,520654848,36684431360,96,11,7506368,,0,0,0,0,0,0,7483256,404987904,,36684431360,,520515584,,346345472,,50683904,,7958528,,0.0026,0.0046,0.0028,0.0104,0.0221,,49,false
phase3a-formal-20260925-v2-component-calibration-only,38,calibration-only,2026-09-24T19:34:23.9012281+00:00,1238.3334,measurement,request-count-1650,1650,1650,1650,0,0,5,1655,405184512,520851456,36684431360,96,11,7678304,,0,0,0,0,0,0,7654640,405159936,,36684431360,,520712192,,346517504,,50683904,,7958528,,0.0097,0.0046,0.0029,0.0095,0.016,,49,false
phase3a-formal-20260925-v2-component-calibration-only,39,calibration-only,2026-09-24T19:34:23.9058055+00:00,1242.9108,measurement,request-count-1700,1700,1700,1700,0,0,5,1705,405364736,521048064,36684431360,96,11,7858720,,0,0,0,0,0,0,7834528,405336064,,36684431360,,520843264,,346693632,,50683904,,7958528,,0.0039,0.0066,0.0028,0.0101,0.0711,,49,false
phase3a-formal-20260925-v2-component-calibration-only,40,calibration-only,2026-09-24T19:34:23.9107712+00:00,1247.8765,measurement,request-count-1750,1750,1750,1750,0,0,5,1755,405532672,521179136,36684431360,96,11,8030656,,0,0,0,0,0,0,8005912,405516288,,36684431360,,521039872,,346873856,,50683904,,7958528,,0.0028,0.0051,0.0028,0.0121,0.0321,,49,false
phase3a-formal-20260925-v2-component-calibration-only,41,calibration-only,2026-09-24T19:34:23.9145892+00:00,1251.6945,measurement,request-count-1800,1800,1800,1800,0,0,5,1805,405716992,521375744,36684431360,96,11,8210816,,0,0,0,0,0,0,8185520,405692416,,36684431360,,521236480,,347049984,,50683904,,7958528,,0.0028,0.0045,0.0028,0.0111,0.0178,,49,false
phase3a-formal-20260925-v2-component-calibration-only,42,calibration-only,2026-09-24T19:34:23.9180833+00:00,1255.1886,measurement,request-count-1850,1850,1850,1850,0,0,5,1855,405893120,521568256,36684431360,96,11,8384744,,0,0,0,0,0,0,8358920,405872640,,36684431360,,521428992,,347230208,,50683904,,7958528,,0.0028,0.0045,0.0028,0.0128,0.0158,,49,false
phase3a-formal-20260925-v2-component-calibration-only,43,calibration-only,2026-09-24T19:34:23.9239599+00:00,1261.0652,measurement,request-count-1900,1900,1900,1900,0,0,5,1905,406626304,522113024,36684431360,96,11,718088,,546512,5424,1,1,0,0,8527680,406626304,,36684431360,,521973760,,347914240,,50749440,,7962624,,0.0022,0.0068,0.0023,0.015,0.0975,,49,false
phase3a-formal-20260925-v2-component-calibration-only,44,calibration-only,2026-09-24T19:34:23.9279441+00:00,1265.0494,measurement,request-count-1950,1950,1950,1950,0,0,5,1955,406695936,522113024,36684427264,94,11,895064,,546512,5424,1,1,0,0,8704104,406695936,,36684427264,,521973760,,347951104,,50749440,,7995392,,0.0023,0.003,0.0023,0.0056,0.0145,,49,false
phase3a-formal-20260925-v2-component-calibration-only,45,calibration-only,2026-09-24T19:34:23.9315026+00:00,1268.6078,measurement,request-count-2000,2000,2000,2000,0,0,5,2005,406695936,522113024,36684427264,94,11,1071896,,546512,5424,1,1,0,0,8880384,406695936,,36684427264,,521973760,,347951104,,50749440,,7995392,,0.0022,0.0027,0.0023,0.003,0.0122,,49,false
phase3a-formal-20260925-v2-component-calibration-only,46,calibration-only,2026-09-24T19:34:23.9350927+00:00,1272.198,measurement,request-count-2050,2050,2050,2050,0,0,5,2055,406708224,522113024,36684427264,94,11,1248640,,546512,5424,1,1,0,0,9056576,406708224,,36684427264,,521973760,,347963392,,50749440,,7995392,,0.0032,0.0039,0.003,0.0091,0.0172,,49,false
phase3a-formal-20260925-v2-component-calibration-only,47,calibration-only,2026-09-24T19:34:23.9390750+00:00,1276.1803,measurement,request-count-2100,2100,2100,2100,0,0,5,2105,406708224,522113024,36684427264,94,11,1425520,,546512,5424,1,1,0,0,9232904,406708224,,36684427264,,521973760,,347963392,,50749440,,7995392,,0.0025,0.0036,0.0026,0.0038,0.0247,,49,false
phase3a-formal-20260925-v2-component-calibration-only,48,calibration-only,2026-09-24T19:34:23.9437723+00:00,1280.8776,measurement,request-count-2150,2150,2150,2150,0,0,5,2155,406708224,522113024,36684427264,94,11,1602368,,546512,5424,1,1,0,0,9409200,406708224,,36684427264,,521973760,,347963392,,50749440,,7995392,,0.0033,0.0047,0.0034,0.0051,0.0329,,49,false
phase3a-formal-20260925-v2-component-calibration-only,49,calibration-only,2026-09-24T19:34:23.9477468+00:00,1284.852,measurement,request-count-2200,2200,2200,2200,0,0,5,2205,406708224,522113024,36684427264,94,11,1779248,,546512,5424,1,1,0,0,9585528,406708224,,36684427264,,521973760,,347963392,,50749440,,7995392,,0.0031,0.0033,0.003,0.0042,0.0127,,49,false
phase3a-formal-20260925-v2-component-calibration-only,50,calibration-only,2026-09-24T19:34:23.9512944+00:00,1288.3997,measurement,request-count-2250,2250,2250,2250,0,0,5,2255,406708224,522113024,36684427264,94,11,1956128,,546512,5424,1,1,0,0,9761856,406708224,,36684427264,,521973760,,347963392,,50749440,,7995392,,0.0027,0.0038,0.0032,0.0043,0.0173,,49,false
phase3a-formal-20260925-v2-component-calibration-only,51,calibration-only,2026-09-24T19:34:23.9547841+00:00,1291.8894,measurement,request-count-2300,2300,2300,2300,0,0,5,2305,406708224,522113024,36684427264,94,11,2133040,,546512,5424,1,1,0,0,9938216,406708224,,36684427264,,521973760,,347963392,,50749440,,7995392,,0.0027,0.003,0.0026,0.0034,0.011,,49,false
phase3a-formal-20260925-v2-component-calibration-only,52,calibration-only,2026-09-24T19:34:23.9585814+00:00,1295.6867,measurement,request-count-2350,2350,2350,2350,0,0,5,2355,406708224,522113024,36684427264,94,11,2309880,,546512,5424,1,1,0,0,10114504,406708224,,36684427264,,521973760,,347963392,,50749440,,7995392,,0.0032,0.0032,0.0031,0.004,0.0106,,49,false
phase3a-formal-20260925-v2-component-calibration-only,53,calibration-only,2026-09-24T19:34:23.9620001+00:00,1299.1053,measurement,request-count-2400,2400,2400,2400,0,0,5,2405,406708224,522113024,36684427264,94,11,2486752,,546512,5424,1,1,0,0,10290824,406708224,,36684427264,,521973760,,347963392,,50749440,,7995392,,0.0023,0.003,0.0026,0.0039,0.0099,,49,false
phase3a-formal-20260925-v2-component-calibration-only,54,calibration-only,2026-09-24T19:34:23.9654426+00:00,1302.5479,measurement,request-count-2450,2450,2450,2450,0,0,5,2455,406708224,522113024,36684427264,94,11,2663640,,546512,5424,1,1,0,0,10467160,406708224,,36684427264,,521973760,,347963392,,50749440,,7995392,,0.0026,0.0033,0.0026,0.0065,0.0094,,49,false
phase3a-formal-20260925-v2-component-calibration-only,55,calibration-only,2026-09-24T19:34:23.9695667+00:00,1306.6719,measurement,request-count-2500,2500,2500,2500,0,0,5,2505,406708224,522113024,36684427264,94,11,2840520,,546512,5424,1,1,0,0,10643488,406708224,,36684427264,,521973760,,347963392,,50749440,,7995392,,0.0027,0.0055,0.0027,0.0141,0.0333,,49,false
phase3a-formal-20260925-v2-component-calibration-only,56,calibration-only,2026-09-24T19:34:23.9748162+00:00,1311.9215,measurement,request-count-2550,2550,2550,2550,0,0,5,2555,406708224,522113024,36684427264,94,11,3017320,,546512,5424,1,1,0,0,10819736,406708224,,36684427264,,521973760,,347963392,,50749440,,7995392,,0.0062,0.0068,0.0045,0.0096,0.0558,,49,false
phase3a-formal-20260925-v2-component-calibration-only,57,calibration-only,2026-09-24T19:34:23.9794627+00:00,1316.568,measurement,request-count-2600,2600,2600,2600,0,0,5,2605,406708224,522113024,36684427264,94,11,3194136,,546512,5424,1,1,0,0,10996000,406708224,,36684427264,,521973760,,347963392,,50749440,,7995392,,0.0034,0.0059,0.0044,0.0072,0.0395,,49,false
phase3a-formal-20260925-v2-component-calibration-only,58,calibration-only,2026-09-24T19:34:23.9844756+00:00,1321.5809,measurement,request-count-2650,2650,2650,2650,0,0,5,2655,406708224,522113024,36684427264,94,11,3371000,,546512,5424,1,1,0,0,11172312,406708224,,36684427264,,521973760,,347963392,,50749440,,7995392,,0.0034,0.0042,0.0034,0.0047,0.02,,49,false
phase3a-formal-20260925-v2-component-calibration-only,59,calibration-only,2026-09-24T19:34:23.9883655+00:00,1325.4709,measurement,request-count-2700,2700,2700,2700,0,0,5,2705,406708224,522113024,36684427264,94,11,3547824,,546512,5424,1,1,0,0,11348584,406708224,,36684427264,,521973760,,347963392,,50749440,,7995392,,0.0037,0.0045,0.0038,0.0057,0.026,,49,false
phase3a-formal-20260925-v2-component-calibration-only,60,calibration-only,2026-09-24T19:34:23.9928544+00:00,1329.9597,measurement,request-count-2750,2750,2750,2750,0,0,5,2755,406708224,522113024,36684427264,94,11,3724616,,546512,5424,1,1,0,0,11524824,406708224,,36684427264,,521973760,,347963392,,50749440,,7995392,,0.0047,0.0058,0.0049,0.0066,0.0254,,49,false
phase3a-formal-20260925-v2-component-calibration-only,61,calibration-only,2026-09-24T19:34:23.9966648+00:00,1333.7701,measurement,request-count-2800,2800,2800,2800,0,0,5,2805,406708224,522113024,36684427264,94,11,3901464,,546512,5424,1,1,0,0,11701120,406708224,,36684427264,,521973760,,347963392,,50749440,,7995392,,0.0039,0.0046,0.0039,0.0057,0.0177,,49,false
phase3a-formal-20260925-v2-component-calibration-only,62,calibration-only,2026-09-24T19:34:24.0003072+00:00,1337.4125,measurement,request-count-2850,2850,2850,2850,0,0,5,2855,406708224,522113024,36684427264,94,11,4078264,,546512,5424,1,1,0,0,11877368,406708224,,36684427264,,521973760,,347963392,,50749440,,7995392,,0.0039,0.0045,0.0039,0.0051,0.0158,,49,false
phase3a-formal-20260925-v2-component-calibration-only,63,calibration-only,2026-09-24T19:34:24.0046564+00:00,1341.7617,measurement,request-count-2900,2900,2900,2900,0,0,5,2905,406708224,522113024,36684427264,94,11,4255096,,546512,5424,1,1,0,0,12053648,406708224,,36684427264,,521973760,,347963392,,50749440,,7995392,,0.0042,0.006,0.0045,0.0086,0.038,,49,false
phase3a-formal-20260925-v2-component-calibration-only,64,calibration-only,2026-09-24T19:34:24.0088327+00:00,1345.938,measurement,request-count-2950,2950,2950,2950,0,0,5,2955,406708224,522113024,36684427264,94,11,4431832,,546512,5424,1,1,0,0,12229832,406708224,,36684427264,,521973760,,347963392,,50749440,,7995392,,0.005,0.0048,0.004,0.0053,0.0207,,49,false
phase3a-formal-20260925-v2-component-calibration-only,65,calibration-only,2026-09-24T19:34:24.0125996+00:00,1349.705,measurement,request-count-3000,3000,3000,3000,0,0,5,3005,406708224,522113024,36684427264,94,11,4608672,,546512,5424,1,1,0,0,12406120,406708224,,36684427264,,521973760,,347963392,,50749440,,7995392,,0.0047,0.0045,0.0045,0.0057,0.01,,49,false
phase3a-formal-20260925-v2-component-calibration-only,66,calibration-only,2026-09-24T19:34:24.0163188+00:00,1353.4241,measurement,request-count-3050,3050,3050,3050,0,0,5,3055,406708224,522113024,36684427264,94,11,4785480,,546512,5424,1,1,0,0,12582400,406708224,,36684427264,,521973760,,347963392,,50749440,,7995392,,0.0047,0.005,0.0046,0.0097,0.0156,,49,false
phase3a-formal-20260925-v2-component-calibration-only,67,calibration-only,2026-09-24T19:34:24.0202762+00:00,1357.3815,measurement,request-count-3100,3100,3100,3100,0,0,5,3105,406708224,522113024,36684427264,94,11,4962384,,546512,5424,1,1,0,0,12758752,406708224,,36684427264,,521973760,,347963392,,50749440,,7995392,,0.0027,0.0036,0.0027,0.0041,0.0238,,49,false
phase3a-formal-20260925-v2-component-calibration-only,68,calibration-only,2026-09-24T19:34:24.0239005+00:00,1361.0058,measurement,request-count-3150,3150,3150,3150,0,0,5,3155,406708224,522113024,36684427264,94,11,5139216,,546512,5424,1,1,0,0,12935032,406708224,,36684427264,,521973760,,347963392,,50749440,,7995392,,0.0033,0.004,0.0033,0.0042,0.0175,,49,false
phase3a-formal-20260925-v2-component-calibration-only,69,calibration-only,2026-09-24T19:34:24.0274307+00:00,1364.5359,measurement,request-count-3200,3200,3200,3200,0,0,5,3205,406708224,522113024,36684427264,94,11,5316056,,546512,5424,1,1,0,0,13111320,406708224,,36684427264,,521973760,,347963392,,50749440,,7995392,,0.0031,0.0038,0.0032,0.0041,0.014,,49,false
phase3a-formal-20260925-v2-component-calibration-only,70,calibration-only,2026-09-24T19:34:24.0308629+00:00,1367.9682,measurement,request-count-3250,3250,3250,3250,0,0,5,3255,406708224,522113024,36684427264,94,11,5492912,,546512,5424,1,1,0,0,13287624,406708224,,36684427264,,521973760,,347963392,,50749440,,7995392,,0.0033,0.0037,0.0033,0.0041,0.0122,,49,false
phase3a-formal-20260925-v2-component-calibration-only,71,calibration-only,2026-09-24T19:34:24.0346723+00:00,1371.7776,measurement,request-count-3300,3300,3300,3300,0,0,5,3305,406708224,522113024,36684427264,94,11,5669792,,546512,5424,1,1,0,0,13463952,406708224,,36684427264,,521973760,,347963392,,50749440,,7995392,,0.0032,0.0038,0.0033,0.0042,0.0133,,49,false
phase3a-formal-20260925-v2-component-calibration-only,72,calibration-only,2026-09-24T19:34:24.0396727+00:00,1376.778,measurement,request-count-3350,3350,3350,3350,0,0,5,3355,406708224,522113024,36684427264,94,11,5846672,,546512,5424,1,1,0,0,13640280,406708224,,36684427264,,521973760,,347963392,,50749440,,7995392,,0.0033,0.005,0.0035,0.0067,0.0316,,49,false
phase3a-formal-20260925-v2-component-calibration-only,73,calibration-only,2026-09-24T19:34:24.0441178+00:00,1381.2231,measurement,request-count-3400,3400,3400,3400,0,0,5,3405,406708224,522113024,36684427264,94,11,6023512,,546512,5424,1,1,0,0,13816568,406708224,,36684427264,,521973760,,347963392,,50749440,,7995392,,0.0026,0.0051,0.0038,0.0057,0.0321,,49,false
phase3a-formal-20260925-v2-component-calibration-only,74,calibration-only,2026-09-24T19:34:24.0478691+00:00,1384.9744,measurement,request-count-3450,3450,3450,3450,0,0,5,3455,406708224,522113024,36684427264,94,11,6200408,,546512,5424,1,1,0,0,13992912,406708224,,36684427264,,521973760,,347963392,,50749440,,7995392,,0.0027,0.0033,0.0028,0.0038,0.0143,,49,false
phase3a-formal-20260925-v2-component-calibration-only,75,calibration-only,2026-09-24T19:34:24.0513690+00:00,1388.4743,measurement,request-count-3500,3500,3500,3500,0,0,5,3505,406708224,522113024,36684427264,94,11,6377304,,546512,5424,1,1,0,0,14169256,406708224,,36684427264,,521973760,,347963392,,50749440,,7995392,,0.0031,0.0042,0.0034,0.0072,0.015,,49,false
phase3a-formal-20260925-v2-component-calibration-only,76,calibration-only,2026-09-24T19:34:24.0553322+00:00,1392.4375,measurement,request-count-3550,3550,3550,3550,0,0,5,3555,406708224,522113024,36684427264,94,11,6554192,,546512,5424,1,1,0,0,14345592,406708224,,36684427264,,521973760,,347963392,,50749440,,7995392,,0.0027,0.0034,0.0027,0.0042,0.0157,,49,false
phase3a-formal-20260925-v2-component-calibration-only,77,calibration-only,2026-09-24T19:34:24.0587875+00:00,1395.8928,measurement,request-count-3600,3600,3600,3600,0,0,5,3605,406708224,522113024,36684427264,94,11,6731072,,546512,5424,1,1,0,0,14521920,406708224,,36684427264,,521973760,,347963392,,50749440,,7995392,,0.0036,0.0036,0.0034,0.0043,0.008,,49,false
phase3a-formal-20260925-v2-component-calibration-only,78,calibration-only,2026-09-24T19:34:24.0622325+00:00,1399.3377,measurement,request-count-3650,3650,3650,3650,0,0,5,3655,406708224,522113024,36684427264,94,11,6907944,,546512,5424,1,1,0,0,14698240,406708224,,36684427264,,521973760,,347963392,,50749440,,7995392,,0.0032,0.0036,0.0033,0.0043,0.0086,,49,false
phase3a-formal-20260925-v2-component-calibration-only,79,calibration-only,2026-09-24T19:34:24.0661823+00:00,1403.2886,measurement,request-count-3700,3700,3700,3700,0,0,5,3705,406708224,522113024,36684427264,94,11,7084856,,546512,5424,1,1,0,0,14874600,406708224,,36684427264,,521973760,,347963392,,50749440,,7995392,,0.0033,0.0051,0.0034,0.0079,0.031,,49,false
phase3a-formal-20260925-v2-component-calibration-only,80,calibration-only,2026-09-24T19:34:24.0701970+00:00,1407.3024,measurement,request-count-3750,3750,3750,3750,0,0,5,3755,406708224,522113024,36684427264,94,11,7261712,,546512,5424,1,1,0,0,15050904,406708224,,36684427264,,521973760,,347963392,,50749440,,7995392,,0.003,0.0043,0.0032,0.0055,0.0283,,49,false
phase3a-formal-20260925-v2-component-calibration-only,81,calibration-only,2026-09-24T19:34:24.0745570+00:00,1411.6623,measurement,request-count-3800,3800,3800,3800,0,0,5,3805,406708224,522113024,36684427264,94,11,7438584,,546512,5424,1,1,0,0,15227224,406708224,,36684427264,,521973760,,347963392,,50749440,,7995392,,0.0036,0.0049,0.0036,0.0063,0.0246,,49,false
phase3a-formal-20260925-v2-component-calibration-only,82,calibration-only,2026-09-24T19:34:24.0787817+00:00,1415.887,measurement,request-count-3850,3850,3850,3850,0,0,5,3855,406724608,522113024,36684431360,94,11,7615352,,546512,5424,1,1,0,0,15403440,406724608,,36684431360,,521973760,,347963392,,50749440,,8011776,,0.0031,0.0038,0.0032,0.0041,0.018,,49,false
phase3a-formal-20260925-v2-component-calibration-only,83,calibration-only,2026-09-24T19:34:24.0824179+00:00,1419.5232,measurement,request-count-3900,3900,3900,3900,0,0,5,3905,406732800,522113024,36684435456,94,11,7792032,,546512,5424,1,1,0,0,15579568,406728704,,36684431360,,521973760,,347963392,,50749440,,8015872,,0.0031,0.0037,0.0031,0.004,0.0169,,49,false
phase3a-formal-20260925-v2-component-calibration-only,84,calibration-only,2026-09-24T19:34:24.0859103+00:00,1423.0156,measurement,request-count-3950,3950,3950,3950,0,0,5,3955,406749184,522113024,36684435456,94,11,7968936,,546512,5424,1,1,0,0,15755920,406749184,,36684435456,,521973760,,347963392,,50749440,,8036352,,0.0023,0.0032,0.0025,0.0052,0.012,,49,false
phase3a-formal-20260925-v2-component-calibration-only,85,calibration-only,2026-09-24T19:34:24.0895596+00:00,1426.6648,measurement,request-count-4000,4000,4000,4000,0,0,5,4005,406777856,522113024,36684439552,94,11,8145808,,546512,5424,1,1,0,0,15932240,406777856,,36684439552,,521973760,,347963392,,50749440,,8065024,,0.0025,0.0035,0.0026,0.0049,0.0149,,49,false
phase3a-formal-20260925-v2-component-calibration-only,86,calibration-only,2026-09-24T19:34:24.0935596+00:00,1430.6649,measurement,request-count-4050,4050,4050,4050,0,0,5,4055,406790144,522113024,36684439552,94,11,8322576,,546512,5424,1,1,0,0,16108456,406790144,,36684439552,,521973760,,347963392,,50749440,,8077312,,0.0031,0.004,0.0032,0.0043,0.0219,,49,false
phase3a-formal-20260925-v2-component-calibration-only,87,calibration-only,2026-09-24T19:34:24.0973459+00:00,1434.4512,measurement,request-count-4100,4100,4100,4100,0,0,5,4105,406896640,522190848,36684439552,94,11,8499480,,546512,5424,1,1,0,0,16284808,406896640,,36684439552,,522051584,,348041216,,50749440,,8105984,,0.0027,0.0035,0.0026,0.0036,0.0242,,49,false
phase3a-formal-20260925-v2-component-calibration-only,88,calibration-only,2026-09-24T19:34:24.1012028+00:00,1438.3081,measurement,request-count-4150,4150,4150,4150,0,0,5,4155,406904832,522194944,36684435456,94,11,8676344,,546512,5424,1,1,0,0,16461120,406904832,,36684435456,,522055680,,348045312,,50749440,,8110080,,0.0025,0.0035,0.0028,0.0043,0.0159,,49,false
phase3a-formal-20260925-v2-component-calibration-only,89,calibration-only,2026-09-24T19:34:24.1053522+00:00,1442.4575,measurement,request-count-4200,4200,4200,4200,0,0,5,4205,407257088,522539008,36684439552,94,11,8853192,,546512,5424,1,1,0,0,16637416,407257088,,36684439552,,522399744,,348389376,,50749440,,8118272,,0.0034,0.0042,0.0034,0.0046,0.0216,,49,false
phase3a-formal-20260925-v2-component-calibration-only,90,calibration-only,2026-09-24T19:34:24.1105928+00:00,1447.698,measurement,request-count-4250,4250,4250,4250,0,0,5,4255,407793664,523079680,36684435456,94,11,627712,,518480,552,2,2,1,0,16820424,407793664,,36684435456,,522940416,,348901376,,50749440,,8142848,,0.0031,0.0307,0.0033,0.0064,0.696,,49,false
phase3a-formal-20260925-v2-component-calibration-only,91,calibration-only,2026-09-24T19:34:24.1146123+00:00,1451.7175,measurement,request-count-4300,4300,4300,4300,0,0,5,4305,407793664,523079680,36684435456,94,11,804576,,518480,552,2,2,1,0,16996736,407793664,,36684435456,,522940416,,348901376,,50749440,,8142848,,0.0023,0.004,0.003,0.005,0.0253,,49,false
phase3a-formal-20260925-v2-component-calibration-only,92,calibration-only,2026-09-24T19:34:24.1193245+00:00,1456.4297,measurement,request-count-4350,4350,4350,4350,0,0,5,4355,407793664,523079680,36684435456,94,11,981424,,518480,552,2,2,1,0,17173032,407793664,,36684435456,,522940416,,348901376,,50749440,,8142848,,0.004,0.0061,0.0049,0.0074,0.031,,49,false
phase3a-formal-20260925-v2-component-calibration-only,93,calibration-only,2026-09-24T19:34:24.1234840+00:00,1460.5893,measurement,request-count-4400,4400,4400,4400,0,0,5,4405,407793664,523079680,36684435456,94,11,1158280,,518480,552,2,2,1,0,17349336,407793664,,36684435456,,522940416,,348901376,,50749440,,8142848,,0.0032,0.0048,0.0033,0.0046,0.0375,,49,false
phase3a-formal-20260925-v2-component-calibration-only,94,calibration-only,2026-09-24T19:34:24.1275583+00:00,1464.6636,measurement,request-count-4450,4450,4450,4450,0,0,5,4455,407793664,523079680,36684435456,94,11,1335112,,518480,552,2,2,1,0,17525616,407793664,,36684435456,,522940416,,348901376,,50749440,,8142848,,0.0032,0.004,0.0032,0.0044,0.0203,,49,false
phase3a-formal-20260925-v2-component-calibration-only,95,calibration-only,2026-09-24T19:34:24.1309760+00:00,1468.0813,measurement,request-count-4500,4500,4500,4500,0,0,5,4505,407793664,523079680,36684435456,94,11,1511984,,518480,552,2,2,1,0,17701936,407793664,,36684435456,,522940416,,348901376,,50749440,,8142848,,0.0025,0.0029,0.0025,0.0034,0.0089,,49,false
phase3a-formal-20260925-v2-component-calibration-only,96,calibration-only,2026-09-24T19:34:24.1344860+00:00,1471.5913,measurement,request-count-4550,4550,4550,4550,0,0,5,4555,407793664,523079680,36684435456,94,11,1688896,,518480,552,2,2,1,0,17878296,407793664,,36684435456,,522940416,,348901376,,50749440,,8142848,,0.0025,0.0034,0.0026,0.0046,0.0164,,49,false
phase3a-formal-20260925-v2-component-calibration-only,97,calibration-only,2026-09-24T19:34:24.1383725+00:00,1475.4778,measurement,request-count-4600,4600,4600,4600,0,0,5,4605,407793664,523079680,36684435456,94,11,1865744,,518480,552,2,2,1,0,18054592,407793664,,36684435456,,522940416,,348901376,,50749440,,8142848,,0.003,0.0046,0.0036,0.0059,0.0264,,49,false
phase3a-formal-20260925-v2-component-calibration-only,98,calibration-only,2026-09-24T19:34:24.1423586+00:00,1479.4639,measurement,request-count-4650,4650,4650,4650,0,0,5,4655,407793664,523079680,36684435456,94,11,2042600,,518480,552,2,2,1,0,18230896,407793664,,36684435456,,522940416,,348901376,,50749440,,8142848,,0.0031,0.004,0.0032,0.0046,0.0234,,49,false
phase3a-formal-20260925-v2-component-calibration-only,99,calibration-only,2026-09-24T19:34:24.1459720+00:00,1483.0773,measurement,request-count-4700,4700,4700,4700,0,0,5,4705,407793664,523079680,36684435456,94,11,2219312,,518480,552,2,2,1,0,18407056,407793664,,36684435456,,522940416,,348901376,,50749440,,8142848,,0.0031,0.0035,0.0031,0.0042,0.0107,,49,false
phase3a-formal-20260925-v2-component-calibration-only,100,calibration-only,2026-09-24T19:34:24.1494463+00:00,1486.5515,measurement,request-count-4750,4750,4750,4750,0,0,5,4755,407793664,523079680,36684435456,94,11,2396016,,518480,552,2,2,1,0,18583208,407793664,,36684435456,,522940416,,348901376,,50749440,,8142848,,0.0032,0.0039,0.0031,0.0086,0.0127,,49,false
phase3a-formal-20260925-v2-component-calibration-only,101,calibration-only,2026-09-24T19:34:24.1532042+00:00,1490.3095,measurement,request-count-4800,4800,4800,4800,0,0,5,4805,407793664,523079680,36684435456,94,11,2572848,,518480,552,2,2,1,0,18759488,407793664,,36684435456,,522940416,,348901376,,50749440,,8142848,,0.0031,0.0042,0.0032,0.0056,0.022,,49,false
phase3a-formal-20260925-v2-component-calibration-only,102,calibration-only,2026-09-24T19:34:24.1573821+00:00,1494.4874,measurement,request-count-4850,4850,4850,4850,0,0,5,4855,407793664,523079680,36684435456,94,11,2749736,,518480,552,2,2,1,0,18935824,407793664,,36684435456,,522940416,,348901376,,50749440,,8142848,,0.0034,0.0047,0.0037,0.0052,0.0246,,49,false
phase3a-formal-20260925-v2-component-calibration-only,103,calibration-only,2026-09-24T19:34:24.1613807+00:00,1498.486,measurement,request-count-4900,4900,4900,4900,0,0,5,4905,407793664,523079680,36684435456,94,11,2926584,,518480,552,2,2,1,0,19112120,407793664,,36684435456,,522940416,,348901376,,50749440,,8142848,,0.0032,0.0037,0.0031,0.004,0.0205,,49,false
phase3a-formal-20260925-v2-component-calibration-only,104,calibration-only,2026-09-24T19:34:24.1653074+00:00,1502.4127,measurement,request-count-4950,4950,4950,4950,0,0,5,4955,407793664,523079680,36684435456,94,11,3103408,,518480,552,2,2,1,0,19288392,407793664,,36684435456,,522940416,,348901376,,50749440,,8142848,,0.0031,0.0037,0.0032,0.0043,0.013,,49,false
phase3a-formal-20260925-v2-component-calibration-only,105,calibration-only,2026-09-24T19:34:24.1687303+00:00,1505.8356,measurement,request-count-5000,5000,5000,5000,0,0,5,5005,407793664,523079680,36684435456,94,11,3280168,,518480,552,2,2,1,0,19464600,407793664,,36684435456,,522940416,,348901376,,50749440,,8142848,,0.0031,0.0034,0.0031,0.0042,0.0074,,49,false
phase3a-formal-20260925-v2-component-calibration-only,106,calibration-only,2026-09-24T19:34:24.1726505+00:00,1509.7558,measurement,request-count-5050,5050,5050,5050,0,0,5,5055,407793664,523079680,36684435456,94,11,3457048,,518480,552,2,2,1,0,19640928,407793664,,36684435456,,522940416,,348901376,,50749440,,8142848,,0.0033,0.0048,0.0035,0.0051,0.0335,,49,false
phase3a-formal-20260925-v2-component-calibration-only,107,calibration-only,2026-09-24T19:34:24.1770865+00:00,1514.1918,measurement,request-count-5100,5100,5100,5100,0,0,5,5105,407793664,523079680,36684435456,94,11,3633896,,518480,552,2,2,1,0,19817224,407793664,,36684435456,,522940416,,348901376,,50749440,,8142848,,0.0026,0.0044,0.003,0.0057,0.0337,,49,false
phase3a-formal-20260925-v2-component-calibration-only,108,calibration-only,2026-09-24T19:34:24.1809716+00:00,1518.0769,measurement,request-count-5150,5150,5150,5150,0,0,5,5155,407793664,523079680,36684435456,94,11,3810656,,518480,552,2,2,1,0,19993432,407793664,,36684435456,,522940416,,348901376,,50749440,,8142848,,0.0032,0.0041,0.0032,0.0044,0.022,,49,false
phase3a-formal-20260925-v2-component-calibration-only,109,calibration-only,2026-09-24T19:34:24.1848422+00:00,1521.9475,measurement,request-count-5200,5200,5200,5200,0,0,5,5205,407793664,523079680,36684435456,94,11,3987480,,518480,552,2,2,1,0,20169704,407793664,,36684435456,,522940416,,348901376,,50749440,,8142848,,0.0038,0.0058,0.0032,0.0081,0.0541,,49,false
phase3a-formal-20260925-v2-component-calibration-only,110,calibration-only,2026-09-24T19:34:24.1888868+00:00,1525.9921,measurement,request-count-5250,5250,5250,5250,0,0,5,5255,407793664,523079680,36684435456,94,11,4164344,,518480,552,2,2,1,0,20346016,407793664,,36684435456,,522940416,,348901376,,50749440,,8142848,,0.0032,0.0034,0.0026,0.0036,0.0181,,49,false
phase3a-formal-20260925-v2-component-calibration-only,111,calibration-only,2026-09-24T19:34:24.1926981+00:00,1529.8034,measurement,request-count-5300,5300,5300,5300,0,0,5,5305,407793664,523079680,36684435456,94,11,4341144,,518480,552,2,2,1,0,20522264,407793664,,36684435456,,522940416,,348901376,,50749440,,8142848,,0.0032,0.0033,0.0031,0.004,0.0103,,49,false
phase3a-formal-20260925-v2-component-calibration-only,112,calibration-only,2026-09-24T19:34:24.1963494+00:00,1533.4547,measurement,request-count-5350,5350,5350,5350,0,0,5,5355,407793664,523079680,36684435456,94,11,4518000,,518480,552,2,2,1,0,20698568,407793664,,36684435456,,522940416,,348901376,,50749440,,8142848,,0.0031,0.0036,0.0032,0.0041,0.0134,,49,false
phase3a-formal-20260925-v2-component-calibration-only,113,calibration-only,2026-09-24T19:34:24.2002539+00:00,1537.3592,measurement,request-count-5400,5400,5400,5400,0,0,5,5405,407793664,523079680,36684435456,94,11,4694864,,518480,552,2,2,1,0,20874880,407793664,,36684435456,,522940416,,348901376,,50749440,,8142848,,0.0026,0.0039,0.0028,0.005,0.0237,,49,false
phase3a-formal-20260925-v2-component-calibration-only,114,calibration-only,2026-09-24T19:34:24.2043518+00:00,1541.457,measurement,request-count-5450,5450,5450,5450,0,0,5,5455,407793664,523079680,36684435456,94,11,4871664,,518480,552,2,2,1,0,21051152,407793664,,36684435456,,522940416,,348901376,,50749440,,8142848,,0.0026,0.0041,0.0028,0.0055,0.0293,,49,false
phase3a-formal-20260925-v2-component-calibration-only,115,calibration-only,2026-09-24T19:34:24.2088973+00:00,1546.0026,measurement,request-count-5500,5500,5500,5500,0,0,5,5505,407793664,523079680,36684435456,94,11,5048528,,518480,552,2,2,1,0,21227464,407793664,,36684435456,,522940416,,348901376,,50749440,,8142848,,0.0032,0.0048,0.0035,0.0053,0.0316,,49,false
phase3a-formal-20260925-v2-component-calibration-only,116,calibration-only,2026-09-24T19:34:24.2132840+00:00,1550.3893,measurement,request-count-5550,5550,5550,5550,0,0,5,5555,407822336,523079680,36684435456,94,11,5225360,,518480,552,2,2,1,0,21403744,407822336,,36684435456,,522940416,,348901376,,50749440,,8171520,,0.003,0.0041,0.0032,0.0042,0.0216,,49,false
phase3a-formal-20260925-v2-component-calibration-only,117,calibration-only,2026-09-24T19:34:24.2172112+00:00,1554.3165,measurement,request-count-5600,5600,5600,5600,0,0,5,5605,407822336,523079680,36684435456,94,11,5402152,,518480,552,2,2,1,0,21579984,407822336,,36684435456,,522940416,,348901376,,50749440,,8171520,,0.0043,0.0046,0.0034,0.006,0.0259,,49,false
phase3a-formal-20260925-v2-component-calibration-only,118,calibration-only,2026-09-24T19:34:24.2214790+00:00,1558.5843,measurement,request-count-5650,5650,5650,5650,0,0,5,5655,408219648,523472896,36684435456,94,11,5579024,,518480,552,2,2,1,0,21756304,408215552,,36684435456,,523333632,,349294592,,50749440,,8171520,,0.0031,0.0039,0.0031,0.0053,0.0219,,49,false
phase3a-formal-20260925-v2-component-calibration-only,119,calibration-only,2026-09-24T19:34:24.2253113+00:00,1562.4166,measurement,request-count-5700,5700,5700,5700,0,0,5,5705,408219648,523472896,36684435456,94,11,5755856,,518480,552,2,2,1,0,21932584,408219648,,36684435456,,523333632,,349294592,,50749440,,8175616,,0.0032,0.004,0.0033,0.0043,0.0189,,49,false
phase3a-formal-20260925-v2-component-calibration-only,120,calibration-only,2026-09-24T19:34:24.2301839+00:00,1567.2892,measurement,request-count-5750,5750,5750,5750,0,0,5,5755,408231936,523472896,36684431360,94,11,5932600,,518480,552,2,2,1,0,22108776,408231936,,36684431360,,523333632,,349294592,,50749440,,8187904,,0.0032,0.0039,0.0031,0.0048,0.0169,,49,false
phase3a-formal-20260925-v2-component-calibration-only,121,calibration-only,2026-09-24T19:34:24.2348937+00:00,1571.999,measurement,request-count-5800,5800,5800,5800,0,0,5,5805,408256512,523472896,36684439552,94,11,6117696,,518480,552,2,2,1,0,22293320,408256512,,36684439552,,523333632,,349294592,,50749440,,8212480,,0.0025,0.003,0.0026,0.0034,0.0101,,49,false
phase3a-formal-20260925-v2-component-calibration-only,122,calibration-only,2026-09-24T19:34:24.2401441+00:00,1577.2494,measurement,request-count-5850,5850,5850,5850,0,0,5,5855,408264704,523476992,36684435456,94,11,6294536,,518480,552,2,2,1,0,22469608,408264704,,36684435456,,523337728,,349298688,,50749440,,8216576,,0.005,0.0061,0.0047,0.0075,0.0328,,49,false
phase3a-formal-20260925-v2-component-calibration-only,123,calibration-only,2026-09-24T19:34:24.2446476+00:00,1581.7529,measurement,request-count-5900,5900,5900,5900,0,0,5,5905,408363008,523563008,36684435456,94,11,6471408,,518480,552,2,2,1,0,22645928,408363008,,36684435456,,523423744,,349372416,,50749440,,8241152,,0.0036,0.0045,0.0037,0.0052,0.0218,,49,false
phase3a-formal-20260925-v2-component-calibration-only,124,calibration-only,2026-09-24T19:34:24.2484958+00:00,1585.6011,measurement,request-count-5950,5950,5950,5950,0,0,5,5955,408375296,523563008,36684439552,94,11,6648304,,518480,552,2,2,1,0,22822272,408375296,,36684435456,,523423744,,349372416,,50749440,,8253440,,0.0025,0.0035,0.0025,0.0034,0.0246,,49,false
phase3a-formal-20260925-v2-component-calibration-only,125,calibration-only,2026-09-24T19:34:24.2524910+00:00,1589.5963,measurement,request-count-6000,6000,6000,6000,0,0,5,6005,408383488,523563008,36684435456,94,11,6825168,,518480,552,2,2,1,0,22998584,408383488,,36684435456,,523423744,,349372416,,50749440,,8261632,,0.0038,0.0054,0.0047,0.0068,0.0218,,49,false
phase3a-formal-20260925-v2-component-calibration-only,126,calibration-only,2026-09-24T19:34:24.2562748+00:00,1593.3801,measurement,request-count-6050,6050,6050,6050,0,0,5,6055,408387584,523563008,36684439552,94,11,7002064,,518480,552,2,2,1,0,23174928,408387584,,36684439552,,523423744,,349372416,,50749440,,8265728,,0.0023,0.0035,0.0026,0.0045,0.0177,,49,false
phase3a-formal-20260925-v2-component-calibration-only,127,calibration-only,2026-09-24T19:34:24.2599511+00:00,1597.0564,measurement,request-count-6100,6100,6100,6100,0,0,5,6105,408690688,523882496,36684439552,94,11,7178832,,518480,552,2,2,1,0,23351144,408674304,,36684439552,,523743232,,349655040,,50749440,,8269824,,0.0031,0.0037,0.0031,0.0041,0.016,,49,false
phase3a-formal-20260925-v2-component-calibration-only,128,calibration-only,2026-09-24T19:34:24.2637749+00:00,1600.8803,measurement,request-count-6150,6150,6150,6150,0,0,5,6155,408752128,523882496,36684435456,94,11,7355544,,518480,552,2,2,1,0,23527304,408752128,,36684435456,,523743232,,349704192,,50749440,,8298496,,0.0031,0.0038,0.0031,0.0046,0.0136,,49,false
phase3a-formal-20260925-v2-component-calibration-only,129,calibration-only,2026-09-24T19:34:24.2676349+00:00,1604.7402,measurement,request-count-6200,6200,6200,6200,0,0,5,6205,408772608,523894784,36684435456,94,11,7532376,,518480,552,2,2,1,0,23703584,408772608,,36684435456,,523755520,,349716480,,50749440,,8306688,,0.0032,0.0041,0.0032,0.0045,0.02,,49,false
phase3a-formal-20260925-v2-component-calibration-only,130,calibration-only,2026-09-24T19:34:24.2718060+00:00,1608.9112,measurement,request-count-6250,6250,6250,6250,0,0,5,6255,408776704,523894784,36684435456,94,11,7709232,,518480,552,2,2,1,0,23879888,408776704,,36684435456,,523755520,,349716480,,50749440,,8310784,,0.0032,0.0045,0.0035,0.0053,0.0271,,49,false
phase3a-formal-20260925-v2-component-calibration-only,131,calibration-only,2026-09-24T19:34:24.2766004+00:00,1613.7058,measurement,request-count-6300,6300,6300,6300,0,0,5,6305,408784896,523894784,36684435456,94,11,7886112,,518480,552,2,2,1,0,24056216,408784896,,36684435456,,523755520,,349716480,,50749440,,8318976,,0.0034,0.0062,0.0051,0.0081,0.0278,,49,false
phase3a-formal-20260925-v2-component-calibration-only,132,calibration-only,2026-09-24T19:34:24.2805619+00:00,1617.6672,measurement,request-count-6350,6350,6350,6350,0,0,5,6355,408793088,523894784,36684435456,94,11,8062896,,518480,552,2,2,1,0,24232448,408788992,,36684435456,,523755520,,349716480,,50749440,,8323072,,0.0028,0.0036,0.0031,0.004,0.0119,,49,false
phase3a-formal-20260925-v2-component-calibration-only,133,calibration-only,2026-09-24T19:34:24.2840641+00:00,1621.1693,measurement,request-count-6400,6400,6400,6400,0,0,5,6405,408948736,523984896,36684435456,94,11,8239784,,518480,552,2,2,1,0,24408784,408948736,,36684435456,,523845632,,349806592,,50749440,,8392704,,0.0034,0.0041,0.0036,0.0055,0.0129,,49,false
phase3a-formal-20260925-v2-component-calibration-only,134,calibration-only,2026-09-24T19:34:24.2891953+00:00,1626.3005,measurement,request-count-6450,6450,6450,6450,0,0,5,6455,408956928,523984896,36684439552,94,11,8416608,,518480,552,2,2,1,0,24585056,408956928,,36684439552,,523845632,,349806592,,50749440,,8400896,,0.0031,0.0044,0.0032,0.0046,0.0305,,49,false
phase3a-formal-20260925-v2-component-calibration-only,135,calibration-only,2026-09-24T19:34:24.2928673+00:00,1629.9726,measurement,request-count-6500,6500,6500,6500,0,0,5,6505,408956928,523984896,36684439552,94,11,8593432,,518480,552,2,2,1,0,24761328,408956928,,36684439552,,523845632,,349806592,,50749440,,8400896,,0.0032,0.0037,0.0032,0.0039,0.0137,,49,false
phase3a-formal-20260925-v2-component-calibration-only,136,calibration-only,2026-09-24T19:34:24.2963553+00:00,1633.4607,measurement,request-count-6550,6550,6550,6550,0,0,5,6555,408956928,523984896,36684439552,94,11,8770160,,518480,552,2,2,1,0,24937504,408956928,,36684439552,,523845632,,349806592,,50749440,,8400896,,0.0028,0.0038,0.0031,0.0041,0.0167,,49,false
phase3a-formal-20260925-v2-component-calibration-only,137,calibration-only,2026-09-24T19:34:24.2998722+00:00,1636.9775,measurement,request-count-6600,6600,6600,6600,0,0,5,6605,408956928,523984896,36684439552,94,11,565304,,518480,552,2,3,1,0,25101496,408956928,,36684439552,,523845632,,349806592,,50749440,,8400896,,0.0023,0.0032,0.0025,0.0033,0.0169,,49,false
phase3a-formal-20260925-v2-component-calibration-only,138,calibration-only,2026-09-24T19:34:24.3039662+00:00,1641.0714,measurement,request-count-6650,6650,6650,6650,0,0,5,6655,408956928,523984896,36684439552,94,11,739704,,524400,624,3,3,1,0,25275344,408956928,,36684439552,,523845632,,349806592,,50749440,,8400896,,0.0027,0.0036,0.0027,0.0046,0.0207,,49,false
phase3a-formal-20260925-v2-component-calibration-only,139,calibration-only,2026-09-24T19:34:24.3084378+00:00,1645.5431,measurement,request-count-6700,6700,6700,6700,0,0,5,6705,408956928,523984896,36684439552,94,11,916544,,524400,624,3,3,1,0,25451632,408956928,,36684439552,,523845632,,349806592,,50749440,,8400896,,0.0031,0.0044,0.0033,0.0053,0.0279,,49,false
phase3a-formal-20260925-v2-component-calibration-only,140,calibration-only,2026-09-24T19:34:24.3124121+00:00,1649.5174,measurement,request-count-6750,6750,6750,6750,0,0,5,6755,408956928,523984896,36684439552,94,11,1093432,,524400,624,3,3,1,0,25627968,408956928,,36684439552,,523845632,,349806592,,50749440,,8400896,,0.0025,0.0033,0.0025,0.0036,0.0199,,49,false
phase3a-formal-20260925-v2-component-calibration-only,141,calibration-only,2026-09-24T19:34:24.3160417+00:00,1653.147,measurement,request-count-6800,6800,6800,6800,0,0,5,6805,408956928,523984896,36684439552,94,11,1270224,,524400,624,3,3,1,0,25804208,408956928,,36684439552,,523845632,,349806592,,50749440,,8400896,,0.003,0.0038,0.0032,0.0041,0.0165,,49,false
phase3a-formal-20260925-v2-component-calibration-only,142,calibration-only,2026-09-24T19:34:24.3194715+00:00,1656.5768,measurement,request-count-6850,6850,6850,6850,0,0,5,6855,408956928,523984896,36684439552,94,11,1447088,,524400,624,3,3,1,0,25980520,408956928,,36684439552,,523845632,,349806592,,50749440,,8400896,,0.0023,0.0027,0.0023,0.0032,0.0067,,49,false
phase3a-formal-20260925-v2-component-calibration-only,143,calibration-only,2026-09-24T19:34:24.3227453+00:00,1659.8506,measurement,request-count-6900,6900,6900,6900,0,0,5,6905,408956928,523984896,36684439552,94,11,1623992,,524400,624,3,3,1,0,26156872,408956928,,36684439552,,523845632,,349806592,,50749440,,8400896,,0.0023,0.0028,0.0025,0.0039,0.007,,49,false
phase3a-formal-20260925-v2-component-calibration-only,144,calibration-only,2026-09-24T19:34:24.3262578+00:00,1663.3631,measurement,request-count-6950,6950,6950,6950,0,0,5,6955,408956928,523984896,36684439552,94,11,1800856,,524400,624,3,3,1,0,26333184,408956928,,36684439552,,523845632,,349806592,,50749440,,8400896,,0.0025,0.0028,0.0025,0.0034,0.0088,,49,false
phase3a-formal-20260925-v2-component-calibration-only,145,calibration-only,2026-09-24T19:34:24.3296383+00:00,1666.7436,measurement,request-count-7000,7000,7000,7000,0,0,5,7005,408956928,523984896,36684439552,94,11,1977584,,524400,624,3,3,1,0,26509360,408956928,,36684439552,,523845632,,349806592,,50749440,,8400896,,0.0034,0.0036,0.0031,0.0049,0.0103,,49,false
phase3a-formal-20260925-v2-component-calibration-only,146,calibration-only,2026-09-24T19:34:24.3330905+00:00,1670.1958,measurement,request-count-7050,7050,7050,7050,0,0,5,7055,408956928,523984896,36684439552,94,11,2154280,,524400,624,3,3,1,0,26685504,408956928,,36684439552,,523845632,,349806592,,50749440,,8400896,,0.0028,0.0035,0.003,0.0061,0.0117,,49,false
phase3a-formal-20260925-v2-component-calibration-only,147,calibration-only,2026-09-24T19:34:24.3369858+00:00,1674.0911,measurement,request-count-7100,7100,7100,7100,0,0,5,7105,408956928,523984896,36684439552,94,11,2330872,,524400,624,3,3,1,0,26861544,408956928,,36684439552,,523845632,,349806592,,50749440,,8400896,,0.003,0.006,0.003,0.0157,0.0247,,49,false
phase3a-formal-20260925-v2-component-calibration-only,148,calibration-only,2026-09-24T19:34:24.3414036+00:00,1678.5089,measurement,request-count-7150,7150,7150,7150,0,0,5,7155,408956928,523984896,36684439552,94,11,2507744,,524400,624,3,3,1,0,27037864,408956928,,36684439552,,523845632,,349806592,,50749440,,8400896,,0.0046,0.0053,0.0046,0.0066,0.0174,,49,false
phase3a-formal-20260925-v2-component-calibration-only,149,calibration-only,2026-09-24T19:34:24.3457809+00:00,1682.8862,measurement,request-count-7200,7200,7200,7200,0,0,5,7205,408956928,523984896,36684439552,94,11,2684664,,524400,624,3,3,1,0,27214232,408956928,,36684439552,,523845632,,349806592,,50749440,,8400896,,0.0037,0.0047,0.0037,0.0051,0.0259,,49,false
phase3a-formal-20260925-v2-component-calibration-only,150,calibration-only,2026-09-24T19:34:24.3497476+00:00,1686.8529,measurement,request-count-7250,7250,7250,7250,0,0,5,7255,408956928,523984896,36684439552,94,11,2861472,,524400,624,3,3,1,0,27390488,408956928,,36684439552,,523845632,,349806592,,50749440,,8400896,,0.0025,0.0037,0.0031,0.0041,0.0216,,49,false
phase3a-formal-20260925-v2-component-calibration-only,151,calibration-only,2026-09-24T19:34:24.3534781+00:00,1690.5834,measurement,request-count-7300,7300,7300,7300,0,0,5,7305,408956928,523984896,36684439552,94,11,3038344,,524400,624,3,3,1,0,27566808,408956928,,36684439552,,523845632,,349806592,,50749440,,8400896,,0.0023,0.0034,0.0025,0.0035,0.0218,,49,false
phase3a-formal-20260925-v2-component-calibration-only,152,calibration-only,2026-09-24T19:34:24.3570860+00:00,1694.1913,measurement,request-count-7350,7350,7350,7350,0,0,5,7355,408956928,523984896,36684439552,94,11,3215184,,524400,624,3,3,1,0,27743096,408956928,,36684439552,,523845632,,349806592,,50749440,,8400896,,0.0031,0.0038,0.0032,0.0043,0.0163,,49,false
phase3a-formal-20260925-v2-component-calibration-only,153,calibration-only,2026-09-24T19:34:24.3616133+00:00,1698.7186,measurement,request-count-7400,7400,7400,7400,0,0,5,7405,408956928,523984896,36684439552,94,11,3391992,,524400,624,3,3,1,0,27919352,408956928,,36684439552,,523845632,,349806592,,50749440,,8400896,,0.003,0.0035,0.0032,0.004,0.011,,49,false
phase3a-formal-20260925-v2-component-calibration-only,154,calibration-only,2026-09-24T19:34:24.3663353+00:00,1703.4407,measurement,request-count-7450,7450,7450,7450,0,0,5,7455,408956928,523984896,36684439552,94,11,3568784,,524400,624,3,3,1,0,28095592,408956928,,36684439552,,523845632,,349806592,,50749440,,8400896,,0.0046,0.0058,0.0048,0.0113,0.0191,,49,false
phase3a-formal-20260925-v2-component-calibration-only,155,calibration-only,2026-09-24T19:34:24.3714892+00:00,1708.5945,measurement,request-count-7500,7500,7500,7500,0,0,5,7505,408956928,523984896,36684439552,94,11,3745672,,524400,624,3,3,1,0,28271928,408956928,,36684439552,,523845632,,349806592,,50749440,,8400896,,0.0025,0.0064,0.0034,0.0121,0.0604,,49,false
phase3a-formal-20260925-v2-component-calibration-only,156,calibration-only,2026-09-24T19:34:24.3760795+00:00,1713.1848,measurement,request-count-7550,7550,7550,7550,0,0,5,7555,408956928,523984896,36684439552,94,11,3922592,,524400,624,3,3,1,0,28448296,408956928,,36684439552,,523845632,,349806592,,50749440,,8400896,,0.0035,0.0047,0.0036,0.0056,0.0241,,49,false
phase3a-formal-20260925-v2-component-calibration-only,157,calibration-only,2026-09-24T19:34:24.3806113+00:00,1717.7166,measurement,request-count-7600,7600,7600,7600,0,0,5,7605,408956928,523984896,36684439552,94,11,4099288,,524400,624,3,3,1,0,28624440,408956928,,36684439552,,523845632,,349806592,,50749440,,8400896,,0.0031,0.0034,0.0031,0.0039,0.0091,,49,false
phase3a-formal-20260925-v2-component-calibration-only,158,calibration-only,2026-09-24T19:34:24.3839685+00:00,1721.0738,measurement,request-count-7650,7650,7650,7650,0,0,5,7655,408956928,523984896,36684439552,94,11,4275920,,524400,624,3,3,1,0,28800520,408956928,,36684439552,,523845632,,349806592,,50749440,,8400896,,0.0031,0.0041,0.0031,0.0079,0.0217,,49,false
phase3a-formal-20260925-v2-component-calibration-only,159,calibration-only,2026-09-24T19:34:24.3881839+00:00,1725.2892,measurement,request-count-7700,7700,7700,7700,0,0,5,7705,408956928,523984896,36684439552,94,11,4452728,,524400,624,3,3,1,0,28976776,408956928,,36684439552,,523845632,,349806592,,50749440,,8400896,,0.0032,0.0066,0.0032,0.009,0.0685,,49,false
phase3a-formal-20260925-v2-component-calibration-only,160,calibration-only,2026-09-24T19:34:24.3925333+00:00,1729.6387,measurement,request-count-7750,7750,7750,7750,0,0,5,7755,408956928,523984896,36684439552,94,11,4629624,,524400,624,3,3,1,0,29153120,408956928,,36684439552,,523845632,,349806592,,50749440,,8400896,,0.0046,0.0052,0.0046,0.0058,0.0192,,49,false
phase3a-formal-20260925-v2-component-calibration-only,161,calibration-only,2026-09-24T19:34:24.3979023+00:00,1735.0077,measurement,request-count-7800,7800,7800,7800,0,0,5,7805,408961024,523984896,36684439552,94,11,4808304,,524400,624,3,3,1,0,29331272,408961024,,36684439552,,523845632,,349806592,,50749440,,8404992,,0.0046,0.006,0.0046,0.0085,0.0348,,49,false
phase3a-formal-20260925-v2-component-calibration-only,162,calibration-only,2026-09-24T19:34:24.4034173+00:00,1740.5226,measurement,request-count-7850,7850,7850,7850,0,0,5,7855,408961024,523984896,36684439552,94,11,4983336,,524400,624,3,3,1,0,29505752,408961024,,36684439552,,523845632,,349806592,,50749440,,8404992,,0.0044,0.005,0.0044,0.0054,0.0155,,49,false
phase3a-formal-20260925-v2-component-calibration-only,163,calibration-only,2026-09-24T19:34:24.4083460+00:00,1745.4513,measurement,request-count-7900,7900,7900,7900,0,0,5,7905,408961024,523984896,36684439552,94,11,5160184,,524400,624,3,3,1,0,29682048,408961024,,36684439552,,523845632,,349806592,,50749440,,8404992,,0.0047,0.0059,0.0046,0.0073,0.0307,,49,false
phase3a-formal-20260925-v2-component-calibration-only,164,calibration-only,2026-09-24T19:34:24.4133237+00:00,1750.429,measurement,request-count-7950,7950,7950,7950,0,0,5,7955,408961024,523984896,36684439552,94,11,5337072,,524400,624,3,3,1,0,29858384,408961024,,36684439552,,523845632,,349806592,,50749440,,8404992,,0.0045,0.0048,0.0036,0.0052,0.0277,,49,false
phase3a-formal-20260925-v2-component-calibration-only,165,calibration-only,2026-09-24T19:34:24.4181108+00:00,1755.2161,measurement,request-count-8000,8000,8000,8000,0,0,5,8005,408961024,523984896,36684439552,94,11,5513992,,524400,624,3,3,1,0,30034752,408961024,,36684439552,,523845632,,349806592,,50749440,,8404992,,0.0041,0.0047,0.0044,0.0056,0.0097,,49,false
phase3a-formal-20260925-v2-component-calibration-only,166,calibration-only,2026-09-24T19:34:24.4226884+00:00,1759.7937,measurement,request-count-8050,8050,8050,8050,0,0,5,8055,408961024,523984896,36684439552,94,11,5690912,,524400,624,3,3,1,0,30211120,408961024,,36684439552,,523845632,,349806592,,50749440,,8404992,,0.0045,0.0052,0.0046,0.0059,0.0187,,49,false
phase3a-formal-20260925-v2-component-calibration-only,167,calibration-only,2026-09-24T19:34:24.4281573+00:00,1765.2626,measurement,request-count-8100,8100,8100,8100,0,0,5,8105,408961024,523984896,36684439552,94,11,5867768,,524400,624,3,3,1,0,30387424,408961024,,36684439552,,523845632,,349806592,,50749440,,8404992,,0.0034,0.0086,0.0062,0.0166,0.0545,,49,false
phase3a-formal-20260925-v2-component-calibration-only,168,calibration-only,2026-09-24T19:34:24.4336441+00:00,1770.7494,measurement,request-count-8150,8150,8150,8150,0,0,5,8155,408961024,523984896,36684439552,94,11,6044560,,524400,624,3,3,1,0,30563664,408961024,,36684439552,,523845632,,349806592,,50749440,,8404992,,0.0031,0.0043,0.0032,0.0051,0.0268,,49,false
phase3a-formal-20260925-v2-component-calibration-only,169,calibration-only,2026-09-24T19:34:24.4385572+00:00,1775.6625,measurement,request-count-8200,8200,8200,8200,0,0,5,8205,408961024,523984896,36684439552,94,11,6221208,,524400,624,3,3,1,0,30739760,408961024,,36684439552,,523845632,,349806592,,50749440,,8404992,,0.003,0.0042,0.0031,0.0046,0.0267,,49,false
phase3a-formal-20260925-v2-component-calibration-only,170,calibration-only,2026-09-24T19:34:24.4449466+00:00,1782.0519,measurement,request-count-8250,8250,8250,8250,0,0,5,8255,408961024,523984896,36684439552,94,11,6398008,,524400,624,3,3,1,0,30916008,408961024,,36684439552,,523845632,,349806592,,50749440,,8404992,,0.0031,0.0046,0.0033,0.0056,0.0309,,49,false
phase3a-formal-20260925-v2-component-calibration-only,171,calibration-only,2026-09-24T19:34:24.4487486+00:00,1785.8539,measurement,request-count-8300,8300,8300,8300,0,0,5,8305,408961024,523984896,36684439552,94,11,6574720,,524400,624,3,3,1,0,31092168,408961024,,36684439552,,523845632,,349806592,,50749440,,8404992,,0.0031,0.0036,0.003,0.004,0.0139,,49,false
phase3a-formal-20260925-v2-component-calibration-only,172,calibration-only,2026-09-24T19:34:24.4524629+00:00,1789.5682,measurement,request-count-8350,8350,8350,8350,0,0,5,8355,408961024,523984896,36684439552,94,11,6751352,,524400,624,3,3,1,0,31268248,408961024,,36684439552,,523845632,,349806592,,50749440,,8404992,,0.0028,0.0037,0.003,0.0054,0.0124,,49,false
phase3a-formal-20260925-v2-component-calibration-only,173,calibration-only,2026-09-24T19:34:24.4562628+00:00,1793.368,measurement,request-count-8400,8400,8400,8400,0,0,5,8405,408961024,523984896,36684439552,94,11,6928248,,524400,624,3,3,1,0,31444592,408961024,,36684439552,,523845632,,349806592,,50749440,,8404992,,0.0023,0.0033,0.0025,0.0033,0.0202,,49,false
phase3a-formal-20260925-v2-component-calibration-only,174,calibration-only,2026-09-24T19:34:24.4598918+00:00,1796.9971,measurement,request-count-8450,8450,8450,8450,0,0,5,8455,408961024,523984896,36684439552,94,11,7105056,,524400,624,3,3,1,0,31620848,408961024,,36684439552,,523845632,,349806592,,50749440,,8404992,,0.0023,0.0032,0.0025,0.0036,0.0188,,49,false
phase3a-formal-20260925-v2-component-calibration-only,175,calibration-only,2026-09-24T19:34:24.4634150+00:00,1800.5203,measurement,request-count-8500,8500,8500,8500,0,0,5,8505,408961024,523984896,36684439552,94,11,7281928,,524400,624,3,3,1,0,31797168,408961024,,36684439552,,523845632,,349806592,,50749440,,8404992,,0.0023,0.0032,0.0024,0.0035,0.0192,,49,false
phase3a-formal-20260925-v2-component-calibration-only,176,calibration-only,2026-09-24T19:34:24.4669038+00:00,1804.0091,measurement,request-count-8550,8550,8550,8550,0,0,5,8555,408961024,523984896,36684439552,94,11,7458800,,524400,624,3,3,1,0,31973488,408961024,,36684439552,,523845632,,349806592,,50749440,,8404992,,0.0023,0.0027,0.0023,0.0034,0.0066,,49,false
phase3a-formal-20260925-v2-component-calibration-only,177,calibration-only,2026-09-24T19:34:24.4701186+00:00,1807.2239,measurement,request-count-8600,8600,8600,8600,0,0,5,8605,408961024,523984896,36684439552,94,11,7635672,,524400,624,3,3,1,0,32149808,408961024,,36684439552,,523845632,,349806592,,50749440,,8404992,,0.0023,0.0027,0.0023,0.0037,0.0079,,49,false
phase3a-formal-20260925-v2-component-calibration-only,178,calibration-only,2026-09-24T19:34:24.4738818+00:00,1810.9871,measurement,request-count-8650,8650,8650,8650,0,0,5,8655,408961024,523984896,36684439552,94,11,7812592,,524400,624,3,3,1,0,32326176,408961024,,36684439552,,523845632,,349806592,,50749440,,8404992,,0.0023,0.0034,0.0025,0.0039,0.0211,,49,false
phase3a-formal-20260925-v2-component-calibration-only,179,calibration-only,2026-09-24T19:34:24.4778733+00:00,1814.9786,measurement,request-count-8700,8700,8700,8700,0,0,5,8705,408961024,523984896,36684439552,94,11,7989512,,524400,624,3,3,1,0,32502544,408961024,,36684439552,,523845632,,349806592,,50749440,,8404992,,0.0045,0.0051,0.0045,0.0058,0.0163,,49,false
phase3a-formal-20260925-v2-component-calibration-only,180,calibration-only,2026-09-24T19:34:24.4814137+00:00,1818.519,measurement,request-count-8750,8750,8750,8750,0,0,5,8755,408961024,523984896,36684439552,94,11,8166368,,524400,624,3,3,1,0,32678848,408961024,,36684439552,,523845632,,349806592,,50749440,,8404992,,0.0033,0.0038,0.0035,0.0044,0.0087,,49,false
phase3a-formal-20260925-v2-component-calibration-only,181,calibration-only,2026-09-24T19:34:24.4848915+00:00,1821.9968,measurement,request-count-8800,8800,8800,8800,0,0,5,8805,408961024,523984896,36684439552,94,11,8343240,,524400,624,3,3,1,0,32855168,408961024,,36684439552,,523845632,,349806592,,50749440,,8404992,,0.0045,0.0051,0.0044,0.0066,0.016,,49,false
phase3a-formal-20260925-v2-component-calibration-only,182,calibration-only,2026-09-24T19:34:24.4892056+00:00,1826.3109,measurement,request-count-8850,8850,8850,8850,0,0,5,8855,408961024,523984896,36684439552,94,11,8520120,,524400,624,3,3,1,0,33031496,408961024,,36684439552,,523845632,,349806592,,50749440,,8404992,,0.0269,0.0082,0.0061,0.0143,0.044,,49,false
phase3a-formal-20260925-v2-component-calibration-only,183,calibration-only,2026-09-24T19:34:24.4935014+00:00,1830.6067,measurement,request-count-8900,8900,8900,8900,0,0,5,8905,408961024,523984896,36684439552,94,11,8697016,,524400,624,3,3,1,0,33207840,408961024,,36684439552,,523845632,,349806592,,50749440,,8404992,,0.0036,0.0044,0.0036,0.0047,0.0193,,49,false
phase3a-formal-20260925-v2-component-calibration-only,184,calibration-only,2026-09-24T19:34:24.4970266+00:00,1834.1319,measurement,request-count-8950,8950,8950,8950,0,0,5,8955,408961024,523984896,36684439552,94,11,8873920,,524400,624,3,3,1,0,33384192,408961024,,36684439552,,523845632,,349806592,,50749440,,8404992,,0.0036,0.0041,0.0036,0.0047,0.0135,,49,false
phase3a-formal-20260925-v2-component-calibration-only,185,calibration-only,2026-09-24T19:34:24.5011978+00:00,1838.3032,measurement,request-count-9000,9000,9000,9000,0,0,5,9005,408961024,523984896,36684439552,94,11,657536,,525800,672,4,4,1,0,33556712,408961024,,36684439552,,523845632,,349806592,,50749440,,8404992,,0.0039,0.0177,0.0042,0.0129,0.3397,,49,false
phase3a-formal-20260925-v2-component-calibration-only,186,calibration-only,2026-09-24T19:34:24.5055566+00:00,1842.6619,measurement,request-count-9050,9050,9050,9050,0,0,5,9055,408961024,523984896,36684439552,94,11,838464,,525800,672,4,4,1,0,33737112,408961024,,36684439552,,523845632,,349806592,,50749440,,8404992,,0.0045,0.0059,0.0049,0.0072,0.0253,,49,false
phase3a-formal-20260925-v2-component-calibration-only,187,calibration-only,2026-09-24T19:34:24.5104452+00:00,1847.5505,measurement,request-count-9100,9100,9100,9100,0,0,5,9105,408961024,523984896,36684439552,94,11,1015232,,525800,672,4,4,1,0,33913328,408961024,,36684439552,,523845632,,349806592,,50749440,,8404992,,0.0039,0.0058,0.0044,0.0065,0.0344,,49,false
phase3a-formal-20260925-v2-component-calibration-only,188,calibration-only,2026-09-24T19:34:24.5146485+00:00,1851.7538,measurement,request-count-9150,9150,9150,9150,0,0,5,9155,408961024,523984896,36684439552,94,11,1191928,,525800,672,4,4,1,0,34089472,408961024,,36684439552,,523845632,,349806592,,50749440,,8404992,,0.0028,0.0035,0.003,0.004,0.0143,,49,false
phase3a-formal-20260925-v2-component-calibration-only,189,calibration-only,2026-09-24T19:34:24.5183320+00:00,1855.4373,measurement,request-count-9200,9200,9200,9200,0,0,5,9205,408961024,523984896,36684439552,94,11,1368720,,525800,672,4,4,1,0,34265712,408961024,,36684439552,,523845632,,349806592,,50749440,,8404992,,0.0031,0.0036,0.0031,0.0042,0.0142,,49,false
phase3a-formal-20260925-v2-component-calibration-only,190,calibration-only,2026-09-24T19:34:24.5223675+00:00,1859.4728,measurement,request-count-9250,9250,9250,9250,0,0,5,9255,408961024,523984896,36684439552,94,11,1545608,,525800,672,4,4,1,0,34442048,408961024,,36684439552,,523845632,,349806592,,50749440,,8404992,,0.0026,0.0045,0.0037,0.0053,0.0229,,49,false
phase3a-formal-20260925-v2-component-calibration-only,191,calibration-only,2026-09-24T19:34:24.5259933+00:00,1863.0986,measurement,request-count-9300,9300,9300,9300,0,0,5,9305,408961024,523984896,36684439552,94,11,1722528,,525800,672,4,4,1,0,34618416,408961024,,36684439552,,523845632,,349806592,,50749440,,8404992,,0.0034,0.004,0.0035,0.0046,0.0129,,49,false
phase3a-formal-20260925-v2-component-calibration-only,192,calibration-only,2026-09-24T19:34:24.5295493+00:00,1866.6547,measurement,request-count-9350,9350,9350,9350,0,0,5,9355,408961024,523984896,36684439552,94,11,1899376,,525800,672,4,4,1,0,34794712,408961024,,36684439552,,523845632,,349806592,,50749440,,8404992,,0.0036,0.0037,0.0035,0.0043,0.0075,,49,false
phase3a-formal-20260925-v2-component-calibration-only,193,calibration-only,2026-09-24T19:34:24.5330084+00:00,1870.1137,measurement,request-count-9400,9400,9400,9400,0,0,5,9405,408961024,523984896,36684439552,94,11,2076168,,525800,672,4,4,1,0,34970952,408961024,,36684439552,,523845632,,349806592,,50749440,,8404992,,0.003,0.0038,0.0034,0.0046,0.0132,,49,false
phase3a-formal-20260925-v2-component-calibration-only,194,calibration-only,2026-09-24T19:34:24.5365300+00:00,1873.6353,measurement,request-count-9450,9450,9450,9450,0,0,5,9455,408961024,523984896,36684439552,94,11,2253080,,525800,672,4,4,1,0,35147312,408961024,,36684439552,,523845632,,349806592,,50749440,,8404992,,0.0035,0.004,0.0036,0.0047,0.0101,,49,false
phase3a-formal-20260925-v2-component-calibration-only,195,calibration-only,2026-09-24T19:34:24.5412119+00:00,1878.3172,measurement,request-count-9500,9500,9500,9500,0,0,5,9505,408961024,523984896,36684439552,94,11,2429912,,525800,672,4,4,1,0,35323592,408961024,,36684439552,,523845632,,349806592,,50749440,,8404992,,0.0264,0.0081,0.0045,0.0156,0.0654,,49,false
phase3a-formal-20260925-v2-component-calibration-only,196,calibration-only,2026-09-24T19:34:24.5456977+00:00,1882.8029,measurement,request-count-9550,9550,9550,9550,0,0,5,9555,408961024,523984896,36684439552,94,11,2606672,,525800,672,4,4,1,0,35499800,408961024,,36684439552,,523845632,,349806592,,50749440,,8404992,,0.0031,0.0041,0.0032,0.0048,0.0234,,49,false
phase3a-formal-20260925-v2-component-calibration-only,197,calibration-only,2026-09-24T19:34:24.5497083+00:00,1886.8136,measurement,request-count-9600,9600,9600,9600,0,0,5,9605,408961024,523984896,36684439552,94,11,2783448,,525800,672,4,4,1,0,35676024,408961024,,36684439552,,523845632,,349806592,,50749440,,8404992,,0.003,0.0052,0.004,0.006,0.0342,,49,false
phase3a-formal-20260925-v2-component-calibration-only,198,calibration-only,2026-09-24T19:34:24.5538088+00:00,1890.9141,measurement,request-count-9650,9650,9650,9650,0,0,5,9655,408961024,523984896,36684439552,94,11,2960128,,525800,672,4,4,1,0,35852152,408961024,,36684439552,,523845632,,349806592,,50749440,,8404992,,0.003,0.0044,0.0031,0.0059,0.0277,,49,false
phase3a-formal-20260925-v2-component-calibration-only,199,calibration-only,2026-09-24T19:34:24.5578245+00:00,1894.9298,measurement,request-count-9700,9700,9700,9700,0,0,5,9705,408961024,523984896,36684439552,94,11,3136928,,525800,672,4,4,1,0,36028400,408961024,,36684439552,,523845632,,349806592,,50749440,,8404992,,0.0031,0.0036,0.003,0.004,0.0161,,49,false
phase3a-formal-20260925-v2-component-calibration-only,200,calibration-only,2026-09-24T19:34:24.5612879+00:00,1898.3932,measurement,request-count-9750,9750,9750,9750,0,0,5,9755,408961024,523984896,36684439552,94,11,3313672,,525800,672,4,4,1,0,36204592,408961024,,36684439552,,523845632,,349806592,,50749440,,8404992,,0.0028,0.0043,0.0029,0.0101,0.0278,,49,false
phase3a-formal-20260925-v2-component-calibration-only,201,calibration-only,2026-09-24T19:34:24.5646184+00:00,1901.7237,measurement,request-count-9800,9800,9800,9800,0,0,5,9805,408961024,523984896,36684439552,94,11,3490512,,525800,672,4,4,1,0,36380880,408961024,,36684439552,,523845632,,349806592,,50749440,,8404992,,0.0028,0.0031,0.0028,0.0042,0.0085,,49,false
phase3a-formal-20260925-v2-component-calibration-only,202,calibration-only,2026-09-24T19:34:24.5682267+00:00,1905.332,measurement,request-count-9850,9850,9850,9850,0,0,5,9855,408961024,523984896,36684439552,94,11,3667400,,525800,672,4,4,1,0,36557216,408961024,,36684439552,,523845632,,349806592,,50749440,,8404992,,0.0023,0.0032,0.0026,0.0039,0.0148,,49,false
phase3a-formal-20260925-v2-component-calibration-only,203,calibration-only,2026-09-24T19:34:24.5729462+00:00,1910.0515,measurement,request-count-9900,9900,9900,9900,0,0,5,9905,408961024,523984896,36684439552,94,11,3844160,,525800,672,4,4,1,0,36733424,408961024,,36684439552,,523845632,,349806592,,50749440,,8404992,,0.0034,0.0046,0.0032,0.0053,0.0324,,49,false
phase3a-formal-20260925-v2-component-calibration-only,204,calibration-only,2026-09-24T19:34:24.5777687+00:00,1914.874,measurement,request-count-9950,9950,9950,9950,0,0,5,9955,408961024,523984896,36684439552,94,11,4020952,,525800,672,4,4,1,0,36909664,408961024,,36684439552,,523845632,,349806592,,50749440,,8404992,,0.0028,0.0034,0.0028,0.0039,0.011,,49,false
phase3a-formal-20260925-v2-component-calibration-only,205,calibration-only,2026-09-24T19:34:24.5822652+00:00,1919.3704,measurement,request-count-10000,10000,10000,10000,0,0,5,10005,408961024,523984896,36684439552,94,11,4197768,,525800,672,4,4,1,0,37085928,408961024,,36684439552,,523845632,,349806592,,50749440,,8404992,,0.0028,0.0039,0.003,0.004,0.0238,,49,false
phase3a-formal-20260925-v2-component-calibration-only,206,calibration-only,2026-09-24T19:34:24.5918046+00:00,1928.9103,idle,idle-0-seconds,10000,10000,10000,0,0,5,10005,409387008,523993088,36684439552,96,11,4339992,,525800,672,4,4,1,0,37227912,409387008,,36684439552,,523853824,,349843456,,51122176,,8421376,,,,,,,,,
phase3a-formal-20260925-v2-component-calibration-only,207,calibration-only,2026-09-24T19:34:24.6850481+00:00,2022.1543,lifecycle,post-dispose,10000,10000,10000,0,0,5,10005,362008576,476413952,36636860416,96,11,4397560,,525800,672,4,4,1,0,37285312,362008576,,36636860416,,476274688,,302395392,,51187712,,8425472,,,,,,,,,
phase3a-formal-20260925-v2-component-run-only,0,run-only,2026-09-24T19:34:25.7381709+00:00,0.4769,lifecycle,t0-before-model-load,0,0,0,0,0,0,0,60895232,184078336,36483493888,86,11,1307304,,0,0,0,0,0,0,1303272,60858368,,36483502080,,183873536,,9560064,,45481984,,5816320,,,,,,,,,
phase3a-formal-20260925-v2-component-run-only,1,run-only,2026-09-24T19:34:28.3658581+00:00,2628.1619,setup,t1-after-model-load,0,0,0,0,0,0,0,939446272,1992581120,38928154624,102,21,1911128,,0,0,0,0,0,0,1905344,939425792,,38928154624,,1992269824,,862998528,,67645440,,8781824,,,,,,,,,
phase3a-formal-20260925-v2-component-run-only,2,run-only,2026-09-24T19:34:28.4596182+00:00,2721.9217,first-operation,t2-after-first-operation,0,0,0,0,0,1,1,946597888,1992646656,38928154624,102,21,1976664,,0,0,0,0,0,0,1970664,946585600,,38928154624,,1992335360,,863735808,,74014720,,8835072,,,,,,,89.7186,67,false
phase3a-formal-20260925-v2-component-run-only,3,run-only,2026-09-24T19:34:28.8120416+00:00,3074.3451,warmup,warmup-complete,0,0,0,0,0,5,5,947441664,1993146368,38928154624,102,21,2050640,,0,0,0,0,0,0,2044376,947421184,,38928154624,,1992835072,,864239616,,74080256,,9101312,,,,,,,,,
phase3a-formal-20260925-v2-component-run-only,4,run-only,2026-09-24T19:34:28.8154389+00:00,3077.7423,measurement,request-count-0,0,0,0,0,0,5,5,947523584,1993211904,38928158720,102,21,2123928,,0,0,0,0,0,0,2117448,947494912,,38928158720,,1992900608,,864305152,,74080256,,9109504,,,,,,,,,
phase3a-formal-20260925-v2-component-run-only,5,run-only,2026-09-24T19:34:29.6244992+00:00,3886.8033,measurement,request-count-10,10,10,10,0,0,5,15,949825536,1995280384,38928158720,104,21,2238808,,0,0,0,0,0,0,2232064,949809152,,38928158720,,1994969088,,866373632,,74104832,,9330688,,82.9957,79.5733,79.6104,99.832,106.5554,82.9957,67,false
phase3a-formal-20260925-v2-component-run-only,6,run-only,2026-09-24T19:34:32.8532048+00:00,7115.5091,measurement,request-count-50,50,50,50,0,0,5,55,950480896,1995464704,38928154624,104,21,2361656,,0,0,0,0,0,0,2354552,950460416,,38928154624,,1995218944,,866611200,,74170368,,9678848,,67.8129,80.2204,79.2622,98.7634,106.6666,67.8129,67,false
phase3a-formal-20260925-v2-component-run-only,7,run-only,2026-09-24T19:34:36.6286243+00:00,10890.9283,measurement,request-count-100,100,100,100,0,0,5,105,955129856,2049699840,39247187968,106,22,2484504,,0,0,0,0,0,0,2476992,955105280,,39247187968,,2049454080,,870256640,,75022336,,9826304,,59.4658,75.1373,70.7843,103.7476,114.7869,59.4658,67,false
phase3a-formal-20260925-v2-component-run-only,8,run-only,2026-09-24T19:34:40.7164971+00:00,14978.8008,measurement,request-count-150,150,150,150,0,0,5,155,955252736,2033053696,39230410752,104,21,2607352,,0,0,0,0,0,0,2599432,955228160,,39230410752,,2032807936,,870359040,,75022336,,9846784,,66.8463,80.1532,79.7265,110.2462,121.8685,66.8463,67,false
phase3a-formal-20260925-v2-component-run-only,9,run-only,2026-09-24T19:34:44.9634362+00:00,19225.74,measurement,request-count-200,200,200,200,0,0,5,205,955363328,2016407552,39213629440,106,21,2730200,,0,0,0,0,0,0,2713728,955338752,,39213629440,,2016161792,,870449152,,75022336,,9867264,,74.3122,84.1764,80.6769,115.1491,146.4554,74.3123,67,false
phase3a-formal-20260925-v2-component-run-only,10,run-only,2026-09-24T19:34:49.0933135+00:00,23355.6173,measurement,request-count-250,250,250,250,0,0,5,255,955527168,2016538624,39213633536,104,21,2853048,,0,0,0,0,0,0,2836192,955502592,,39213633536,,2016292864,,870592512,,75022336,,9887744,,91.3677,82.0945,79.0701,118.2134,138.2633,91.3677,67,false
phase3a-formal-20260925-v2-component-run-only,11,run-only,2026-09-24T19:34:53.0817214+00:00,27344.0252,measurement,request-count-300,300,300,300,0,0,5,305,955662336,2016669696,39213633536,104,21,2975896,,0,0,0,0,0,0,2958656,955641856,,39213633536,,2016423936,,870719488,,75022336,,9900032,,75.7155,79.2736,76.9582,99.5644,114.665,75.7155,67,false
phase3a-formal-20260925-v2-component-run-only,12,run-only,2026-09-24T19:34:57.4368862+00:00,31699.1899,measurement,request-count-350,350,350,350,0,0,5,355,955842560,2050355200,39247196160,106,22,3099984,,0,0,0,0,0,0,3082360,955822080,,39247196160,,2050043904,,870891520,,75022336,,9908224,,124.1736,86.6507,85.3265,120.8092,124.8375,124.1736,67,false
phase3a-formal-20260925-v2-component-run-only,13,run-only,2026-09-24T19:35:01.8827745+00:00,36145.0782,measurement,request-count-400,400,400,400,0,0,5,405,956043264,2033795072,39230414848,104,21,3221848,,0,0,0,0,0,0,3203864,956018688,,39230414848,,2033483776,,871084032,,75022336,,9912320,,80.644,87.0082,80.2738,138.0294,229.9537,80.644,67,false
phase3a-formal-20260925-v2-component-run-only,14,run-only,2026-09-24T19:35:05.8089401+00:00,40071.2442,measurement,request-count-450,450,450,450,0,0,5,455,956166144,2033926144,39230414848,104,21,3352920,,0,0,0,0,0,0,3334552,956145664,,39230414848,,2033614848,,871206912,,75022336,,9916416,,71.6785,78.1236,78.9693,104.8133,120.0189,71.6785,67,false
phase3a-formal-20260925-v2-component-run-only,15,run-only,2026-09-24T19:35:10.0943748+00:00,44356.6789,measurement,request-count-500,500,500,500,0,0,5,505,956481536,2017394688,39213629440,104,21,3475768,,0,0,0,0,0,0,3456992,956461056,,39213629440,,2017148928,,871501824,,75022336,,9936896,,84.6226,84.0457,80.0512,123.7962,146.0916,84.6226,67,false
phase3a-formal-20260925-v2-component-run-only,16,run-only,2026-09-24T19:35:14.0869693+00:00,48349.273,measurement,request-count-550,550,550,550,0,0,5,555,956633088,2017525760,39213629440,104,21,3598616,,0,0,0,0,0,0,3579432,956608512,,39213629440,,2017280000,,871628800,,75022336,,9957376,,68.4585,79.411,77.5873,101.5386,119.3743,68.4585,67,false
phase3a-formal-20260925-v2-component-run-only,17,run-only,2026-09-24T19:35:18.0571756+00:00,52319.4795,measurement,request-count-600,600,600,600,0,0,5,605,956755968,2017656832,39213629440,104,21,3721464,,0,0,0,0,0,0,3701872,956731392,,39213629440,,2017411072,,871751680,,75022336,,9957376,,75.7389,79.0027,76.6866,106.6822,120.3488,75.7389,67,false
phase3a-formal-20260925-v2-component-run-only,18,run-only,2026-09-24T19:35:22.1862221+00:00,56448.5263,measurement,request-count-650,650,650,650,0,0,5,655,956874752,2017787904,39213629440,106,21,3844312,,0,0,0,0,0,0,3824312,956850176,,39213629440,,2017542144,,871870464,,75022336,,9957376,,98.4089,80.9154,73.978,116.9193,157.1189,98.4089,67,false
phase3a-formal-20260925-v2-component-run-only,19,run-only,2026-09-24T19:35:25.8880548+00:00,60150.3587,measurement,request-count-700,700,700,700,0,0,5,705,956997632,2017918976,39213629440,104,21,3967160,,0,0,0,0,0,0,3946752,956973056,,39213629440,,2017673216,,871993344,,75022336,,9957376,,80.6337,73.61,70.6288,99.6972,103.8747,80.6337,67,false
phase3a-formal-20260925-v2-component-run-only,20,run-only,2026-09-24T19:35:29.8443684+00:00,64106.6723,measurement,request-count-750,750,750,750,0,0,5,755,957145088,2018050048,39213633536,104,21,4090008,,0,0,0,0,0,0,4069216,957120512,,39213633536,,2017804288,,872116224,,75022336,,9981952,,54.3767,77.5991,75.4489,96.4993,110.7136,54.3767,67,false
phase3a-formal-20260925-v2-component-run-only,21,run-only,2026-09-24T19:35:33.7714611+00:00,68033.7649,measurement,request-count-800,800,800,800,0,0,5,805,957280256,2018177024,39213633536,104,21,4213792,,0,0,0,0,0,0,4192616,957259776,,39213633536,,2017869824,,872247296,,75022336,,9990144,,71.5725,78.1842,76.3538,108.3867,120.6301,71.5725,67,false
phase3a-formal-20260925-v2-component-run-only,22,run-only,2026-09-24T19:35:37.6279595+00:00,71890.2633,measurement,request-count-850,850,850,850,0,0,5,855,957415424,2018414592,39213629440,104,21,4341720,,0,0,0,0,0,0,4320160,957390848,,39213629440,,2018103296,,872382464,,75022336,,9986048,,83.0488,76.8082,76.029,105.5776,116.8924,83.0488,67,false
phase3a-formal-20260925-v2-component-run-only,23,run-only,2026-09-24T19:35:41.7080195+00:00,75970.3233,measurement,request-count-900,900,900,900,0,0,5,905,957538304,2018545664,39213629440,104,21,4464568,,0,0,0,0,0,0,4442600,957517824,,39213629440,,2018234368,,872505344,,75022336,,9990144,,78.033,80.0455,77.7357,100.0992,109.061,78.033,67,false
phase3a-formal-20260925-v2-component-run-only,24,run-only,2026-09-24T19:35:45.9360506+00:00,80198.3544,measurement,request-count-950,950,950,950,0,0,5,955,957661184,2018611200,39213629440,106,21,4587416,,0,0,0,0,0,0,4565040,957640704,,39213629440,,2018365440,,872624128,,75022336,,9994240,,92.3458,84.0969,80.9741,127.1275,151.2331,92.3458,67,false
phase3a-formal-20260925-v2-component-run-only,25,run-only,2026-09-24T19:35:49.7929376+00:00,84055.2416,measurement,request-count-1000,1000,1000,1000,0,0,5,1005,957820928,2035519488,39230414848,104,21,4710264,,0,0,0,0,0,0,4687480,957796352,,39230414848,,2035273728,,872767488,,75022336,,10006528,,127.0593,76.7208,73.3384,99.2564,117.0002,127.0593,67,false
phase3a-formal-20260925-v2-component-run-only,26,run-only,2026-09-24T19:35:53.5627910+00:00,87825.0949,measurement,request-count-1050,1050,1050,1050,0,0,5,1055,957947904,2035650560,39230414848,104,21,4833112,,0,0,0,0,0,0,4809920,957923328,,39230414848,,2035404800,,872890368,,75022336,,10010624,,79.1789,73.8407,70.6252,109.9334,117.2079,79.1789,67,false
phase3a-formal-20260925-v2-component-run-only,27,run-only,2026-09-24T19:35:57.4103027+00:00,91672.6066,measurement,request-count-1100,1100,1100,1100,0,0,5,1105,958070784,2035781632,39230414848,104,21,4955960,,0,0,0,0,0,0,4932360,958046208,,39230414848,,2035535872,,873013248,,75022336,,10010624,,82.907,76.4451,74.4267,96.642,104.8866,82.907,67,false
phase3a-formal-20260925-v2-component-run-only,28,run-only,2026-09-24T19:36:01.7008578+00:00,95963.1616,measurement,request-count-1150,1150,1150,1150,0,0,5,1155,958251008,2019115008,39213604864,106,20,5078808,,0,0,0,0,0,0,5054824,958234624,,39213604864,,2018869248,,873123840,,75083776,,10027008,,69.4018,84.1196,79.8694,117.8685,119.4147,69.4018,67,false
phase3a-formal-20260925-v2-component-run-only,29,run-only,2026-09-24T19:36:06.0604087+00:00,100322.7127,measurement,request-count-1200,1200,1200,1200,0,0,5,1205,958386176,2019246080,39213604864,106,20,5201656,,0,0,0,0,0,0,5177288,958365696,,39213604864,,2019000320,,873242624,,75083776,,10039296,,77.0675,86.6536,83.1404,108.1251,122.4261,77.0675,67,false
phase3a-formal-20260925-v2-component-run-only,30,run-only,2026-09-24T19:36:10.2383595+00:00,104500.6693,measurement,request-count-1250,1250,1250,1250,0,0,5,1255,958517248,2019397632,39213633536,106,21,5325680,,0,0,0,0,0,0,5300928,958496768,,39213633536,,2019086336,,873365504,,75083776,,10047488,,78.9706,83.0796,79.3965,113.1684,119.335,78.9706,67,false
phase3a-formal-20260925-v2-component-run-only,31,run-only,2026-09-24T19:36:14.5097125+00:00,108772.016,measurement,request-count-1300,1300,1300,1300,0,0,5,1305,958816256,2019639296,39213600768,106,21,5545960,,0,0,0,0,0,0,5520824,958799872,,39213600768,,2019328000,,873553920,,75083776,,10162176,,73.7644,84.9763,83.4876,111.7457,123.4791,73.7644,67,false
phase3a-formal-20260925-v2-component-run-only,32,run-only,2026-09-24T19:36:18.7041645+00:00,112966.4678,measurement,request-count-1350,1350,1350,1350,0,0,5,1355,958976000,2019790848,39213629440,104,21,5677032,,0,0,0,0,0,0,5651512,958955520,,39213629440,,2019479552,,873693184,,75083776,,10178560,,84.907,82.1359,80.2475,103.4468,117.688,84.907,67,false
phase3a-formal-20260925-v2-component-run-only,33,run-only,2026-09-24T19:36:22.6257882+00:00,116888.0917,measurement,request-count-1400,1400,1400,1400,0,0,5,1405,959102976,2019856384,39213629440,104,21,5799880,,0,0,0,0,0,0,5773976,959082496,,39213629440,,2019610624,,873816064,,75083776,,10182656,,67.0835,78.0591,76.3786,107.3075,113.8495,67.0835,67,false
phase3a-formal-20260925-v2-component-run-only,34,run-only,2026-09-24T19:36:27.4322216+00:00,121694.5251,measurement,request-count-1450,1450,1450,1450,0,0,5,1455,959242240,2019987456,39213625344,106,21,5922728,,0,0,0,0,0,0,5896416,959217664,,39213625344,,2019741696,,873938944,,75083776,,10194944,,61.5922,94.0863,95.2968,120.7991,129.4588,61.5922,67,false
phase3a-formal-20260925-v2-component-run-only,35,run-only,2026-09-24T19:36:31.6692973+00:00,125931.6008,measurement,request-count-1500,1500,1500,1500,0,0,5,1505,959488000,2020118528,39213629440,104,21,6045576,,0,0,0,0,0,0,6018856,959463424,,39213629440,,2019872768,,874090496,,75083776,,10289152,,94.7365,84.2053,81.4406,112.9625,123.0269,94.7365,67,false
phase3a-formal-20260925-v2-component-run-only,36,run-only,2026-09-24T19:36:35.8258472+00:00,130088.1505,measurement,request-count-1550,1550,1550,1550,0,0,5,1555,959647744,2020253696,39213600768,104,20,6168424,,0,0,0,0,0,0,6141296,959623168,,39213600768,,2020007936,,874233856,,75083776,,10305536,,71.9429,82.5217,79.7175,111.3328,118.9961,71.9429,67,false
phase3a-formal-20260925-v2-component-run-only,37,run-only,2026-09-24T19:36:39.8885290+00:00,134150.8322,measurement,request-count-1600,1600,1600,1600,0,0,5,1605,959770624,2020384768,39213600768,104,20,6291272,,0,0,0,0,0,0,6263736,959746048,,39213600768,,2020139008,,874356736,,75083776,,10305536,,85.1872,80.7045,76.4213,107.9165,127.3937,85.1872,67,false
phase3a-formal-20260925-v2-component-run-only,38,run-only,2026-09-24T19:36:44.1399458+00:00,138402.2491,measurement,request-count-1650,1650,1650,1650,0,0,5,1655,959893504,2020515840,39213600768,104,20,6409472,,0,0,0,0,0,0,6381552,959868928,,39213600768,,2020270080,,874479616,,75083776,,10305536,,102.3336,84.5589,83.4224,122.4863,129.5793,102.3336,67,false
phase3a-formal-20260925-v2-component-run-only,39,run-only,2026-09-24T19:36:48.2091078+00:00,142471.4109,measurement,request-count-1700,1700,1700,1700,0,0,5,1705,960016384,2020646912,39213600768,104,20,6537224,,0,0,0,0,0,0,6508896,959991808,,39213600768,,2020335616,,874602496,,75083776,,10305536,,89.8247,80.8617,77.6575,103.275,109.869,89.8247,67,false
phase3a-formal-20260925-v2-component-run-only,40,run-only,2026-09-24T19:36:52.4560331+00:00,146718.3363,measurement,request-count-1750,1750,1750,1750,0,0,5,1755,960139264,2020777984,39213604864,104,20,6660072,,0,0,0,0,0,0,6631336,960118784,,39213604864,,2020466688,,874725376,,75083776,,10309632,,96.9423,83.2606,79.9823,114.9465,121.4898,96.9423,67,false
phase3a-formal-20260925-v2-component-run-only,41,run-only,2026-09-24T19:36:56.1525415+00:00,150414.8448,measurement,request-count-1800,1800,1800,1800,0,0,5,1805,960262144,2020843520,39213604864,104,20,6782920,,0,0,0,0,0,0,6753776,960241664,,39213604864,,2020597760,,874848256,,75083776,,10309632,,57.476,73.6363,71.5887,88.2125,103.7857,57.476,67,false
phase3a-formal-20260925-v2-component-run-only,42,run-only,2026-09-24T19:36:59.9371493+00:00,154199.4526,measurement,request-count-1850,1850,1850,1850,0,0,5,1855,960389120,2020974592,39213604864,104,20,6905768,,0,0,0,0,0,0,6876216,960364544,,39213604864,,2020728832,,874971136,,75083776,,10309632,,80.923,75.3352,72.3844,102.3123,118.1921,80.923,67,false
phase3a-formal-20260925-v2-component-run-only,43,run-only,2026-09-24T19:37:04.1308305+00:00,158393.1337,measurement,request-count-1900,1900,1900,1900,0,0,5,1905,960512000,2021105664,39213604864,104,20,7028616,,0,0,0,0,0,0,6998656,960487424,,39213604864,,2020859904,,875094016,,75083776,,10309632,,92.7042,82.3272,82.1072,97.6798,108.4199,92.7042,67,false
phase3a-formal-20260925-v2-component-run-only,44,run-only,2026-09-24T19:37:08.3570991+00:00,162619.4024,measurement,request-count-1950,1950,1950,1950,0,0,5,1955,960638976,2021236736,39213604864,104,20,7151464,,0,0,0,0,0,0,7121096,960614400,,39213604864,,2020990976,,875216896,,75083776,,10313728,,89.8201,82.9238,82.6044,107.6628,148.4972,89.8201,67,false
phase3a-formal-20260925-v2-component-run-only,45,run-only,2026-09-24T19:37:12.6933458+00:00,166955.6489,measurement,request-count-2000,2000,2000,2000,0,0,5,2005,960761856,2021367808,39213604864,104,20,7274312,,0,0,0,0,0,0,7243536,960737280,,39213604864,,2021122048,,875339776,,75083776,,10313728,,88.3891,86.3044,84.0166,117.4158,122.6634,88.3891,67,false
phase3a-formal-20260925-v2-component-run-only,46,run-only,2026-09-24T19:37:17.0697394+00:00,171332.0426,measurement,request-count-2050,2050,2050,2050,0,0,5,2055,960884736,2021498880,39213604864,104,20,7391240,,0,0,0,0,0,0,7360080,960860160,,39213604864,,2021253120,,875462656,,75083776,,10313728,,64.3212,87.1476,82.054,127.9281,134.7031,64.3212,67,false
phase3a-formal-20260925-v2-component-run-only,47,run-only,2026-09-24T19:37:20.9931156+00:00,175255.4187,measurement,request-count-2100,2100,2100,2100,0,0,5,2105,961007616,2021629952,39213604864,104,20,7520264,,0,0,0,0,0,0,7488696,960983040,,39213604864,,2021318656,,875585536,,75083776,,10313728,,75.9622,78.1564,75.1574,108.8506,124.0559,75.9622,67,false
phase3a-formal-20260925-v2-component-run-only,48,run-only,2026-09-24T19:37:25.2261799+00:00,179488.4832,measurement,request-count-2150,2150,2150,2150,0,0,5,2155,961126400,2021761024,39213604864,104,20,7643112,,0,0,0,0,0,0,7611136,961105920,,39213604864,,2021449728,,875708416,,75083776,,10313728,,97.4639,84.0072,79.8047,113.2735,137.2989,97.4639,67,false
phase3a-formal-20260925-v2-component-run-only,49,run-only,2026-09-24T19:37:29.2496619+00:00,183511.9651,measurement,request-count-2200,2200,2200,2200,0,0,5,2205,961249280,2021847040,39213629440,104,21,7765960,,0,0,0,0,0,0,7733576,961228800,,39213604864,,2021580800,,875831296,,75083776,,10313728,,64.2718,79.5126,75.4711,104.3478,108.3976,64.2718,67,false
phase3a-formal-20260925-v2-component-run-only,50,run-only,2026-09-24T19:37:33.6608455+00:00,187923.1487,measurement,request-count-2250,2250,2250,2250,0,0,5,2255,961376256,2021978112,39213629440,106,21,7888808,,0,0,0,0,0,0,7856016,961351680,,39213604864,,2021711872,,875954176,,75083776,,10313728,,77.7553,87.787,88.3279,103.401,106.0768,77.7553,67,false
phase3a-formal-20260925-v2-component-run-only,51,run-only,2026-09-24T19:37:37.8272717+00:00,192089.5749,measurement,request-count-2300,2300,2300,2300,0,0,5,2305,961499136,2022109184,39213629440,104,21,8011656,,0,0,0,0,0,0,7978456,961474560,,39213604864,,2021842944,,876077056,,75083776,,10313728,,95.6213,82.8783,79.3617,112.8557,135.7338,95.6213,67,false
phase3a-formal-20260925-v2-component-run-only,52,run-only,2026-09-24T19:37:41.9254767+00:00,196187.7799,measurement,request-count-2350,2350,2350,2350,0,0,5,2355,961622016,2022219776,39213604864,104,20,8134504,,0,0,0,0,0,0,8100920,961605632,,39213604864,,2021974016,,876208128,,75083776,,10313728,,109.9549,81.5146,80.4476,105.7323,112.4209,109.9549,67,false
phase3a-formal-20260925-v2-component-run-only,53,run-only,2026-09-24T19:37:46.2576101+00:00,200519.9132,measurement,request-count-2400,2400,2400,2400,0,0,5,2405,961744896,2022371328,39213629440,106,21,8257352,,0,0,0,0,0,0,8223384,961728512,,39213629440,,2022125568,,876331008,,75083776,,10313728,,83.5912,86.2196,84.512,120.7249,135.0602,83.5912,67,false
phase3a-formal-20260925-v2-component-run-only,54,run-only,2026-09-24T19:37:50.5764453+00:00,204838.7485,measurement,request-count-2450,2450,2450,2450,0,0,5,2455,961867776,2022502400,39213629440,104,21,8380200,,0,0,0,0,0,0,8345848,961847296,,39213629440,,2022256640,,876449792,,75083776,,10313728,,85.7953,85.5071,84.0217,107.5685,141.4079,85.7953,67,false
phase3a-formal-20260925-v2-component-run-only,55,run-only,2026-09-24T19:37:55.0750851+00:00,209337.3883,measurement,request-count-2500,2500,2500,2500,0,0,5,2505,962007040,2022629376,39213629440,104,21,8503304,,0,0,0,0,0,0,8468592,961978368,,39213629440,,2022322176,,876576768,,75083776,,10317824,,91.5866,88.271,83.5782,121.7886,147.038,91.5867,67,false
phase3a-formal-20260925-v2-component-run-only,56,run-only,2026-09-24T19:37:59.0349940+00:00,213297.2972,measurement,request-count-2550,2550,2550,2550,0,0,5,2555,962826240,2023288832,39213625344,102,21,808384,,2496672,1820240,1,1,0,0,8596272,962826240,,39213625344,,2023043072,,877322240,,75149312,,10354688,,94.2332,78.7418,76.2645,108.5197,120.6127,94.2332,67,false
phase3a-formal-20260925-v2-component-run-only,57,run-only,2026-09-24T19:38:03.7099120+00:00,217972.2152,measurement,request-count-2600,2600,2600,2600,0,0,5,2605,962826240,2023268352,39213600768,104,20,923584,,2496672,1820240,1,1,0,0,8711112,962826240,,39213600768,,2023022592,,877322240,,75149312,,10354688,,77.9028,92.8967,88.4745,130.5804,142.5211,77.9028,67,false
phase3a-formal-20260925-v2-component-run-only,58,run-only,2026-09-24T19:38:07.8744346+00:00,222136.7378,measurement,request-count-2650,2650,2650,2650,0,0,5,2655,962842624,2023268352,39213604864,102,20,1046944,,2496672,1820240,1,1,0,0,8834112,962842624,,39213604864,,2023022592,,877322240,,75149312,,10371072,,68.458,82.9454,78.1542,117.1726,127.2678,68.458,67,false
phase3a-formal-20260925-v2-component-run-only,59,run-only,2026-09-24T19:38:11.9197925+00:00,226182.0958,measurement,request-count-2700,2700,2700,2700,0,0,5,2705,962846720,2023268352,39213604864,102,20,1170304,,2496672,1820240,1,1,0,0,8957112,962846720,,39213604864,,2023022592,,877322240,,75149312,,10375168,,89.4277,80.5931,80.5282,103.7228,117.2008,89.4277,67,false
phase3a-formal-20260925-v2-component-run-only,60,run-only,2026-09-24T19:38:16.0597702+00:00,230322.0749,measurement,request-count-2750,2750,2750,2750,0,0,5,2755,962846720,2023288832,39213629440,102,21,1293664,,2496672,1820240,1,1,0,0,9080112,962846720,,39213629440,,2023043072,,877322240,,75149312,,10375168,,59.4239,82.447,79.3586,118.0254,132.6127,59.4239,67,false
phase3a-formal-20260925-v2-component-run-only,61,run-only,2026-09-24T19:38:20.1052494+00:00,234367.5525,measurement,request-count-2800,2800,2800,2800,0,0,5,2805,962928640,2023288832,39213633536,102,21,1417024,,2496672,1820240,1,1,0,0,9203112,962928640,,39213633536,,2023043072,,877346816,,75149312,,10432512,,85.8151,80.5165,77.1862,110.4795,117.4643,85.8151,67,false
phase3a-formal-20260925-v2-component-run-only,62,run-only,2026-09-24T19:38:24.3787234+00:00,238641.0265,measurement,request-count-2850,2850,2850,2850,0,0,5,2855,962928640,2023268352,39213608960,102,20,1540384,,2496672,1820240,1,1,0,0,9326112,962928640,,39213608960,,2023022592,,877346816,,75149312,,10432512,,84.8734,84.8012,83.2143,120.9073,134.8584,84.8734,67,false
phase3a-formal-20260925-v2-component-run-only,63,run-only,2026-09-24T19:38:28.4830234+00:00,242745.3265,measurement,request-count-2900,2900,2900,2900,0,0,5,2905,962928640,2023268352,39213608960,102,20,1663744,,2496672,1820240,1,1,0,0,9449112,962928640,,39213608960,,2023022592,,877346816,,75149312,,10432512,,71.2747,81.5701,80.8014,110.3454,111.772,71.2747,67,false
phase3a-formal-20260925-v2-component-run-only,64,run-only,2026-09-24T19:38:32.4580905+00:00,246720.3936,measurement,request-count-2950,2950,2950,2950,0,0,5,2955,962932736,2023288832,39213633536,102,21,1789200,,2496672,1820240,1,1,0,0,9574184,962932736,,39213633536,,2023043072,,877346816,,75149312,,10436608,,69.6082,79.0925,78.9418,108.3057,116.3156,69.6082,67,false
phase3a-formal-20260925-v2-component-run-only,65,run-only,2026-09-24T19:38:36.3184989+00:00,250580.802,measurement,request-count-3000,3000,3000,3000,0,0,5,3005,962994176,2023288832,39213633536,102,21,1914656,,2496672,1820240,1,1,0,0,9699256,962994176,,39213633536,,2023043072,,877367296,,75149312,,10477568,,63.8748,76.7342,72.5071,106.5542,121.8929,63.8748,67,false
phase3a-formal-20260925-v2-component-run-only,66,run-only,2026-09-24T19:38:40.4561453+00:00,254718.4484,measurement,request-count-3050,3050,3050,3050,0,0,5,3055,962981888,2023268352,39213604864,102,20,2033936,,2496672,1820240,1,1,0,0,9818176,962981888,,39213604864,,2023022592,,877355008,,75149312,,10477568,,64.1898,81.2001,76.9329,113.0467,134.6829,64.1898,67,false
phase3a-formal-20260925-v2-component-run-only,67,run-only,2026-09-24T19:38:44.3616895+00:00,258623.9926,measurement,request-count-3100,3100,3100,3100,0,0,5,3105,962981888,2023268352,39213604864,102,20,2157296,,2496672,1820240,1,1,0,0,9941176,962981888,,39213604864,,2023022592,,877355008,,75149312,,10477568,,100.5019,77.8256,75.4013,104.2864,112.5436,100.5019,67,false
phase3a-formal-20260925-v2-component-run-only,68,run-only,2026-09-24T19:38:48.3807508+00:00,262643.054,measurement,request-count-3150,3150,3150,3150,0,0,5,3155,962981888,2023268352,39213604864,102,20,2282752,,2496672,1820240,1,1,0,0,10066248,962981888,,39213604864,,2023022592,,877355008,,75149312,,10477568,,101.8968,79.9145,75.8077,109.4047,117.5484,101.8968,67,false
phase3a-formal-20260925-v2-component-run-only,69,run-only,2026-09-24T19:38:52.4488618+00:00,266711.1649,measurement,request-count-3200,3200,3200,3200,0,0,5,3205,962981888,2023268352,39213604864,102,20,2402032,,2496672,1820240,1,1,0,0,10185168,962981888,,39213604864,,2023022592,,877355008,,75149312,,10477568,,73.4103,79.897,75.1468,111.305,117.3116,73.4103,67,false
phase3a-formal-20260925-v2-component-run-only,70,run-only,2026-09-24T19:38:56.3592513+00:00,270621.5544,measurement,request-count-3250,3250,3250,3250,0,0,5,3255,962981888,2023268352,39213604864,102,20,2524552,,2496672,1820240,1,1,0,0,10307328,962981888,,39213604864,,2023022592,,877355008,,75149312,,10477568,,90.6036,76.6144,73.9769,113.2281,118.9443,90.6036,67,false
phase3a-formal-20260925-v2-component-run-only,71,run-only,2026-09-24T19:39:00.4847267+00:00,274747.0298,measurement,request-count-3300,3300,3300,3300,0,0,5,3305,963960832,2024251392,39213604864,102,20,2647912,,2496672,1820240,1,1,0,0,10430328,963960832,,39213604864,,2024005632,,878333952,,75149312,,10477568,,62.8015,82.1901,81.2414,102.7075,123.2205,62.8015,67,false
phase3a-formal-20260925-v2-component-run-only,72,run-only,2026-09-24T19:39:04.8213730+00:00,279083.6761,measurement,request-count-3350,3350,3350,3350,0,0,5,3355,963960832,2024251392,39213604864,102,20,2772656,,2496672,1820240,1,1,0,0,10554688,963960832,,39213604864,,2024005632,,878333952,,75149312,,10477568,,125.958,86.4619,85.9067,114.6785,123.9073,125.958,67,false
phase3a-formal-20260925-v2-component-run-only,73,run-only,2026-09-24T19:39:08.7609898+00:00,283023.293,measurement,request-count-3400,3400,3400,3400,0,0,5,3405,963960832,2024251392,39213604864,102,20,2891472,,2496672,1820240,1,1,0,0,10673144,963960832,,39213604864,,2024005632,,878333952,,75149312,,10477568,,106.5432,78.4889,75.0089,107.6248,113.4661,106.5432,67,false
phase3a-formal-20260925-v2-component-run-only,74,run-only,2026-09-24T19:39:12.5738573+00:00,286836.1603,measurement,request-count-3450,3450,3450,3450,0,0,5,3455,963960832,2024251392,39213604864,102,20,3014832,,2496672,1820240,1,1,0,0,10796144,963960832,,39213604864,,2024005632,,878333952,,75149312,,10477568,,76.153,75.8496,74.9482,95.2054,109.3711,76.153,67,false
phase3a-formal-20260925-v2-component-run-only,75,run-only,2026-09-24T19:39:16.6579202+00:00,290920.2233,measurement,request-count-3500,3500,3500,3500,0,0,5,3505,963960832,2024251392,39213604864,102,20,3138192,,2496672,1820240,1,1,0,0,10919144,963960832,,39213604864,,2024005632,,878333952,,75149312,,10477568,,101.7274,81.3386,80.9342,108.8725,114.8063,101.7274,67,false
phase3a-formal-20260925-v2-component-run-only,76,run-only,2026-09-24T19:39:20.4973914+00:00,294759.6945,measurement,request-count-3550,3550,3550,3550,0,0,5,3555,963960832,2024251392,39213604864,102,20,3263200,,2496672,1820240,1,1,0,0,11043768,963960832,,39213604864,,2024005632,,878333952,,75149312,,10477568,,70.3133,75.3319,73.0358,103.2172,106.0533,70.3133,67,false
phase3a-formal-20260925-v2-component-run-only,77,run-only,2026-09-24T19:39:24.3231605+00:00,298585.4636,measurement,request-count-3600,3600,3600,3600,0,0,5,3605,963960832,2024251392,39213604864,102,20,3382016,,2496672,1820240,1,1,0,0,11162224,963960832,,39213604864,,2024005632,,878333952,,75149312,,10477568,,74.0838,76.1933,76.0894,104.7673,113.2351,74.0838,67,false
phase3a-formal-20260925-v2-component-run-only,78,run-only,2026-09-24T19:39:28.4338473+00:00,302696.1504,measurement,request-count-3650,3650,3650,3650,0,0,5,3655,963960832,2024251392,39213604864,102,20,3505376,,2496672,1820240,1,1,0,0,11285224,963960832,,39213604864,,2024005632,,878333952,,75149312,,10477568,,84.1765,80.5105,77.8882,107.7441,118.489,84.1766,67,false
phase3a-formal-20260925-v2-component-run-only,79,run-only,2026-09-24T19:39:32.3909438+00:00,306653.2469,measurement,request-count-3700,3700,3700,3700,0,0,5,3705,963960832,2024251392,39213604864,102,20,3628736,,2496672,1820240,1,1,0,0,11408224,963960832,,39213604864,,2024005632,,878333952,,75149312,,10477568,,69.7673,77.6042,75.6777,100.0773,115.6044,69.7673,67,false
phase3a-formal-20260925-v2-component-run-only,80,run-only,2026-09-24T19:39:37.0243161+00:00,311286.6192,measurement,request-count-3750,3750,3750,3750,0,0,5,3755,963960832,2024251392,39213604864,102,20,3753728,,2496672,1820240,1,1,0,0,11532832,963960832,,39213604864,,2024005632,,878333952,,75149312,,10477568,,132.325,91.7496,85.8746,130.6802,204.0855,132.325,67,false
phase3a-formal-20260925-v2-component-run-only,81,run-only,2026-09-24T19:39:41.1655139+00:00,315427.817,measurement,request-count-3800,3800,3800,3800,0,0,5,3805,963960832,2024251392,39213604864,102,20,3872544,,2496672,1820240,1,1,0,0,11651288,963960832,,39213604864,,2024005632,,878333952,,75149312,,10477568,,65.8266,82.4781,83.0075,102.6521,111.836,65.8266,67,false
phase3a-formal-20260925-v2-component-run-only,82,run-only,2026-09-24T19:39:46.6676086+00:00,320929.9117,measurement,request-count-3850,3850,3850,3850,0,0,5,3855,963964928,2024251392,39213604864,102,20,3995904,,2496672,1820240,1,1,0,0,11774288,963964928,,39213604864,,2024005632,,878333952,,75149312,,10481664,,146.1797,109.6874,104.6677,146.2032,195.8255,146.1797,67,false
phase3a-formal-20260925-v2-component-run-only,83,run-only,2026-09-24T19:39:53.4729167+00:00,327735.2198,measurement,request-count-3900,3900,3900,3900,0,0,5,3905,963964928,2024251392,39213604864,102,20,4119264,,2496672,1820240,1,1,0,0,11897288,963964928,,39213604864,,2024005632,,878333952,,75149312,,10481664,,108.6738,135.6352,129.6496,202.7175,220.9062,108.6738,67,false
phase3a-formal-20260925-v2-component-run-only,84,run-only,2026-09-24T19:39:59.4986522+00:00,333760.9554,measurement,request-count-3950,3950,3950,3950,0,0,5,3955,963440640,2024251392,39213604864,102,20,4244408,,2496672,1820240,1,1,0,0,12022048,963440640,,39213604864,,2024005632,,878333952,,74625024,,10481664,,191.3037,120.0227,118.7836,172.3475,204.6656,191.3037,67,false
phase3a-formal-20260925-v2-component-run-only,85,run-only,2026-09-24T19:40:06.1863075+00:00,340448.6106,measurement,request-count-4000,4000,4000,4000,0,0,5,4005,963440640,2024251392,39213604864,102,20,4363240,,2496672,1820240,1,1,0,0,12140520,963440640,,39213604864,,2024005632,,878333952,,74625024,,10481664,,147.2875,133.1308,130.4897,167.8359,196.8718,147.2875,67,false
phase3a-formal-20260925-v2-component-run-only,86,run-only,2026-09-24T19:40:13.3939986+00:00,347656.3017,measurement,request-count-4050,4050,4050,4050,0,0,5,4055,963440640,2024251392,39213604864,102,20,4486600,,2496672,1820240,1,1,0,0,12263520,963440640,,39213604864,,2024005632,,878333952,,74625024,,10481664,,80.8376,143.4403,149.5562,184.2498,229.2939,80.8376,67,false
phase3a-formal-20260925-v2-component-run-only,87,run-only,2026-09-24T19:40:17.5199185+00:00,351782.2216,measurement,request-count-4100,4100,4100,4100,0,0,5,4105,963440640,2024251392,39213604864,102,20,4609960,,2496672,1820240,1,1,0,0,12386520,963440640,,39213604864,,2024005632,,878333952,,74625024,,10481664,,70.2078,82.1923,79.1227,108.7742,117.4581,70.2078,67,false
phase3a-formal-20260925-v2-component-run-only,88,run-only,2026-09-24T19:40:21.6831589+00:00,355945.4624,measurement,request-count-4150,4150,4150,4150,0,0,5,4155,963440640,2024251392,39213604864,102,20,4735120,,2496672,1820240,1,1,0,0,12511296,963440640,,39213604864,,2024005632,,878333952,,74625024,,10481664,,73.6802,81.6024,80.9156,104.2354,113.2147,73.6802,67,false
phase3a-formal-20260925-v2-component-run-only,89,run-only,2026-09-24T19:40:25.5389821+00:00,359801.2852,measurement,request-count-4200,4200,4200,4200,0,0,5,4205,963440640,2024251392,39213604864,102,20,4853944,,2496672,1820240,1,1,0,0,12629760,963440640,,39213604864,,2024005632,,878333952,,74625024,,10481664,,65.5592,76.7182,77.2153,98.0001,115.3191,65.5592,67,false
phase3a-formal-20260925-v2-component-run-only,90,run-only,2026-09-24T19:40:29.3591625+00:00,363621.4656,measurement,request-count-4250,4250,4250,4250,0,0,5,4255,963440640,2024251392,39213604864,102,20,4977976,,2496672,1820240,1,1,0,0,12753432,963440640,,39213604864,,2024005632,,878333952,,74625024,,10481664,,72.8607,75.9763,72.9214,105.8907,118.1421,72.8607,67,false
phase3a-formal-20260925-v2-component-run-only,91,run-only,2026-09-24T19:40:33.4607675+00:00,367723.0706,measurement,request-count-4300,4300,4300,4300,0,0,5,4305,963440640,2024251392,39213604864,102,20,5103008,,2496672,1820240,1,1,0,0,12878080,963440640,,39213604864,,2024005632,,878333952,,74625024,,10481664,,76.4501,81.5188,79.6878,101.3778,123.7645,76.4501,67,false
phase3a-formal-20260925-v2-component-run-only,92,run-only,2026-09-24T19:40:37.6602359+00:00,371922.539,measurement,request-count-4350,4350,4350,4350,0,0,5,4355,963440640,2024251392,39213604864,102,20,5221832,,2496672,1820240,1,1,0,0,12996544,963440640,,39213604864,,2024005632,,878333952,,74625024,,10481664,,67.603,83.4237,80.7648,105.3554,128.8001,67.603,67,false
phase3a-formal-20260925-v2-component-run-only,93,run-only,2026-09-24T19:40:41.6175999+00:00,375879.903,measurement,request-count-4400,4400,4400,4400,0,0,5,4405,963444736,2024271872,39213629440,102,21,5345192,,2496672,1820240,1,1,0,0,13119544,963444736,,39213629440,,2024026112,,878338048,,74625024,,10481664,,78.6,78.569,77.47,103.3918,124.0195,78.6,67,false
phase3a-formal-20260925-v2-component-run-only,94,run-only,2026-09-24T19:40:45.6636541+00:00,379925.9572,measurement,request-count-4450,4450,4450,4450,0,0,5,4455,963444736,2024251392,39213604864,102,20,5468552,,2496672,1820240,1,1,0,0,13242544,963444736,,39213604864,,2024005632,,878338048,,74625024,,10481664,,103.321,80.3618,78.5731,103.188,111.7947,103.321,67,false
phase3a-formal-20260925-v2-component-run-only,95,run-only,2026-09-24T19:40:50.0446648+00:00,384306.9679,measurement,request-count-4500,4500,4500,4500,0,0,5,4505,963444736,2024251392,39213604864,102,20,5591912,,2496672,1820240,1,1,0,0,13365544,963444736,,39213604864,,2024005632,,878338048,,74625024,,10481664,,89.1397,87.2736,80.825,122.2742,152.646,89.1397,67,false
phase3a-formal-20260925-v2-component-run-only,96,run-only,2026-09-24T19:40:54.2915902+00:00,388553.8933,measurement,request-count-4550,4550,4550,4550,0,0,5,4555,963444736,2024251392,39213604864,102,20,5717360,,2496672,1820240,1,1,0,0,13490608,963444736,,39213604864,,2024005632,,878338048,,74625024,,10481664,,78.162,83.3886,77.8558,121.5173,137.6907,78.162,67,false
phase3a-formal-20260925-v2-component-run-only,97,run-only,2026-09-24T19:40:58.8219210+00:00,393084.2241,measurement,request-count-4600,4600,4600,4600,0,0,5,4605,963444736,2024251392,39213604864,102,20,5836184,,2496672,1820240,1,1,0,0,13609072,963444736,,39213604864,,2024005632,,878338048,,74625024,,10481664,,142.9536,88.5425,87.5435,113.8857,132.2386,142.9536,67,false
phase3a-formal-20260925-v2-component-run-only,98,run-only,2026-09-24T19:41:02.8231142+00:00,397085.4172,measurement,request-count-4650,4650,4650,4650,0,0,5,4655,963444736,2024251392,39213604864,102,20,5959544,,2496672,1820240,1,1,0,0,13732072,963444736,,39213604864,,2024005632,,878338048,,74625024,,10481664,,78.4604,79.5233,76.2032,114.5778,133.8715,78.4604,67,false
phase3a-formal-20260925-v2-component-run-only,99,run-only,2026-09-24T19:41:07.0109448+00:00,401273.2479,measurement,request-count-4700,4700,4700,4700,0,0,5,4705,963444736,2024251392,39213604864,102,20,6082904,,2496672,1820240,1,1,0,0,13855072,963444736,,39213604864,,2024005632,,878338048,,74625024,,10481664,,75.759,83.4206,79.462,110.2086,130.8025,75.759,67,false
phase3a-formal-20260925-v2-component-run-only,100,run-only,2026-09-24T19:41:11.0979675+00:00,405360.2706,measurement,request-count-4750,4750,4750,4750,0,0,5,4755,963444736,2024251392,39213604864,102,20,6207888,,2496672,1820240,1,1,0,0,13979672,963444736,,39213604864,,2024005632,,878338048,,74625024,,10481664,,79.4958,81.282,78.9978,103.7501,152.8865,79.4958,67,false
phase3a-formal-20260925-v2-component-run-only,101,run-only,2026-09-24T19:41:15.2681346+00:00,409530.4377,measurement,request-count-4800,4800,4800,4800,0,0,5,4805,963444736,2024251392,39213604864,102,20,6326712,,2496672,1820240,1,1,0,0,14098136,963444736,,39213604864,,2024005632,,878338048,,74625024,,10481664,,62.884,83.0091,81.0251,113.797,130.5379,62.884,67,false
phase3a-formal-20260925-v2-component-run-only,102,run-only,2026-09-24T19:41:19.3099932+00:00,413572.2962,measurement,request-count-4850,4850,4850,4850,0,0,5,4855,963444736,2024251392,39213604864,102,20,6450072,,2496672,1820240,1,1,0,0,14221136,963444736,,39213604864,,2024005632,,878338048,,74625024,,10481664,,63.3914,80.4568,76.6837,110.2887,117.0218,63.3914,67,false
phase3a-formal-20260925-v2-component-run-only,103,run-only,2026-09-24T19:41:23.6578942+00:00,417920.1973,measurement,request-count-4900,4900,4900,4900,0,0,5,4905,963444736,2024251392,39213604864,102,20,6573432,,2496672,1820240,1,1,0,0,14344136,963444736,,39213604864,,2024005632,,878338048,,74625024,,10481664,,130.7244,86.6316,82.3293,121.8604,126.9609,130.7244,67,false
phase3a-formal-20260925-v2-component-run-only,104,run-only,2026-09-24T19:41:28.1359954+00:00,422398.2985,measurement,request-count-4950,4950,4950,4950,0,0,5,4955,963444736,2024251392,39213604864,102,20,6698472,,2496672,1820240,1,1,0,0,14468792,963444736,,39213604864,,2024005632,,878338048,,74625024,,10481664,,97.8717,89.2208,84.5184,120.334,125.1148,97.8717,67,false
phase3a-formal-20260925-v2-component-run-only,105,run-only,2026-09-24T19:41:32.2562913+00:00,426518.5944,measurement,request-count-5000,5000,5000,5000,0,0,5,5005,963444736,2024251392,39213604864,102,20,6817296,,2496672,1820240,1,1,0,0,14587256,963444736,,39213604864,,2024005632,,878338048,,74625024,,10481664,,52.5539,81.7371,80.146,109.9179,117.0167,52.5539,67,false
phase3a-formal-20260925-v2-component-run-only,106,run-only,2026-09-24T19:41:32.2668467+00:00,426529.15,idle,idle-0-seconds,5000,5000,5000,0,0,5,5005,963461120,2024271872,39213625344,102,21,6939768,,2496672,1820240,1,1,0,0,14709440,963461120,,39213625344,,2024026112,,878342144,,74625024,,10493952,,,,,,,,,
phase3a-formal-20260925-v2-component-run-only,107,run-only,2026-09-24T19:41:32.4032578+00:00,426665.5611,lifecycle,post-dispose,5000,5000,5000,0,0,5,5005,469340160,614117376,37803442176,102,12,6992752,,2496672,1820240,1,1,0,0,14762256,469340160,,37803442176,,613871616,,388702208,,70119424,,10518528,,,,,,,,,
phase3a-formal-20260925-v2-component-full-pipeline,0,full-pipeline,2026-09-24T19:41:33.5466495+00:00,0.4103,lifecycle,t0-before-model-load,0,0,0,0,0,0,0,60882944,184180736,36349263872,86,11,1301344,,0,0,0,0,0,0,1297336,60850176,,36349272064,,184041472,,9494528,,45539328,,5816320,,,,,,,,,
phase3a-formal-20260925-v2-component-full-pipeline,1,full-pipeline,2026-09-24T19:41:36.2949823+00:00,2748.7415,setup,t1-after-model-load,0,0,0,0,0,0,0,939102208,1992441856,38793678848,102,21,1876080,,0,0,0,0,0,0,1870344,939085824,,38793678848,,1992228864,,862904320,,67637248,,8544256,,,,,,,,,
phase3a-formal-20260925-v2-component-full-pipeline,2,full-pipeline,2026-09-24T19:41:36.5258392+00:00,2979.5981,first-operation,t2-after-first-operation,0,0,0,0,0,1,1,946245632,1992577024,38793674752,102,21,1974512,,0,0,0,0,0,0,1968464,946233344,,38793674752,,1992298496,,863678464,,73547776,,9007104,,,,,,,184.0962,67,false
phase3a-formal-20260925-v2-component-full-pipeline,3,full-pipeline,2026-09-24T19:41:37.0532300+00:00,3506.9887,warmup,warmup-complete,0,0,0,0,0,5,5,947605504,1993220096,38793691136,104,21,2146448,,0,0,0,0,0,0,2139896,947576832,,38793691136,,1993007104,,864350208,,73699328,,9527296,,,,,,,,,
phase3a-formal-20260925-v2-component-full-pipeline,4,full-pipeline,2026-09-24T19:41:37.0598783+00:00,3513.6371,measurement,request-count-0,0,0,0,0,0,5,5,947671040,1993285632,38793687040,104,21,2211984,,0,0,0,0,0,0,2205216,947646464,,38793687040,,1993072640,,864415744,,73699328,,9531392,,,,,,,,,
phase3a-formal-20260925-v2-component-full-pipeline,5,full-pipeline,2026-09-24T19:41:38.0569303+00:00,4510.689,measurement,request-count-10,10,10,10,0,0,5,15,952729600,1997828096,38793687040,104,21,2564336,,0,0,0,0,0,0,2556584,952717312,,38793687040,,1997549568,,868925440,,73764864,,10027008,,86.5821,98.0136,97.3198,113.1496,115.828,86.0807,67,false
phase3a-formal-20260925-v2-component-full-pipeline,6,full-pipeline,2026-09-24T19:41:41.5273362+00:00,7981.0951,measurement,request-count-50,50,50,50,0,0,5,55,954318848,1998876672,38793682944,104,21,3612912,,0,0,0,0,0,0,3602088,954306560,,38793682944,,1998598144,,869978112,,73830400,,10498048,,84.3555,86.2526,81.8856,129.555,154.1639,83.9026,67,false
phase3a-formal-20260925-v2-component-full-pipeline,7,full-pipeline,2026-09-24T19:41:46.0352822+00:00,12489.0413,measurement,request-count-100,100,100,100,0,0,5,105,958230528,2052395008,39112720384,107,22,4907080,,0,0,0,0,0,0,4892440,958205952,,39112720384,,2052182016,,872869888,,74682368,,10653696,,83.8425,89.523,84.7077,126.0624,137.8906,83.4538,67,false
phase3a-formal-20260925-v2-component-full-pipeline,8,full-pipeline,2026-09-24T19:41:50.7052192+00:00,17158.9786,measurement,request-count-150,150,150,150,0,0,5,155,959475712,2020151296,39079157760,106,21,6193128,,0,0,0,0,0,0,6166576,959459328,,39079157760,,2019938304,,874110976,,74682368,,10665984,,133.4675,92.5717,87.5433,136.2435,152.0742,133.0865,67,false
phase3a-formal-20260925-v2-component-full-pipeline,9,full-pipeline,2026-09-24T19:41:54.6805407+00:00,21134.2999,measurement,request-count-200,200,200,200,0,0,5,205,960811008,2021462016,39079161856,104,21,7487656,,0,0,0,0,0,0,7457288,960786432,,39079161856,,2021183488,,875409408,,74682368,,10694656,,70.8737,78.9324,77.2999,98.4716,108.8388,70.5899,67,false
phase3a-formal-20260925-v2-component-full-pipeline,10,full-pipeline,2026-09-24T19:41:58.6204826+00:00,25074.2417,measurement,request-count-250,250,250,250,0,0,5,255,962637824,2039812096,39095930880,102,21,991616,,628592,7464,1,1,0,0,8730440,962637824,,39095930880,,2039599104,,877154304,,74747904,,10735616,,88.4123,78.4755,75.5475,104.2301,122.2409,88.0537,67,false
phase3a-formal-20260925-v2-component-full-pipeline,11,full-pipeline,2026-09-24T19:42:02.7023940+00:00,29156.1533,measurement,request-count-300,300,300,300,0,0,5,305,962633728,2023034880,39079157760,102,21,2283656,,628592,7464,1,1,0,0,10018688,962633728,,39079157760,,2022821888,,877129728,,74747904,,10756096,,80.3953,81.2305,80.8864,108.068,112.292,80.0339,67,false
phase3a-formal-20260925-v2-component-full-pipeline,12,full-pipeline,2026-09-24T19:42:06.9449852+00:00,33398.7443,measurement,request-count-350,350,350,350,0,0,5,355,962699264,2056597504,39112720384,105,22,3577040,,628592,7464,1,1,0,0,11308280,962699264,,39112720384,,2056384512,,877187072,,74747904,,10764288,,84.0727,84.3817,83.0211,98.473,122.895,83.779,67,false
phase3a-formal-20260925-v2-component-full-pipeline,13,full-pipeline,2026-09-24T19:42:11.0560527+00:00,37509.8119,measurement,request-count-400,400,400,400,0,0,5,405,962666496,2023043072,39079157760,102,21,4864528,,628592,7464,1,1,0,0,12591976,962666496,,39079157760,,2022830080,,877146112,,74747904,,10772480,,75.3663,81.7998,80.1453,108.2629,119.8138,75.0773,67,false
phase3a-formal-20260925-v2-component-full-pipeline,14,full-pipeline,2026-09-24T19:42:15.4089734+00:00,41862.7325,measurement,request-count-450,450,450,450,0,0,5,455,962670592,2023043072,39079157760,104,21,6157248,,628592,7464,1,1,0,0,13880904,962670592,,39079133184,,2022809600,,877146112,,74747904,,10776576,,100.7626,86.69,82.2993,115.6337,123.0901,100.4032,67,false
phase3a-formal-20260925-v2-component-full-pipeline,15,full-pipeline,2026-09-24T19:42:19.9322936+00:00,46386.0528,measurement,request-count-500,500,500,500,0,0,5,505,962990080,2023325696,39079161856,104,21,7442776,,628592,7464,1,1,0,0,15162640,962990080,,39079161856,,2023112704,,877445120,,74747904,,10797056,,70.3488,89.9064,86.453,121.7821,131.5741,69.9966,67,false
phase3a-formal-20260925-v2-component-full-pipeline,16,full-pipeline,2026-09-24T19:42:24.1271805+00:00,50580.9397,measurement,request-count-550,550,550,550,0,0,5,555,963002368,2023325696,39079153664,104,21,8736336,,628592,7464,1,1,0,0,16452408,963002368,,39079153664,,2023112704,,877449216,,74747904,,10805248,,76.1645,83.445,79.0509,109.4837,114.5137,75.8093,67,false
phase3a-formal-20260925-v2-component-full-pipeline,17,full-pipeline,2026-09-24T19:42:28.0790035+00:00,54532.7625,measurement,request-count-600,600,600,600,0,0,5,605,963608576,2023915520,39079157760,102,21,1638952,,618936,600,2,2,1,0,17741048,963608576,,39079157760,,2023702528,,878047232,,74747904,,10813440,,68.979,78.5978,73.8696,110.7355,120.1642,68.7316,67,false
phase3a-formal-20260925-v2-component-full-pipeline,18,full-pipeline,2026-09-24T19:42:32.4190874+00:00,58872.8465,measurement,request-count-650,650,650,650,0,0,5,655,963612672,2023915520,39079157760,102,21,2932408,,618936,600,2,2,1,0,19030712,963612672,,39079157760,,2023702528,,878047232,,74747904,,10817536,,80.4383,86.1158,84.8889,117.9598,127.3962,80.1482,67,false
phase3a-formal-20260925-v2-component-full-pipeline,19,full-pipeline,2026-09-24T19:42:36.4303349+00:00,62884.0944,measurement,request-count-700,700,700,700,0,0,5,705,963612672,2023915520,39079157760,102,21,4217768,,618936,600,2,2,1,0,20312280,963612672,,39079157760,,2023702528,,878047232,,74747904,,10817536,,74.8908,79.6042,76.024,112.8767,126.3039,74.6057,67,false
phase3a-formal-20260925-v2-component-full-pipeline,20,full-pipeline,2026-09-24T19:42:40.6933372+00:00,67147.0965,measurement,request-count-750,750,750,750,0,0,5,755,963629056,2023915520,39079161856,104,21,5511360,,618936,600,2,2,1,0,21602104,963629056,,39079161856,,2023702528,,878047232,,74747904,,10833920,,74.5249,84.6265,79.2912,116.2009,148.1216,74.2484,67,false
phase3a-formal-20260925-v2-component-full-pipeline,21,full-pipeline,2026-09-24T19:42:45.0687125+00:00,71522.4715,measurement,request-count-800,800,800,800,0,0,5,805,963661824,2023895040,39079137280,104,21,6796704,,618936,600,2,2,1,0,22883656,963661824,,39079137280,,2023682048,,878047232,,74747904,,10866688,,81.2593,86.8606,85.6482,112.3375,118.3278,80.9664,67,false
phase3a-formal-20260925-v2-component-full-pipeline,22,full-pipeline,2026-09-24T19:42:49.7342633+00:00,76188.0226,measurement,request-count-850,850,850,850,0,0,5,855,963661824,2023915520,39079161856,102,21,8090320,,618936,600,2,2,1,0,24173480,963661824,,39079137280,,2023682048,,878047232,,74747904,,10866688,,57.3933,92.5319,91.9265,131.223,139.9097,57.0754,67,false
phase3a-formal-20260925-v2-component-full-pipeline,23,full-pipeline,2026-09-24T19:42:54.0723715+00:00,80526.1307,measurement,request-count-900,900,900,900,0,0,5,905,963661824,2023915520,39079161856,102,21,996224,,623448,720,3,3,1,0,25453040,963661824,,39079161856,,2023702528,,878047232,,74747904,,10866688,,82.4943,86.3069,84.3351,109.9183,125.8113,81.9816,67,false
phase3a-formal-20260925-v2-component-full-pipeline,24,full-pipeline,2026-09-24T19:42:58.2241084+00:00,84677.8674,measurement,request-count-950,950,950,950,0,0,5,955,963665920,2023915520,39079161856,102,21,2281584,,623448,720,3,3,1,0,26734608,963665920,,39079161856,,2023702528,,878051328,,74747904,,10866688,,76.1596,81.4741,76.5118,117.3706,145.1722,75.91,67,false
phase3a-formal-20260925-v2-component-full-pipeline,25,full-pipeline,2026-09-24T19:43:02.1559435+00:00,88609.7028,measurement,request-count-1000,1000,1000,1000,0,0,5,1005,963674112,2023915520,39079161856,102,21,3575016,,623448,720,3,3,1,0,28024248,963674112,,39079161856,,2023702528,,878051328,,74747904,,10874880,,87.7901,76.8884,75.4806,106.7077,116.9851,87.4586,67,false
phase3a-formal-20260925-v2-component-full-pipeline,26,full-pipeline,2026-09-24T19:43:06.4049346+00:00,92858.6936,measurement,request-count-1050,1050,1050,1050,0,0,5,1055,963674112,2023895040,39079137280,102,20,4857816,,623448,720,3,3,1,0,29303280,963674112,,39079137280,,2023682048,,878051328,,74747904,,10874880,,85.0616,84.4221,84.1043,117.1124,122.2489,84.4508,67,false
phase3a-formal-20260925-v2-component-full-pipeline,27,full-pipeline,2026-09-24T19:43:10.2464938+00:00,96700.2528,measurement,request-count-1100,1100,1100,1100,0,0,5,1105,963678208,2023915520,39079161856,102,21,6153104,,623448,720,3,3,1,0,30594776,963678208,,39079161856,,2023702528,,878051328,,74747904,,10878976,,124.2967,75.2794,71.9789,113.2428,129.6095,123.979,67,false
phase3a-formal-20260925-v2-component-full-pipeline,28,full-pipeline,2026-09-24T19:43:14.1218241+00:00,100575.5844,measurement,request-count-1150,1150,1150,1150,0,0,5,1155,963678208,2023915520,39079161856,102,21,7438728,,623448,720,3,3,1,0,31876608,963678208,,39079161856,,2023702528,,878051328,,74747904,,10878976,,73.1361,77.1075,72.3767,101.3103,120.3477,72.8804,67,false
phase3a-formal-20260925-v2-component-full-pipeline,29,full-pipeline,2026-09-24T19:43:18.3029317+00:00,104756.6908,measurement,request-count-1200,1200,1200,1200,0,0,5,1205,963682304,2023895040,39079137280,102,20,8724248,,623448,720,3,3,1,0,33158360,963682304,,39079137280,,2023682048,,878051328,,74747904,,10883072,,78.9679,83.2103,77.2431,119.6656,128.895,78.7149,67,false
phase3a-formal-20260925-v2-component-full-pipeline,30,full-pipeline,2026-09-24T19:43:22.4023282+00:00,108856.0887,measurement,request-count-1250,1250,1250,1250,0,0,5,1255,963694592,2023915520,39079161856,102,21,1629400,,626664,856,4,4,1,0,34445464,963694592,,39079161856,,2023702528,,878051328,,74747904,,10895360,,71.421,80.421,78.1566,110.8077,125.5535,71.1208,67,false
phase3a-formal-20260925-v2-component-full-pipeline,31,full-pipeline,2026-09-24T19:43:26.4866183+00:00,112940.3769,measurement,request-count-1300,1300,1300,1300,0,0,5,1305,963792896,2023895040,39079137280,102,21,2921264,,626664,856,4,4,1,0,35733536,963792896,,39079137280,,2023682048,,878051328,,74747904,,10993664,,57.0315,79.9411,75.5448,111.9694,129.0002,56.7456,67,false
phase3a-formal-20260925-v2-component-full-pipeline,32,full-pipeline,2026-09-24T19:43:30.5492663+00:00,117003.0249,measurement,request-count-1350,1350,1350,1350,0,0,5,1355,963792896,2023915520,39079157760,102,21,4215008,,626664,856,4,4,1,0,37023488,963792896,,39079157760,,2023702528,,878051328,,74747904,,10993664,,83.6392,80.6843,78.8346,103.2287,106.5665,83.349,67,false
phase3a-formal-20260925-v2-component-full-pipeline,33,full-pipeline,2026-09-24T19:43:34.5633802+00:00,121017.1387,measurement,request-count-1400,1400,1400,1400,0,0,5,1405,964435968,2024570880,39079157760,102,21,5503776,,626664,856,4,4,1,0,38308256,964411392,,39079157760,,2024357888,,878669824,,74747904,,10993664,,95.0685,78.6967,75.7438,108.5583,116.5676,94.792,67,false
phase3a-formal-20260925-v2-component-full-pipeline,34,full-pipeline,2026-09-24T19:43:38.5699962+00:00,125023.7546,measurement,request-count-1450,1450,1450,1450,0,0,5,1455,965734400,2025881600,39079157760,102,21,6789824,,626664,856,4,4,1,0,39590488,965713920,,39079157760,,2025668608,,879964160,,74747904,,11001856,,79.0619,79.7518,76.9959,103.9142,120.713,78.798,67,false
phase3a-formal-20260925-v2-component-full-pipeline,35,full-pipeline,2026-09-24T19:43:42.7544121+00:00,129208.1707,measurement,request-count-1500,1500,1500,1500,0,0,5,1505,967094272,2027192320,39079157760,102,21,8084352,,626664,856,4,4,1,0,40881224,967073792,,39079157760,,2026913792,,881250304,,74747904,,11075584,,69.1092,81.8007,79.895,109.8931,115.614,68.8306,67,false
phase3a-formal-20260925-v2-component-full-pipeline,36,full-pipeline,2026-09-24T19:43:47.1466991+00:00,133600.4578,measurement,request-count-1550,1550,1550,1550,0,0,5,1555,968101888,2028105728,39079153664,102,21,984376,,629232,864,5,5,1,0,42163528,968101888,,39079153664,,2027892736,,882249728,,74747904,,11104256,,71.6556,87.3307,82.4748,125.9813,142.1279,71.3101,67,false
phase3a-formal-20260925-v2-component-full-pipeline,37,full-pipeline,2026-09-24T19:43:51.4567719+00:00,137910.5307,measurement,request-count-1600,1600,1600,1600,0,0,5,1605,968093696,2028085248,39079129088,102,20,2269936,,629232,864,5,5,1,0,43445320,968093696,,39079129088,,2027872256,,882241536,,74747904,,11104256,,74.1277,85.8228,81.7816,117.1784,122.6932,73.8435,67,false
phase3a-formal-20260925-v2-component-full-pipeline,38,full-pipeline,2026-09-24T19:43:55.6080342+00:00,142061.7929,measurement,request-count-1650,1650,1650,1650,0,0,5,1655,968093696,2028085248,39079129088,102,20,3562504,,629232,864,5,5,1,0,44734096,968093696,,39079129088,,2027872256,,882241536,,74747904,,11104256,,76.3024,81.3686,79.7747,106.724,112.7356,75.9837,67,false
phase3a-formal-20260925-v2-component-full-pipeline,39,full-pipeline,2026-09-24T19:43:59.6086873+00:00,146062.4459,measurement,request-count-1700,1700,1700,1700,0,0,5,1705,968114176,2044862464,39095910400,104,22,4855176,,629232,864,5,5,1,0,46022976,968114176,,39095910400,,2044649472,,882262016,,74747904,,11104256,,106.5016,78.9016,75.0521,102.1127,121.2263,106.1948,67,false
phase3a-formal-20260925-v2-component-full-pipeline,40,full-pipeline,2026-09-24T19:44:03.8762668+00:00,150330.0255,measurement,request-count-1750,1750,1750,1750,0,0,5,1755,968724480,2028711936,39079129088,102,20,6142088,,629232,864,5,5,1,0,47306096,968724480,,39079129088,,2028498944,,882872320,,74747904,,11104256,,102.3817,84.8222,83.9962,108.8955,115.9187,102.1185,67,false
phase3a-formal-20260925-v2-component-full-pipeline,41,full-pipeline,2026-09-24T19:44:07.9329692+00:00,154386.7277,measurement,request-count-1800,1800,1800,1800,0,0,5,1805,968724480,2028711936,39079129088,102,20,7430528,,629232,864,5,5,1,0,48590744,968724480,,39079129088,,2028498944,,882872320,,74747904,,11104256,,80.8456,80.7875,79.654,108.4141,130.503,80.5296,67,false
phase3a-formal-20260925-v2-component-full-pipeline,42,full-pipeline,2026-09-24T19:44:11.7710899+00:00,158224.8486,measurement,request-count-1850,1850,1850,1850,0,0,5,1855,968724480,2028711936,39079129088,102,20,8718976,,629232,864,5,5,1,0,49875400,968724480,,39079129088,,2028498944,,882872320,,74747904,,11104256,,64.733,76.3126,74.7452,101.8265,110.14,64.4706,67,false
phase3a-formal-20260925-v2-component-full-pipeline,43,full-pipeline,2026-09-24T19:44:15.7808421+00:00,162234.6007,measurement,request-count-1900,1900,1900,1900,0,0,5,1905,968728576,2028711936,39079129088,102,20,1618240,,632264,1160,6,6,1,0,51157136,968728576,,39079129088,,2028498944,,882876416,,74747904,,11104256,,82.4372,79.7947,75.7621,118.5491,134.8656,82.1216,67,false
phase3a-formal-20260925-v2-component-full-pipeline,44,full-pipeline,2026-09-24T19:44:20.2635799+00:00,166717.3388,measurement,request-count-1950,1950,1950,1950,0,0,5,1955,968732672,2028711936,39079133184,102,20,2910072,,632264,1160,6,6,1,0,52445176,968732672,,39079133184,,2028498944,,882876416,,74747904,,11108352,,65.2082,88.0658,81.7625,113.0573,213.9577,64.9074,67,false
phase3a-formal-20260925-v2-component-full-pipeline,45,full-pipeline,2026-09-24T19:44:24.7898131+00:00,171243.5717,measurement,request-count-2000,2000,2000,2000,0,0,5,2005,968736768,2028711936,39079133184,102,20,4198520,,632264,1160,6,6,1,0,53729832,968736768,,39079133184,,2028498944,,882876416,,74747904,,11112448,,82.7313,88.9062,84.242,122.8659,130.2808,82.4633,67,false
phase3a-formal-20260925-v2-component-full-pipeline,46,full-pipeline,2026-09-24T19:44:28.9537627+00:00,175407.5214,measurement,request-count-2050,2050,2050,2050,0,0,5,2055,968740864,2028732416,39079157760,102,21,5491360,,632264,1160,6,6,1,0,55018568,968740864,,39079157760,,2028519424,,882880512,,74747904,,11112448,,84.2866,82.9113,74.6829,119.1249,135.9923,83.988,67,false
phase3a-formal-20260925-v2-component-full-pipeline,47,full-pipeline,2026-09-24T19:44:32.8456733+00:00,179299.4319,measurement,request-count-2100,2100,2100,2100,0,0,5,2105,968740864,2028711936,39079133184,102,20,6776976,,632264,1160,6,6,1,0,56300392,968740864,,39079133184,,2028498944,,882880512,,74747904,,11112448,,84.3374,77.4249,75.3072,104.4722,119.2259,84.0831,67,false
phase3a-formal-20260925-v2-component-full-pipeline,48,full-pipeline,2026-09-24T19:44:37.0868032+00:00,183540.5617,measurement,request-count-2150,2150,2150,2150,0,0,5,2155,968740864,2028711936,39079133184,102,20,8065392,,632264,1160,6,6,1,0,57585016,968740864,,39079133184,,2028498944,,882880512,,74747904,,11112448,,78.7687,84.1963,80.6441,111.3139,119.2189,78.5145,67,false
phase3a-formal-20260925-v2-component-full-pipeline,49,full-pipeline,2026-09-24T19:44:41.1888706+00:00,187642.6291,measurement,request-count-2200,2200,2200,2200,0,0,5,2205,968740864,2028732416,39079157760,102,21,973024,,635304,1032,7,7,1,0,58874224,968740864,,39079157760,,2028519424,,882880512,,74747904,,11112448,,77.2347,81.6343,79.4233,109.2724,120.6491,76.9737,67,false
phase3a-formal-20260925-v2-component-full-pipeline,50,full-pipeline,2026-09-24T19:44:45.3118100+00:00,191765.5687,measurement,request-count-2250,2250,2250,2250,0,0,5,2255,968740864,2028732416,39079157760,102,21,2258688,,635304,1032,7,7,1,0,60156096,968740864,,39079133184,,2028498944,,882880512,,74747904,,11112448,,99.467,82.0246,78.1165,114.9191,128.3095,99.1546,67,false
phase3a-formal-20260925-v2-component-full-pipeline,51,full-pipeline,2026-09-24T19:44:49.6497979+00:00,196103.5567,measurement,request-count-2300,2300,2300,2300,0,0,5,2305,968740864,2028711936,39079133184,102,20,3544272,,635304,1032,7,7,1,0,61437912,968740864,,39079133184,,2028498944,,882880512,,74747904,,11112448,,71.9571,86.2935,78.5596,119.5838,155.4749,71.6763,67,false
phase3a-formal-20260925-v2-component-full-pipeline,52,full-pipeline,2026-09-24T19:44:53.9612088+00:00,200414.9676,measurement,request-count-2350,2350,2350,2350,0,0,5,2355,968740864,2028711936,39079133184,102,20,4836560,,635304,1032,7,7,1,0,62726432,968740864,,39079133184,,2028498944,,882880512,,74747904,,11112448,,100.0657,85.7932,87.0244,103.4523,109.6433,99.8015,67,false
phase3a-formal-20260925-v2-component-full-pipeline,53,full-pipeline,2026-09-24T19:44:58.3393908+00:00,204793.1494,measurement,request-count-2400,2400,2400,2400,0,0,5,2405,968740864,2028732416,39079157760,102,21,6125320,,635304,1032,7,7,1,0,64011400,968740864,,39079157760,,2028519424,,882880512,,74747904,,11112448,,72.7539,85.7245,86.6195,113.3772,115.2244,72.4295,67,false
phase3a-formal-20260925-v2-component-full-pipeline,54,full-pipeline,2026-09-24T19:45:02.7957567+00:00,209249.5154,measurement,request-count-2450,2450,2450,2450,0,0,5,2455,968744960,2028732416,39079161856,102,21,7419104,,635304,1032,7,7,1,0,65301392,968744960,,39079161856,,2028519424,,882880512,,74747904,,11116544,,78.2674,87.357,80.478,121.6607,140.2171,77.9632,67,false
phase3a-formal-20260925-v2-component-full-pipeline,55,full-pipeline,2026-09-24T19:45:07.1151591+00:00,213568.9178,measurement,request-count-2500,2500,2500,2500,0,0,5,2505,968749056,2028732416,39079161856,102,21,8704800,,635304,1032,7,7,1,0,66583296,968749056,,39079161856,,2028519424,,882880512,,74747904,,11120640,,90.8255,85.9219,84.0682,107.192,121.7406,90.5546,67,false
phase3a-formal-20260925-v2-component-full-pipeline,56,full-pipeline,2026-09-24T19:45:11.5868982+00:00,218040.657,measurement,request-count-2550,2550,2550,2550,0,0,5,2555,968749056,2028711936,39079137280,102,20,1609720,,638904,1128,8,8,1,0,67869664,968749056,,39079137280,,2028498944,,882880512,,74747904,,11120640,,127.2629,88.9688,84.674,123.9237,137.0533,126.9391,67,false
phase3a-formal-20260925-v2-component-full-pipeline,57,full-pipeline,2026-09-24T19:45:15.6657300+00:00,222119.4888,measurement,request-count-2600,2600,2600,2600,0,0,5,2605,968749056,2028711936,39079137280,102,20,2898192,,638904,1128,8,8,1,0,69154344,968749056,,39079137280,,2028498944,,882880512,,74747904,,11120640,,62.2028,81.0678,72.2384,131.4079,163.0279,61.9028,67,false
phase3a-formal-20260925-v2-component-full-pipeline,58,full-pipeline,2026-09-24T19:45:19.3648921+00:00,225818.6507,measurement,request-count-2650,2650,2650,2650,0,0,5,2655,968753152,2028732416,39079161856,102,21,4186632,,638904,1128,8,8,1,0,70438992,968753152,,39079161856,,2028519424,,882880512,,74747904,,11124736,,63.5401,73.5037,69.5207,105.6624,112.7848,63.2842,67,false
phase3a-formal-20260925-v2-component-full-pipeline,59,full-pipeline,2026-09-24T19:45:23.2223815+00:00,229676.1401,measurement,request-count-2700,2700,2700,2700,0,0,5,2705,968781824,2028732416,39079161856,102,21,5473280,,638904,1128,8,8,1,0,71721896,968781824,,39079161856,,2028519424,,882884608,,74747904,,11149312,,107.0721,76.7652,74.7822,97.4085,103.5968,106.7667,67,false
phase3a-formal-20260925-v2-component-full-pipeline,60,full-pipeline,2026-09-24T19:45:27.0161489+00:00,233469.9084,measurement,request-count-2750,2750,2750,2750,0,0,5,2755,968781824,2028732416,39079161856,102,21,6766040,,638904,1128,8,8,1,0,73010864,968781824,,39079161856,,2028519424,,882884608,,74747904,,11149312,,79.9803,75.1279,74.3323,94.1241,105.0363,79.6556,67,false
phase3a-formal-20260925-v2-component-full-pipeline,61,full-pipeline,2026-09-24T19:45:31.0171118+00:00,237470.8702,measurement,request-count-2800,2800,2800,2800,0,0,5,2805,968830976,2028732416,39079161856,102,21,8059792,,638904,1128,8,8,1,0,74300824,968830976,,39079161856,,2028519424,,882884608,,74747904,,11198464,,64.3786,78.5498,73.9959,112.943,127.0522,64.1145,67,false
phase3a-formal-20260925-v2-component-full-pipeline,62,full-pipeline,2026-09-24T19:45:35.0059219+00:00,241459.6804,measurement,request-count-2850,2850,2850,2850,0,0,5,2855,968826880,2028711936,39079137280,102,20,956088,,641568,1176,9,9,1,0,75579040,968826880,,39079137280,,2028498944,,882880512,,74747904,,11198464,,73.4826,79.4502,77.2871,98.4474,134.3221,73.1637,67,false
phase3a-formal-20260925-v2-component-full-pipeline,63,full-pipeline,2026-09-24T19:45:39.1694026+00:00,245623.161,measurement,request-count-2900,2900,2900,2900,0,0,5,2905,968826880,2028711936,39079137280,102,20,2248640,,641568,1176,9,9,1,0,76867800,968826880,,39079137280,,2028498944,,882880512,,74747904,,11198464,,90.53,82.6119,78.6689,107.011,116.7875,90.2143,67,false
phase3a-formal-20260925-v2-component-full-pipeline,64,full-pipeline,2026-09-24T19:45:43.6660890+00:00,250119.8478,measurement,request-count-2950,2950,2950,2950,0,0,5,2955,968830976,2028732416,39079161856,104,21,3537128,,641568,1176,9,9,1,0,78152496,968830976,,39079161856,,2028519424,,882880512,,74747904,,11202560,,75.7801,87.9339,85.3055,114.465,129.3936,75.5128,67,false
phase3a-formal-20260925-v2-component-full-pipeline,65,full-pipeline,2026-09-24T19:45:47.5319462+00:00,253985.7045,measurement,request-count-3000,3000,3000,3000,0,0,5,3005,968876032,2028732416,39079161856,102,21,4830952,,641568,1176,9,9,1,0,79442528,968876032,,39079161856,,2028519424,,882892800,,74747904,,11235328,,85.2924,76.8401,75.7279,96.7037,110.1679,85.0331,67,false
phase3a-formal-20260925-v2-component-full-pipeline,66,full-pipeline,2026-09-24T19:45:51.6543907+00:00,258108.1492,measurement,request-count-3050,3050,3050,3050,0,0,5,3055,968863744,2028711936,39079133184,102,20,6116608,,641568,1176,9,9,1,0,80724416,968863744,,39079133184,,2028498944,,882880512,,74747904,,11235328,,86.6601,81.8764,78.4314,109.9143,113.458,86.3698,67,false
phase3a-formal-20260925-v2-component-full-pipeline,67,full-pipeline,2026-09-24T19:45:55.6325383+00:00,262086.2967,measurement,request-count-3100,3100,3100,3100,0,0,5,3105,968863744,2028711936,39079133184,102,20,7405080,,641568,1176,9,9,1,0,82009096,968863744,,39079133184,,2028498944,,882880512,,74747904,,11235328,,80.2279,79.171,75.8236,106.4859,123.2867,79.9628,67,false
phase3a-formal-20260925-v2-component-full-pipeline,68,full-pipeline,2026-09-24T19:45:59.8541810+00:00,266307.9393,measurement,request-count-3150,3150,3150,3150,0,0,5,3155,968863744,2028711936,39079133184,102,20,8693512,,641568,1176,9,9,1,0,83293736,968863744,,39079133184,,2028498944,,882880512,,74747904,,11235328,,93.2723,84.0802,80.2984,107.5838,120.8847,93.0246,67,false
phase3a-formal-20260925-v2-component-full-pipeline,69,full-pipeline,2026-09-24T19:46:03.9038954+00:00,270357.6538,measurement,request-count-3200,3200,3200,3200,0,0,5,3205,968863744,2028732416,39079157760,104,21,1599792,,647992,4952,10,10,1,0,84582936,968863744,,39079157760,,2028519424,,882880512,,74747904,,11235328,,69.2442,79.4055,77.086,108.8737,120.8838,68.9186,67,false
phase3a-formal-20260925-v2-component-full-pipeline,70,full-pipeline,2026-09-24T19:46:07.9367319+00:00,274390.4903,measurement,request-count-3250,3250,3250,3250,0,0,5,3255,969949184,2063183872,39112695808,105,21,2885552,,647992,4952,10,10,1,0,85864904,969949184,,39112695808,,2062970880,,883965952,,74747904,,11235328,,76.8494,79.0534,76.7414,111.6325,122.1999,76.5766,67,false
phase3a-formal-20260925-v2-component-full-pipeline,71,full-pipeline,2026-09-24T19:46:12.0591763+00:00,278512.935,measurement,request-count-3300,3300,3300,3300,0,0,5,3305,969900032,2029629440,39079133184,102,20,4171232,,647992,4952,10,10,1,0,87146816,969900032,,39079133184,,2029416448,,883916800,,74747904,,11235328,,62.9056,82.0419,78.7508,109.8817,116.2234,62.626,67,false
phase3a-formal-20260925-v2-component-full-pipeline,72,full-pipeline,2026-09-24T19:46:15.9402586+00:00,282394.017,measurement,request-count-3350,3350,3350,3350,0,0,5,3355,969900032,2029629440,39079133184,102,20,5467576,,647992,4952,10,10,1,0,88435576,969900032,,39079133184,,2029416448,,883916800,,74747904,,11235328,,60.2609,77.2848,74.8665,103.9177,110.0867,60.0067,67,false
phase3a-formal-20260925-v2-component-full-pipeline,73,full-pipeline,2026-09-24T19:46:20.2271798+00:00,286680.9383,measurement,request-count-3400,3400,3400,3400,0,0,5,3405,969900032,2029629440,39079133184,102,20,6756016,,647992,4952,10,10,1,0,89720224,969900032,,39079133184,,2029416448,,883916800,,74747904,,11235328,,80.9602,83.8638,80.971,116.0694,125.2059,80.6929,67,false
phase3a-formal-20260925-v2-component-full-pipeline,74,full-pipeline,2026-09-24T19:46:24.3413131+00:00,290795.0715,measurement,request-count-3450,3450,3450,3450,0,0,5,3455,969900032,2029629440,39079133184,102,20,8044480,,647992,4952,10,10,1,0,91004896,969900032,,39079133184,,2029416448,,883916800,,74747904,,11235328,,98.1416,80.6734,78.2946,115.7695,125.8617,97.773,67,false
phase3a-formal-20260925-v2-component-full-pipeline,75,full-pipeline,2026-09-24T19:46:28.3518291+00:00,294805.5875,measurement,request-count-3500,3500,3500,3500,0,0,5,3505,969900032,2029629440,39079133184,102,20,943792,,647808,1496,11,11,1,0,92285888,969900032,,39079133184,,2029416448,,883916800,,74747904,,11235328,,70.6001,78.5762,75.6549,107.0155,117.1727,70.2916,67,false
phase3a-formal-20260925-v2-component-full-pipeline,76,full-pipeline,2026-09-24T19:46:33.1218878+00:00,299575.6462,measurement,request-count-3550,3550,3550,3550,0,0,5,3555,969900032,2029629440,39079133184,102,20,2236416,,647808,1496,11,11,1,0,93574720,969900032,,39079133184,,2029416448,,883916800,,74747904,,11235328,,108.1397,95.0537,86.2751,143.3737,186.6198,107.8693,67,false
phase3a-formal-20260925-v2-component-full-pipeline,77,full-pipeline,2026-09-24T19:46:37.2364421+00:00,303690.2004,measurement,request-count-3600,3600,3600,3600,0,0,5,3605,969900032,2029629440,39079133184,102,20,3524848,,647808,1496,11,11,1,0,94859360,969900032,,39079133184,,2029416448,,883916800,,74747904,,11235328,,80.7553,81.9646,80.3406,107.1062,117.3475,80.4448,67,false
phase3a-formal-20260925-v2-component-full-pipeline,78,full-pipeline,2026-09-24T19:46:41.8734736+00:00,308327.232,measurement,request-count-3650,3650,3650,3650,0,0,5,3655,969904128,2029629440,39079133184,102,20,4813304,,647808,1496,11,11,1,0,96144024,969904128,,39079133184,,2029416448,,883920896,,74747904,,11235328,,82.9652,90.8678,87.5504,122.6644,144.2527,82.6725,67,false
phase3a-formal-20260925-v2-component-full-pipeline,79,full-pipeline,2026-09-24T19:46:46.2376984+00:00,312691.4568,measurement,request-count-3700,3700,3700,3700,0,0,5,3705,969904128,2029629440,39079133184,102,20,6098376,,647808,1496,11,11,1,0,97425056,969904128,,39079133184,,2029416448,,883920896,,74747904,,11235328,,78.9714,86.9303,81.2942,117.9511,124.4267,78.6674,67,false
phase3a-formal-20260925-v2-component-full-pipeline,80,full-pipeline,2026-09-24T19:46:50.4577665+00:00,316911.5249,measurement,request-count-3750,3750,3750,3750,0,0,5,3755,969904128,2029629440,39079133184,102,20,7390432,,647808,1496,11,11,1,0,98713320,969904128,,39079133184,,2029416448,,883920896,,74747904,,11235328,,68.2484,83.9059,82.7809,119.7611,123.4136,67.8963,67,false
phase3a-formal-20260925-v2-component-full-pipeline,81,full-pipeline,2026-09-24T19:46:54.4585263+00:00,320912.2846,measurement,request-count-3800,3800,3800,3800,0,0,5,3805,969904128,2029649920,39079157760,102,21,8678880,,647808,1496,11,11,1,0,99997976,969904128,,39079157760,,2029436928,,883920896,,74747904,,11235328,,81.2116,79.5707,78.1999,104.1189,122.8187,80.9008,67,false
phase3a-formal-20260925-v2-component-full-pipeline,82,full-pipeline,2026-09-24T19:46:58.4165450+00:00,324870.3035,measurement,request-count-3850,3850,3850,3850,0,0,5,3855,969904128,2029629440,39079133184,102,20,1578904,,651128,1904,12,12,1,0,101280184,969904128,,39079133184,,2029416448,,883920896,,74747904,,11235328,,75.5383,78.8579,75.8208,102.5494,116.7371,75.2526,67,false
phase3a-formal-20260925-v2-component-full-pipeline,83,full-pipeline,2026-09-24T19:47:02.7394502+00:00,329193.2085,measurement,request-count-3900,3900,3900,3900,0,0,5,3905,969904128,2029629440,39079133184,102,20,2871496,,651128,1904,12,12,1,0,102568984,969904128,,39079133184,,2029416448,,883920896,,74747904,,11235328,,75.5714,84.755,81.4459,115.2436,153.2301,75.2006,67,false
phase3a-formal-20260925-v2-component-full-pipeline,84,full-pipeline,2026-09-24T19:47:06.8736024+00:00,333327.3608,measurement,request-count-3950,3950,3950,3950,0,0,5,3955,969904128,2029629440,39079133184,102,20,4159968,,651128,1904,12,12,1,0,103853664,969904128,,39079133184,,2029416448,,883920896,,74747904,,11235328,,81.1279,82.3676,80.0179,106.4421,124.9551,80.8065,67,false
phase3a-formal-20260925-v2-component-full-pipeline,85,full-pipeline,2026-09-24T19:47:11.0883713+00:00,337542.1297,measurement,request-count-4000,4000,4000,4000,0,0,5,4005,969904128,2029629440,39079133184,102,20,5444792,,651128,1904,12,12,1,0,105134152,969904128,,39079133184,,2029416448,,883920896,,74747904,,11235328,,74.3111,83.9802,80.3284,114.224,135.8087,73.962,67,false
phase3a-formal-20260925-v2-component-full-pipeline,86,full-pipeline,2026-09-24T19:47:15.8933969+00:00,342347.1552,measurement,request-count-4050,4050,4050,4050,0,0,5,4055,969904128,2029629440,39079133184,102,20,6737440,,651128,1904,12,12,1,0,106423008,969904128,,39079133184,,2029416448,,883920896,,74747904,,11235328,,106.2706,95.411,96.3039,129.2331,131.1559,105.961,67,false
phase3a-formal-20260925-v2-component-full-pipeline,87,full-pipeline,2026-09-24T19:47:20.7526077+00:00,347206.366,measurement,request-count-4100,4100,4100,4100,0,0,5,4105,969904128,2029629440,39079133184,102,20,8025888,,651128,1904,12,12,1,0,107707664,969904128,,39079133184,,2029416448,,883920896,,74747904,,11235328,,71.2292,96.6508,91.0341,133.5832,153.6025,70.9366,67,false
phase3a-formal-20260925-v2-component-full-pipeline,88,full-pipeline,2026-09-24T19:47:24.9301161+00:00,351383.8744,measurement,request-count-4150,4150,4150,4150,0,0,5,4155,969904128,2029649920,39079157760,102,21,932712,,654088,1832,13,13,1,0,108996816,969904128,,39079157760,,2029436928,,883920896,,74747904,,11235328,,73.1679,83.0374,78.1757,126.1965,171.0897,72.9221,67,false
phase3a-formal-20260925-v2-component-full-pipeline,89,full-pipeline,2026-09-24T19:47:29.0090718+00:00,355462.8302,measurement,request-count-4200,4200,4200,4200,0,0,5,4205,969904128,2029629440,39079133184,102,20,2218360,,654088,1832,13,13,1,0,110278672,969904128,,39079133184,,2029416448,,883920896,,74747904,,11235328,,66.0352,80.9191,79.5794,107.4327,134.7414,65.7177,67,false
phase3a-formal-20260925-v2-component-full-pipeline,90,full-pipeline,2026-09-24T19:47:33.0599352+00:00,359513.6938,measurement,request-count-4250,4250,4250,4250,0,0,5,4255,969904128,2029629440,39079133184,102,20,3506808,,654088,1832,13,13,1,0,111563328,969904128,,39079133184,,2029416448,,883920896,,74747904,,11235328,,88.6596,79.4327,79.4768,101.361,112.3958,88.2932,67,false
phase3a-formal-20260925-v2-component-full-pipeline,91,full-pipeline,2026-09-24T19:47:36.9453141+00:00,363399.0726,measurement,request-count-4300,4300,4300,4300,0,0,5,4305,969904128,2029629440,39079133184,102,20,4795248,,654088,1832,13,13,1,0,112847976,969904128,,39079133184,,2029416448,,883920896,,74747904,,11235328,,73.9966,77.3709,75.1687,92.5417,115.4933,73.638,67,false
phase3a-formal-20260925-v2-component-full-pipeline,92,full-pipeline,2026-09-24T19:47:41.3018537+00:00,367755.6121,measurement,request-count-4350,4350,4350,4350,0,0,5,4355,969904128,2029649920,39079157760,102,21,6088344,,654088,1832,13,13,1,0,114136824,969904128,,39079157760,,2029436928,,883920896,,74747904,,11235328,,73.5147,85.1661,83.101,115.2436,124.5249,73.1991,67,false
phase3a-formal-20260925-v2-component-full-pipeline,93,full-pipeline,2026-09-24T19:47:45.2942528+00:00,371748.0113,measurement,request-count-4400,4400,4400,4400,0,0,5,4405,969908224,2029649920,39079157760,102,21,7373872,,654088,1832,13,13,1,0,115418560,969908224,,39079157760,,2029436928,,883924992,,74747904,,11235328,,75.0646,79.3516,75.3758,108.0685,126.4462,74.7753,67,false
phase3a-formal-20260925-v2-component-full-pipeline,94,full-pipeline,2026-09-24T19:47:49.3989867+00:00,375852.7451,measurement,request-count-4450,4450,4450,4450,0,0,5,4455,969908224,2029629440,39079133184,102,20,8659416,,654088,1832,13,13,1,0,116700336,969908224,,39079133184,,2029416448,,883924992,,74747904,,11235328,,143.3013,81.621,80.4533,107.4164,127.1616,142.9925,67,false
phase3a-formal-20260925-v2-component-full-pipeline,95,full-pipeline,2026-09-24T19:47:53.4602107+00:00,379913.969,measurement,request-count-4500,4500,4500,4500,0,0,5,4505,969871360,2028806144,39078309888,102,20,1534744,,619600,528,14,14,2,1,117993664,969871360,,39078309888,,2028593152,,883888128,,74747904,,11235328,,59.6095,79.6139,76.9287,107.7892,128.0169,59.3451,67,false
phase3a-formal-20260925-v2-component-full-pipeline,96,full-pipeline,2026-09-24T19:47:57.6471120+00:00,384100.8704,measurement,request-count-4550,4550,4550,4550,0,0,5,4555,969871360,2028806144,39078309888,102,20,2827336,,619600,528,14,14,2,1,119282464,969871360,,39078309888,,2028593152,,883888128,,74747904,,11235328,,72.6573,83.1826,82.5943,108.3546,114.2587,72.3743,67,false
phase3a-formal-20260925-v2-component-full-pipeline,97,full-pipeline,2026-09-24T19:48:01.8600305+00:00,388313.789,measurement,request-count-4600,4600,4600,4600,0,0,5,4605,969871360,2028806144,39078309888,102,20,4115784,,619600,528,14,14,2,1,120567120,969871360,,39078309888,,2028593152,,883888128,,74747904,,11235328,,81.671,82.6359,79.8103,115.302,123.2322,81.4186,67,false
phase3a-formal-20260925-v2-component-full-pipeline,98,full-pipeline,2026-09-24T19:48:05.9799504+00:00,392433.7087,measurement,request-count-4650,4650,4650,4650,0,0,5,4655,969871360,2028806144,39078309888,102,20,5400032,,619600,528,14,14,2,1,121847600,969871360,,39078309888,,2028593152,,883888128,,74747904,,11235328,,92.8223,81.8751,79.7226,101.1805,120.3867,92.5533,67,false
phase3a-formal-20260925-v2-component-full-pipeline,99,full-pipeline,2026-09-24T19:48:10.0287799+00:00,396482.5383,measurement,request-count-4700,4700,4700,4700,0,0,5,4705,969871360,2028806144,39078309888,102,20,6692648,,619600,528,14,14,2,1,123136424,969871360,,39078309888,,2028593152,,883888128,,74747904,,11235328,,79.0261,79.3601,79.0712,102.7933,104.5401,78.7688,67,false
phase3a-formal-20260925-v2-component-full-pipeline,100,full-pipeline,2026-09-24T19:48:14.3341466+00:00,400787.9049,measurement,request-count-4750,4750,4750,4750,0,0,5,4755,969871360,2028806144,39078309888,102,20,7981112,,619600,528,14,14,2,1,124421096,969871360,,39078309888,,2028593152,,883888128,,74747904,,11235328,,73.2393,85.761,81.1088,106.737,172.6685,72.919,67,false
phase3a-formal-20260925-v2-component-full-pipeline,101,full-pipeline,2026-09-24T19:48:18.6303681+00:00,405084.1266,measurement,request-count-4800,4800,4800,4800,0,0,5,4805,969871360,2028806144,39078309888,102,20,,GC.GetTotalMemory(false) reported a negative byte count (-3312784).,4816648,4194736,15,15,2,1,125696864,969871360,,39078309888,,2028593152,,883888128,,74747904,,11235328,,116.8974,84.3128,80.8889,108.5527,117.0801,116.5328,67,false
phase3a-formal-20260925-v2-component-full-pipeline,102,full-pipeline,2026-09-24T19:48:23.0980474+00:00,409551.8058,measurement,request-count-4850,4850,4850,4850,0,0,5,4855,969875456,2028806144,39078309888,102,20,,GC.GetTotalMemory(false) reported a negative byte count (-2019520).,4816648,4194736,15,15,2,1,126986336,969875456,,39078309888,,2028593152,,883888128,,74747904,,11239424,,73.8953,88.8799,84.9834,120.5043,149.604,73.5605,67,false
phase3a-formal-20260925-v2-component-full-pipeline,103,full-pipeline,2026-09-24T19:48:27.3836680+00:00,413837.4264,measurement,request-count-4900,4900,4900,4900,0,0,5,4905,969875456,2028806144,39078309888,102,20,,GC.GetTotalMemory(false) reported a negative byte count (-736512).,4816648,4194736,15,15,2,1,128265576,969875456,,39078309888,,2028593152,,883888128,,74747904,,11239424,,72.0271,85.2257,84.3365,107.0353,117.4608,71.76,67,false
phase3a-formal-20260925-v2-component-full-pipeline,104,full-pipeline,2026-09-24T19:48:31.6267893+00:00,418080.5477,measurement,request-count-4950,4950,4950,4950,0,0,5,4955,969875456,2028806144,39078309888,102,20,556752,,4816648,4194736,15,15,2,1,129555048,969875456,,39078309888,,2028593152,,883888128,,74747904,,11239424,,90.9278,84.3836,82.6963,111.7201,115.9884,90.6142,67,false
phase3a-formal-20260925-v2-component-full-pipeline,105,full-pipeline,2026-09-24T19:48:35.5593324+00:00,422013.0908,measurement,request-count-5000,5000,5000,5000,0,0,5,5005,969875456,2028806144,39078309888,102,20,1840416,,4816648,4194736,15,15,2,1,130834944,969875456,,39078309888,,2028593152,,883888128,,74747904,,11239424,,58.7114,78.1907,73.5962,109.6011,120.4332,58.3953,67,false
phase3a-formal-20260925-v2-component-full-pipeline,106,full-pipeline,2026-09-24T19:49:05.5780527+00:00,452031.811,idle,idle-30-seconds,5000,5000,5000,0,0,5,5005,970186752,2062860288,39179366400,102,25,2011928,,4816648,4194736,15,15,2,1,131006048,970186752,,39179366400,,2062647296,,883982336,,74838016,,11366400,,,,,,,,,
phase3a-formal-20260925-v2-component-full-pipeline,107,full-pipeline,2026-09-24T19:49:05.5793408+00:00,452033.0992,forced-gc,forced-gc-before,5000,5000,5000,0,0,5,5005,970194944,2062860288,39179370496,102,25,2086208,,4816648,4194736,15,15,2,1,131080088,970194944,,39179370496,,2062647296,,883982336,,74838016,,11374592,,,,,,,,,
phase3a-formal-20260925-v2-component-full-pipeline,108,full-pipeline,2026-09-24T19:49:05.5812547+00:00,452035.013,forced-gc,forced-gc-after,5000,5000,5000,0,0,5,5005,970199040,2062925824,39179370496,102,25,706568,,624736,720,17,17,4,3,131138400,970199040,,39179370496,,2062712832,,883986432,,74838016,,11374592,,,,,,,,,
phase3a-formal-20260925-v2-component-full-pipeline,109,full-pipeline,2026-09-24T19:50:05.5841664+00:00,512037.925,idle,idle-60-seconds,5000,5000,5000,0,0,5,5005,970022912,2062925824,39179370496,102,25,825656,,624736,720,17,17,4,3,131257064,970022912,,39179370496,,2062712832,,883982336,,74641408,,11399168,,,,,,,,,
phase3a-formal-20260925-v2-component-full-pipeline,110,full-pipeline,2026-09-24T19:55:05.5863470+00:00,812040.1055,idle,idle-300-seconds,5000,5000,5000,0,0,5,5005,970018816,2062925824,39179370496,102,25,928312,,624736,720,17,17,4,3,131348176,970010624,,39179370496,,2062712832,,883970048,,74641408,,11399168,,,,,,,,,
phase3a-formal-20260925-v2-component-full-pipeline,111,full-pipeline,2026-09-24T19:55:05.7217512+00:00,812175.5099,lifecycle,post-dispose,5000,5000,5000,0,0,5,5005,484495360,677937152,37794349056,102,16,986216,,624736,720,17,17,4,3,131405888,484495360,,37794349056,,677724160,,402759680,,70332416,,11403264,,,,,,,,,
phase3a-formal-20260925-v2-arena-on,0,full-pipeline,2026-09-24T20:15:26.1577050+00:00,0.4281,lifecycle,t0-before-model-load,0,0,0,0,0,0,0,61063168,184242176,36349259776,86,11,1300448,,0,0,0,0,0,0,1296440,61038592,,36349267968,,184037376,,9555968,,45666304,,5816320,,,,,,,,,
phase3a-formal-20260925-v2-arena-on,1,full-pipeline,2026-09-24T20:15:28.7588016+00:00,2601.5233,setup,t1-after-model-load,0,0,0,0,0,0,0,939229184,1992441856,38793682944,102,21,1875048,,0,0,0,0,0,0,1869312,939212800,,38793682944,,1992228864,,862904320,,67764224,,8544256,,,,,,,,,
phase3a-formal-20260925-v2-arena-on,2,full-pipeline,2026-09-24T20:15:28.8721532+00:00,2714.875,first-operation,t2-after-first-operation,0,0,0,0,0,1,1,945348608,1992572928,38793682944,102,21,1973480,,0,0,0,0,0,0,1967432,945336320,,38793682944,,1992294400,,863662080,,72691712,,8982528,,,,,,,84.3572,67,false
phase3a-formal-20260925-v2-arena-on,3,full-pipeline,2026-09-24T20:15:29.2172700+00:00,3059.9913,warmup,warmup-complete,0,0,0,0,0,5,5,946319360,1993154560,38793687040,102,21,2137192,,0,0,0,0,0,0,2130664,946282496,,38793687040,,1992941568,,864280576,,72757248,,9244672,,,,,,,,,
phase3a-formal-20260925-v2-arena-on,4,full-pipeline,2026-09-24T20:15:29.2208526+00:00,3063.5741,measurement,request-count-0,0,0,0,0,0,5,5,946397184,1993220096,38793687040,102,21,2210952,,0,0,0,0,0,0,2204184,946372608,,38793687040,,1993007104,,864346112,,72757248,,9269248,,,,,,,,,
phase3a-formal-20260925-v2-arena-on,5,full-pipeline,2026-09-24T20:15:30.0349288+00:00,3877.6499,measurement,request-count-10,10,10,10,0,0,5,15,948932608,1995005952,38793691136,104,21,2563304,,0,0,0,0,0,0,2555552,948912128,,38793691136,,1994727424,,866091008,,72908800,,9912320,,64.098,80.4632,71.8013,119.0546,135.6265,63.5715,67,false
phase3a-formal-20260925-v2-arena-on,6,full-pipeline,2026-09-24T20:15:33.2427320+00:00,7085.4536,measurement,request-count-50,50,50,50,0,0,5,55,950607872,1996054528,38793691136,104,21,3611880,,0,0,0,0,0,0,3601032,950595584,,38793691136,,1995776000,,867147776,,72974336,,10473472,,79.5513,79.7161,77.9503,104.1081,112.5054,79.1776,67,false
phase3a-formal-20260925-v2-arena-on,7,full-pipeline,2026-09-24T20:15:37.3970069+00:00,11239.7288,measurement,request-count-100,100,100,100,0,0,5,105,956940288,2052038656,39112724480,107,22,4906064,,0,0,0,0,0,0,4891400,956915712,,39112724480,,2051825664,,872435712,,73826304,,10653696,,57.8976,82.5633,78.6006,118.1373,141.8631,57.5382,67,false
phase3a-formal-20260925-v2-arena-on,8,full-pipeline,2026-09-24T20:15:41.1703320+00:00,15013.0534,measurement,request-count-150,150,150,150,0,0,5,155,958496768,2036785152,39095943168,104,21,6192112,,0,0,0,0,0,0,6173632,958480384,,39095943168,,2036572160,,873992192,,73826304,,10661888,,76.9645,75.0372,72.4501,98.7899,113.6569,76.5869,67,false
phase3a-formal-20260925-v2-arena-on,9,full-pipeline,2026-09-24T20:15:44.7805107+00:00,18623.2324,measurement,request-count-200,200,200,200,0,0,5,205,959819776,2038095872,39095947264,104,21,7486640,,0,0,0,0,0,0,7464368,959795200,,39095947264,,2037817344,,875278336,,73826304,,10690560,,55.1039,71.8286,69.9857,90.6891,105.9482,54.7556,67,false
phase3a-formal-20260925-v2-arena-on,10,full-pipeline,2026-09-24T20:15:49.0169688+00:00,22859.6901,measurement,request-count-250,250,250,250,0,0,5,255,961716224,2056515584,39112720384,105,22,990360,,626984,7392,1,1,0,0,8731288,961716224,,39112720384,,2056302592,,877088768,,73891840,,10735616,,56.2414,82.8992,83.0351,113.1384,121.1353,55.9991,67,false
phase3a-formal-20260925-v2-arena-on,11,full-pipeline,2026-09-24T20:15:52.7415540+00:00,26584.2757,measurement,request-count-300,300,300,300,0,0,5,305,961744896,2039750656,39095947264,102,21,2284824,,626984,7392,1,1,0,0,10021960,961744896,,39095947264,,2039537664,,877088768,,73891840,,10764288,,65.8097,74.0189,73.9459,97.581,117.4738,65.5158,67,false
phase3a-formal-20260925-v2-arena-on,12,full-pipeline,2026-09-24T20:15:56.8121850+00:00,30654.9064,measurement,request-count-350,350,350,350,0,0,5,355,961753088,2039750656,39095947264,102,21,3569944,,626984,7392,1,1,0,0,11303288,961753088,,39095947264,,2039537664,,877092864,,73891840,,10768384,,91.0322,80.6536,74.7324,122.1715,135.2284,90.7215,67,false
phase3a-formal-20260925-v2-arena-on,13,full-pipeline,2026-09-24T20:16:00.4312161+00:00,34273.9375,measurement,request-count-400,400,400,400,0,0,5,405,961785856,2056527872,39112728576,105,22,4862976,,626984,7392,1,1,0,0,12592552,961785856,,39112728576,,2056314880,,877125632,,73891840,,10768384,,66.4807,72.0331,70.3584,92.576,100.0055,66.1821,67,false
phase3a-formal-20260925-v2-arena-on,14,full-pipeline,2026-09-24T20:16:04.1012043+00:00,37943.926,measurement,request-count-450,450,450,450,0,0,5,455,961773568,2039750656,39095947264,102,21,6149544,,626984,7392,1,1,0,0,13875328,961773568,,39095947264,,2039537664,,877105152,,73891840,,10776576,,59.0314,72.876,70.6425,94.4677,106.6855,56.8395,67,false
phase3a-formal-20260925-v2-arena-on,15,full-pipeline,2026-09-24T20:16:07.8820548+00:00,41724.7762,measurement,request-count-500,500,500,500,0,0,5,505,961822720,2039767040,39095947264,102,21,7442712,,626984,7392,1,1,0,0,15164704,961822720,,39095947264,,2039554048,,877129728,,73891840,,10801152,,52.1723,75.15,72.1374,109.5856,147.01,51.9346,67,false
phase3a-formal-20260925-v2-arena-on,16,full-pipeline,2026-09-24T20:16:11.5679118+00:00,45410.6332,measurement,request-count-550,550,550,550,0,0,5,555,961835008,2039767040,39095943168,102,21,8727760,,626984,7392,1,1,0,0,16445960,961835008,,39095943168,,2039554048,,877129728,,73891840,,10813440,,68.9567,73.3009,71.4127,105.2226,125.815,68.6486,67,false
phase3a-formal-20260925-v2-arena-on,17,full-pipeline,2026-09-24T20:16:15.2158890+00:00,49058.6104,measurement,request-count-600,600,600,600,0,0,5,605,962424832,2040356864,39095939072,102,21,1639408,,619544,992,2,2,1,0,17742272,962424832,,39095939072,,2040143872,,877723648,,73891840,,10809344,,57.3083,72.6389,71.3463,95.5284,105.5499,56.9751,67,false
phase3a-formal-20260925-v2-arena-on,18,full-pipeline,2026-09-24T20:16:19.1175349+00:00,52960.2567,measurement,request-count-650,650,650,650,0,0,5,655,962424832,2040356864,39095939072,102,21,2924488,,619544,992,2,2,1,0,19023560,962424832,,39095939072,,2040143872,,877723648,,73891840,,10809344,,81.5787,77.7146,75.0757,106.4255,114.3287,81.1246,67,false
phase3a-formal-20260925-v2-arena-on,19,full-pipeline,2026-09-24T20:16:22.8379347+00:00,56680.6562,measurement,request-count-700,700,700,700,0,0,5,705,962424832,2040356864,39095939072,102,21,4217616,,619544,992,2,2,1,0,20312896,962424832,,39095939072,,2040143872,,877723648,,73891840,,10809344,,66.7201,74.0448,71.5769,93.4522,111.481,66.3715,67,false
phase3a-formal-20260925-v2-arena-on,20,full-pipeline,2026-09-24T20:16:26.8278771+00:00,60670.5987,measurement,request-count-750,750,750,750,0,0,5,755,963112960,2041020416,39095947264,102,21,5504752,,619544,992,2,2,1,0,21595792,963088384,,39095947264,,2040807424,,878358528,,73891840,,10838016,,59.716,79.4761,73.8178,113.1105,127.3802,59.384,67,false
phase3a-formal-20260925-v2-arena-on,21,full-pipeline,2026-09-24T20:16:30.5135207+00:00,64356.2422,measurement,request-count-800,800,800,800,0,0,5,805,964427776,2042331136,39095947264,102,21,6790800,,619544,992,2,2,1,0,22878024,964411392,,39095947264,,2042118144,,879652864,,73891840,,10866688,,81.9016,73.4041,71.9806,93.4663,98.7315,80.779,67,false
phase3a-formal-20260925-v2-arena-on,22,full-pipeline,2026-09-24T20:16:34.9817663+00:00,68824.4877,measurement,request-count-850,850,850,850,0,0,5,855,965689344,2026864640,39079165952,104,21,8085328,,619544,992,2,2,1,0,24168760,965664768,,39079141376,,2026565632,,880906240,,73891840,,10866688,,89.6444,87.7282,80.6218,120.0514,197.9489,89.1738,67,false
phase3a-formal-20260925-v2-arena-on,23,full-pipeline,2026-09-24T20:16:39.0358974+00:00,72878.6188,measurement,request-count-900,900,900,900,0,0,5,905,966647808,2027778048,39079165952,102,21,986376,,623016,696,3,3,1,0,25444304,966647808,,39079165952,,2027565056,,881889280,,73891840,,10866688,,73.9182,79.1685,75.2021,107.9238,111.1095,73.4847,67,false
phase3a-formal-20260925-v2-arena-on,24,full-pipeline,2026-09-24T20:16:42.9861021+00:00,76828.8235,measurement,request-count-950,950,950,950,0,0,5,955,966651904,2027778048,39079165952,102,21,2279536,,623016,696,3,3,1,0,26733672,966651904,,39079165952,,2027565056,,881889280,,73891840,,10870784,,82.7521,78.5959,73.646,114.2172,135.4446,82.2325,67,false
phase3a-formal-20260925-v2-arena-on,25,full-pipeline,2026-09-24T20:16:47.1094228+00:00,80952.1443,measurement,request-count-1000,1000,1000,1000,0,0,5,1005,966692864,2061332480,39112728576,106,22,3564640,,623016,696,3,3,1,0,28014984,966692864,,39112728576,,2061119488,,881930240,,73891840,,10870784,,89.1116,81.8783,79.6212,110.4944,136.6249,88.6867,67,false
phase3a-formal-20260925-v2-arena-on,26,full-pipeline,2026-09-24T20:16:51.3970734+00:00,85239.7956,measurement,request-count-1050,1050,1050,1050,0,0,5,1055,966684672,2044555264,39095947264,102,21,4856976,,623016,696,3,3,1,0,29303552,966684672,,39095947264,,2044342272,,881909760,,73891840,,10883072,,59.5671,85.2317,82.3086,121.9005,139.7524,57.5057,67,false
phase3a-formal-20260925-v2-arena-on,27,full-pipeline,2026-09-24T20:16:55.2077941+00:00,89050.5156,measurement,request-count-1100,1100,1100,1100,0,0,5,1105,966684672,2044555264,39095947264,102,21,6144984,,623016,696,3,3,1,0,30587768,966684672,,39095947264,,2044342272,,881909760,,73891840,,10883072,,62.9983,75.8307,75.9842,92.2579,102.8722,62.572,67,false
phase3a-formal-20260925-v2-arena-on,28,full-pipeline,2026-09-24T20:16:59.0173142+00:00,92860.0356,measurement,request-count-1150,1150,1150,1150,0,0,5,1155,966684672,2044555264,39095947264,102,21,7438440,,623016,696,3,3,1,0,31877432,966684672,,39095947264,,2044342272,,881909760,,73891840,,10883072,,131.8654,74.6183,71.8002,98.0647,122.7221,131.4814,67,false
phase3a-formal-20260925-v2-arena-on,29,full-pipeline,2026-09-24T20:17:03.3913989+00:00,97234.1205,measurement,request-count-1200,1200,1200,1200,0,0,5,1205,966672384,2027757568,39079141376,104,20,8723832,,623016,696,3,3,1,0,33159032,966672384,,39079141376,,2027544576,,881889280,,73891840,,10891264,,95.6036,87.0834,83.5688,127.9683,138.3072,95.2611,67,false
phase3a-formal-20260925-v2-arena-on,30,full-pipeline,2026-09-24T20:17:07.6881374+00:00,101530.8602,measurement,request-count-1250,1250,1250,1250,0,0,5,1255,966680576,2027778048,39079165952,102,21,1632440,,627616,936,4,4,1,0,34448072,966680576,,39079165952,,2027565056,,881889280,,73891840,,10899456,,90.2362,85.4124,83.3318,112.0295,141.2215,89.8903,67,false
phase3a-formal-20260925-v2-arena-on,31,full-pipeline,2026-09-24T20:17:11.8905828+00:00,105733.3037,measurement,request-count-1300,1300,1300,1300,0,0,5,1305,966819840,2027794432,39079141376,102,21,2917848,,627616,936,4,4,1,0,35729688,966819840,,39079141376,,2027581440,,881926144,,73891840,,11001856,,91.4299,83.7437,83.061,104.3352,121.3437,91.1214,67,false
phase3a-formal-20260925-v2-arena-on,32,full-pipeline,2026-09-24T20:17:16.6212412+00:00,110463.9621,measurement,request-count-1350,1350,1350,1350,0,0,5,1355,966815744,2027794432,39079137280,102,20,4203112,,627616,936,4,4,1,0,37011184,966815744,,39079137280,,2027581440,,881926144,,73891840,,10997760,,80.7841,93.8872,92.6414,118.0969,133.0793,80.417,67,false
phase3a-formal-20260925-v2-arena-on,33,full-pipeline,2026-09-24T20:17:20.7169036+00:00,114559.6244,measurement,request-count-1400,1400,1400,1400,0,0,5,1405,966819840,2027794432,39079137280,102,20,5495752,,627616,936,4,4,1,0,38299704,966819840,,39079137280,,2027581440,,881926144,,73891840,,11001856,,75.5619,80.3125,75.2175,113.5437,123.0624,75.1511,67,false
phase3a-formal-20260925-v2-arena-on,34,full-pipeline,2026-09-24T20:17:25.0453248+00:00,118888.0459,measurement,request-count-1450,1450,1450,1450,0,0,5,1455,966823936,2027814912,39079161856,102,21,6783920,,627616,936,4,4,1,0,39584080,966823936,,39079161856,,2027601920,,881926144,,73891840,,11005952,,112.6679,84.5482,81.2808,121.7419,127.5652,112.2809,67,false
phase3a-formal-20260925-v2-arena-on,35,full-pipeline,2026-09-24T20:17:29.1216291+00:00,122964.3503,measurement,request-count-1500,1500,1500,1500,0,0,5,1505,966909952,2027814912,39079161856,102,21,8077448,,627616,936,4,4,1,0,40873816,966909952,,39079161856,,2027601920,,881938432,,73891840,,11079680,,98.3269,79.7317,77.2476,106.6495,154.2898,97.9844,67,false
phase3a-formal-20260925-v2-arena-on,36,full-pipeline,2026-09-24T20:17:33.4465998+00:00,127289.3209,measurement,request-count-1550,1550,1550,1550,0,0,5,1555,966938624,2027835392,39079161856,102,21,976552,,631640,912,5,5,1,0,42153736,966938624,,39079161856,,2027622400,,881946624,,73891840,,11100160,,67.9773,86.0839,81.3018,124.0037,127.6573,67.6228,67,false
phase3a-formal-20260925-v2-arena-on,37,full-pipeline,2026-09-24T20:17:37.6081527+00:00,131450.8736,measurement,request-count-1600,1600,1600,1600,0,0,5,1605,966926336,2027835392,39079161856,102,21,2268264,,631640,912,5,5,1,0,43441656,966926336,,39079161856,,2027622400,,881934336,,73891840,,11100160,,71.9144,82.9069,80.1886,117.5187,129.4303,71.592,67,false
phase3a-formal-20260925-v2-arena-on,38,full-pipeline,2026-09-24T20:17:41.8983993+00:00,135741.1202,measurement,request-count-1650,1650,1650,1650,0,0,5,1655,966926336,2027814912,39079137280,102,20,3553536,,631640,912,5,5,1,0,44723160,966926336,,39079137280,,2027601920,,881934336,,73891840,,11100160,,54.9435,84.2974,83.0926,113.547,118.8836,54.5919,67,false
phase3a-formal-20260925-v2-arena-on,39,full-pipeline,2026-09-24T20:17:45.9188803+00:00,139761.6012,measurement,request-count-1700,1700,1700,1700,0,0,5,1705,966926336,2027814912,39079137280,102,20,4848888,,631640,912,5,5,1,0,46014720,966926336,,39079137280,,2027601920,,881934336,,73891840,,11100160,,99.1961,80.0702,77.247,100.135,115.6201,98.8435,67,false
phase3a-formal-20260925-v2-arena-on,40,full-pipeline,2026-09-24T20:17:49.8164311+00:00,143659.1523,measurement,request-count-1750,1750,1750,1750,0,0,5,1755,966926336,2027814912,39079137280,102,20,6134080,,631640,912,5,5,1,0,47296120,966926336,,39079137280,,2027601920,,881934336,,73891840,,11100160,,73.309,77.6259,76.7385,98.4179,112.5131,72.953,67,false
phase3a-formal-20260925-v2-arena-on,41,full-pipeline,2026-09-24T20:17:53.9410387+00:00,147783.7596,measurement,request-count-1800,1800,1800,1800,0,0,5,1805,967888896,2028769280,39079137280,102,20,7422288,,631640,912,5,5,1,0,48580536,967888896,,39079137280,,2028556288,,882896896,,73891840,,11100160,,69.4569,81.7832,80.4789,106.777,126.6776,69.0942,67,false
phase3a-formal-20260925-v2-arena-on,42,full-pipeline,2026-09-24T20:17:58.0657964+00:00,151908.5173,measurement,request-count-1850,1850,1850,1850,0,0,5,1855,967888896,2028769280,39079137280,102,20,8710480,,631640,912,5,5,1,0,49864936,967888896,,39079137280,,2028556288,,882896896,,73891840,,11100160,,68.8066,80.8226,79.6942,105.9934,110.1055,68.3782,67,false
phase3a-formal-20260925-v2-arena-on,43,full-pipeline,2026-09-24T20:18:02.1886595+00:00,156031.3806,measurement,request-count-1900,1900,1900,1900,0,0,5,1905,967892992,2028769280,39079137280,102,20,1614512,,635272,1008,6,6,1,0,51149824,967892992,,39079137280,,2028556288,,882900992,,73891840,,11100160,,93.0734,82.079,80.4179,104.2003,127.1862,92.7378,67,false
phase3a-formal-20260925-v2-arena-on,44,full-pipeline,2026-09-24T20:18:06.4752722+00:00,160317.9931,measurement,request-count-1950,1950,1950,1950,0,0,5,1955,967892992,2028769280,39079137280,102,20,2902736,,635272,1008,6,6,1,0,52434256,967892992,,39079137280,,2028556288,,882900992,,73891840,,11100160,,75.4972,85.1812,82.7798,118.6302,124.7063,75.1527,67,false
phase3a-formal-20260925-v2-arena-on,45,full-pipeline,2026-09-24T20:18:10.6844380+00:00,164527.1589,measurement,request-count-2000,2000,2000,2000,0,0,5,2005,967892992,2028769280,39079137280,102,20,4190968,,635272,1008,6,6,1,0,53718696,967892992,,39079137280,,2028556288,,882900992,,73891840,,11100160,,92.8653,83.7394,79.2377,118.8902,138.1755,92.4462,67,false
phase3a-formal-20260925-v2-arena-on,46,full-pipeline,2026-09-24T20:18:14.6484620+00:00,168491.183,measurement,request-count-2050,2050,2050,2050,0,0,5,2055,967892992,2028769280,39079137280,102,20,5479240,,635272,1008,6,6,1,0,55003176,967892992,,39079137280,,2028556288,,882900992,,73891840,,11100160,,61.9699,77.6929,77.9057,101.6875,102.9475,61.6691,67,false
phase3a-formal-20260925-v2-arena-on,47,full-pipeline,2026-09-24T20:18:18.7219700+00:00,172564.691,measurement,request-count-2100,2100,2100,2100,0,0,5,2105,967897088,2028769280,39079137280,102,20,6767464,,635272,1008,6,6,1,0,56287608,967897088,,39079137280,,2028556288,,882905088,,73891840,,11100160,,73.4808,79.9347,75.9976,116.1076,131.4475,73.1728,67,false
phase3a-formal-20260925-v2-arena-on,48,full-pipeline,2026-09-24T20:18:22.8248647+00:00,176667.5856,measurement,request-count-2150,2150,2150,2150,0,0,5,2155,967897088,2028769280,39079137280,102,20,8055688,,635272,1008,6,6,1,0,57572040,967897088,,39079137280,,2028556288,,882905088,,73891840,,11100160,,62.7091,80.4573,79.4066,104.1851,119.3556,62.3921,67,false
phase3a-formal-20260925-v2-arena-on,49,full-pipeline,2026-09-24T20:18:27.6807665+00:00,181523.4874,measurement,request-count-2200,2200,2200,2200,0,0,5,2205,967897088,2028789760,39079161856,102,21,959152,,639104,1104,7,7,1,0,58856960,967897088,,39079161856,,2028576768,,882905088,,73891840,,11100160,,109.2868,96.4027,97.4741,126.6801,132.0642,108.9176,67,false
phase3a-formal-20260925-v2-arena-on,50,full-pipeline,2026-09-24T20:18:31.7237940+00:00,185566.5149,measurement,request-count-2250,2250,2250,2250,0,0,5,2255,967913472,2028789760,39079161856,102,21,2252648,,639104,1104,7,7,1,0,60146664,967913472,,39079137280,,2028556288,,882905088,,73891840,,11116544,,79.6012,79.105,76.1637,104.0509,120.3116,79.2879,67,false
phase3a-formal-20260925-v2-arena-on,51,full-pipeline,2026-09-24T20:18:35.8585583+00:00,189701.2792,measurement,request-count-2300,2300,2300,2300,0,0,5,2305,967917568,2028769280,39079137280,102,20,3538136,,639104,1104,7,7,1,0,61428360,967913472,,39079137280,,2028556288,,882905088,,73891840,,11116544,,54.1033,82.3336,78.8896,120.9163,135.581,53.7241,67,false
phase3a-formal-20260925-v2-arena-on,52,full-pipeline,2026-09-24T20:18:40.1313391+00:00,193974.06,measurement,request-count-2350,2350,2350,2350,0,0,5,2355,967917568,2028769280,39079137280,102,20,4826360,,639104,1104,7,7,1,0,62712792,967917568,,39079137280,,2028556288,,882905088,,73891840,,11120640,,80.0908,85.0003,80.8454,123.9141,153.8476,79.7418,67,false
phase3a-formal-20260925-v2-arena-on,53,full-pipeline,2026-09-24T20:18:44.0014190+00:00,197844.1399,measurement,request-count-2400,2400,2400,2400,0,0,5,2405,967917568,2028789760,39079161856,102,21,6118632,,639104,1104,7,7,1,0,64001272,967917568,,39079161856,,2028576768,,882905088,,73891840,,11120640,,76.5634,75.7287,72.5475,99.8656,128.7557,76.2159,67,false
phase3a-formal-20260925-v2-arena-on,54,full-pipeline,2026-09-24T20:18:47.7127988+00:00,201555.5197,measurement,request-count-2450,2450,2450,2450,0,0,5,2455,967917568,2028789760,39079161856,102,21,7404048,,639104,1104,7,7,1,0,65282896,967917568,,39079161856,,2028576768,,882905088,,73891840,,11120640,,82.2422,72.635,70.297,89.8666,106.3674,81.9316,67,false
phase3a-formal-20260925-v2-arena-on,55,full-pipeline,2026-09-24T20:18:51.6901170+00:00,205532.8381,measurement,request-count-2500,2500,2500,2500,0,0,5,2505,967921664,2028789760,39079161856,102,21,8697528,,639104,1104,7,7,1,0,66572584,967921664,,39079161856,,2028576768,,882905088,,73891840,,11124736,,89.7236,79.2338,78.9055,106.2209,118.8801,89.4333,67,false
phase3a-formal-20260925-v2-arena-on,56,full-pipeline,2026-09-24T20:18:55.6862288+00:00,209528.9499,measurement,request-count-2550,2550,2550,2550,0,0,5,2555,967921664,2028789760,39079161856,102,21,1595328,,642088,1176,8,8,1,0,67852360,967921664,,39079161856,,2028576768,,882905088,,73891840,,11124736,,89.7861,78.2969,76.6463,96.7959,108.9995,89.4964,67,false
phase3a-formal-20260925-v2-arena-on,57,full-pipeline,2026-09-24T20:18:59.7385688+00:00,213581.2897,measurement,request-count-2600,2600,2600,2600,0,0,5,2605,967921664,2028769280,39079137280,102,20,2887128,,642088,1176,8,8,1,0,69140368,967921664,,39079137280,,2028556288,,882905088,,73891840,,11124736,,66.9793,79.4208,73.6488,114.0489,163.4132,66.6401,67,false
phase3a-formal-20260925-v2-arena-on,58,full-pipeline,2026-09-24T20:19:03.5382730+00:00,217380.9939,measurement,request-count-2650,2650,2650,2650,0,0,5,2655,967925760,2028789760,39079165952,102,21,4175344,,642088,1176,8,8,1,0,70424792,967925760,,39079165952,,2028576768,,882905088,,73891840,,11128832,,78.6453,75.6592,71.5096,100.7243,116.6492,78.2559,67,false
phase3a-formal-20260925-v2-arena-on,59,full-pipeline,2026-09-24T20:19:07.5202627+00:00,221362.9837,measurement,request-count-2700,2700,2700,2700,0,0,5,2705,967954432,2028789760,39079165952,102,21,5468832,,642088,1176,8,8,1,0,71714488,967954432,,39079165952,,2028576768,,882909184,,73891840,,11153408,,117.664,79.1975,73.9306,117.4913,123.7694,117.3185,67,false
phase3a-formal-20260925-v2-arena-on,60,full-pipeline,2026-09-24T20:19:11.8613492+00:00,225704.0715,measurement,request-count-2750,2750,2750,2750,0,0,5,2755,967950336,2028789760,39079165952,102,21,6754248,,642088,1176,8,8,1,0,72996112,967950336,,39079165952,,2028576768,,882905088,,73891840,,11153408,,70.3332,86.0579,81.1825,120.3532,141.0916,69.9901,67,false
phase3a-formal-20260925-v2-arena-on,61,full-pipeline,2026-09-24T20:19:15.7577760+00:00,229600.4968,measurement,request-count-2800,2800,2800,2800,0,0,5,2805,968003584,2028789760,39079165952,102,21,8047768,,642088,1176,8,8,1,0,74285840,968003584,,39079165952,,2028576768,,882905088,,73891840,,11206656,,60.6748,77.4378,75.6825,111.7365,121.3696,60.3634,67,false
phase3a-formal-20260925-v2-arena-on,62,full-pipeline,2026-09-24T20:19:19.6798832+00:00,233522.604,measurement,request-count-2850,2850,2850,2850,0,0,5,2855,968003584,2028769280,39079141376,102,20,943264,,645144,1576,9,9,1,0,75563824,968003584,,39079141376,,2028556288,,882905088,,73891840,,11206656,,71.2669,78.0706,73.7624,108.2331,122.0312,70.6771,67,false
phase3a-formal-20260925-v2-arena-on,63,full-pipeline,2026-09-24T20:19:23.9093322+00:00,237752.0529,measurement,request-count-2900,2900,2900,2900,0,0,5,2905,968007680,2028769280,39079141376,102,20,2235648,,645144,1576,9,9,1,0,76852416,968007680,,39079141376,,2028556288,,882905088,,73891840,,11210752,,89.1915,82.9117,81.6523,106.7178,131.8299,88.7977,67,false
phase3a-formal-20260925-v2-arena-on,64,full-pipeline,2026-09-24T20:19:28.5923291+00:00,242435.0499,measurement,request-count-2950,2950,2950,2950,0,0,5,2955,968007680,2028789760,39079165952,102,21,3523880,,645144,1576,9,9,1,0,78136856,968007680,,39079165952,,2028576768,,882905088,,73891840,,11210752,,78.5587,91.67,89.9664,118.7423,131.5421,78.2498,67,false
phase3a-formal-20260925-v2-arena-on,65,full-pipeline,2026-09-24T20:19:32.6954820+00:00,246538.2027,measurement,request-count-3000,3000,3000,3000,0,0,5,3005,968044544,2028789760,39079165952,104,21,4817352,,645144,1576,9,9,1,0,79426536,968044544,,39079165952,,2028576768,,882905088,,73891840,,11247616,,65.9235,80.3909,79.1934,102.2231,122.2022,65.5622,67,false
phase3a-formal-20260925-v2-arena-on,66,full-pipeline,2026-09-24T20:19:36.5150909+00:00,250357.8117,measurement,request-count-3050,3050,3050,3050,0,0,5,3055,968048640,2028789760,39079161856,102,21,6107312,,645144,1576,9,9,1,0,80712320,968048640,,39079161856,,2028576768,,882909184,,73891840,,11247616,,102.3228,76.0335,72.7584,99.7184,140.1679,102.0214,67,false
phase3a-formal-20260925-v2-arena-on,67,full-pipeline,2026-09-24T20:19:40.7020863+00:00,254544.807,measurement,request-count-3100,3100,3100,3100,0,0,5,3105,968048640,2028769280,39079137280,102,20,7392736,,645144,1576,9,9,1,0,81993952,968048640,,39079137280,,2028556288,,882909184,,73891840,,11247616,,94.3312,82.1745,78.5603,126.8493,133.893,93.9723,67,false
phase3a-formal-20260925-v2-arena-on,68,full-pipeline,2026-09-24T20:19:44.5137633+00:00,258356.4841,measurement,request-count-3150,3150,3150,3150,0,0,5,3155,968048640,2028769280,39079137280,102,20,8680912,,645144,1576,9,9,1,0,83278336,968048640,,39079137280,,2028556288,,882909184,,73891840,,11247616,,80.4242,75.8972,72.2608,110.723,126.8289,80.0649,67,false
phase3a-formal-20260925-v2-arena-on,69,full-pipeline,2026-09-24T20:19:48.6659314+00:00,262508.6522,measurement,request-count-3200,3200,3200,3200,0,0,5,3205,968048640,2028789760,39079161856,102,21,1587928,,647488,1320,10,10,1,0,84567272,968048640,,39079161856,,2028576768,,882909184,,73891840,,11247616,,76.3152,81.482,76.5704,117.3116,142.5768,75.9571,67,false
phase3a-formal-20260925-v2-arena-on,70,full-pipeline,2026-09-24T20:19:52.6189512+00:00,266461.672,measurement,request-count-3250,3250,3250,3250,0,0,5,3255,968048640,2028789760,39079161856,102,21,2873376,,647488,1320,10,10,1,0,85848928,968048640,,39079161856,,2028576768,,882909184,,73891840,,11247616,,64.9659,78.5922,74.2222,109.3065,117.5231,64.5998,67,false
phase3a-formal-20260925-v2-arena-on,71,full-pipeline,2026-09-24T20:19:56.9246296+00:00,270767.3505,measurement,request-count-3300,3300,3300,3300,0,0,5,3305,968048640,2028769280,39079137280,102,20,4158664,,647488,1320,10,10,1,0,87130448,968048640,,39079137280,,2028556288,,882909184,,73891840,,11247616,,98.7852,85.7874,81.5526,111.744,131.2168,98.4277,67,false
phase3a-formal-20260925-v2-arena-on,72,full-pipeline,2026-09-24T20:20:01.0085740+00:00,274851.2947,measurement,request-count-3350,3350,3350,3350,0,0,5,3355,968069120,2028789760,39079137280,102,20,5448328,,647488,1320,10,10,1,0,88416368,968069120,,39079137280,,2028576768,,882929664,,73891840,,11247616,,53.5542,80.0065,75.9181,117.4902,128.8768,53.1702,67,false
phase3a-formal-20260925-v2-arena-on,73,full-pipeline,2026-09-24T20:20:04.8779169+00:00,278720.6376,measurement,request-count-3400,3400,3400,3400,0,0,5,3405,968069120,2028789760,39079137280,102,20,6735024,,647488,1320,10,10,1,0,89699296,968069120,,39079137280,,2028576768,,882929664,,73891840,,11247616,,92.5912,77.0338,73.8492,106.4525,115.7773,92.2903,67,false
phase3a-formal-20260925-v2-arena-on,74,full-pipeline,2026-09-24T20:20:08.9245588+00:00,282767.2796,measurement,request-count-3450,3450,3450,3450,0,0,5,3455,968069120,2028789760,39079137280,102,20,8027336,,647488,1320,10,10,1,0,90987816,968069120,,39079137280,,2028576768,,882929664,,73891840,,11247616,,76.4715,80.5184,76.3535,103.2576,118.6422,76.1671,67,false
phase3a-formal-20260925-v2-arena-on,75,full-pipeline,2026-09-24T20:20:12.9985490+00:00,286841.2699,measurement,request-count-3500,3500,3500,3500,0,0,5,3505,968069120,2028789760,39079137280,102,20,930872,,650696,1392,11,11,1,0,92272720,968069120,,39079137280,,2028576768,,882929664,,73891840,,11247616,,70.9887,81.1112,75.6851,111.3968,129.8885,70.5453,67,false
phase3a-formal-20260925-v2-arena-on,76,full-pipeline,2026-09-24T20:20:17.2290197+00:00,291071.7404,measurement,request-count-3550,3550,3550,3550,0,0,5,3555,968069120,2028789760,39079137280,102,20,2219032,,650696,1392,11,11,1,0,93557088,968069120,,39079137280,,2028576768,,882929664,,73891840,,11247616,,74.0826,84.0716,79.4371,117.2475,131.0055,73.765,67,false
phase3a-formal-20260925-v2-arena-on,77,full-pipeline,2026-09-24T20:20:21.0881577+00:00,294930.8785,measurement,request-count-3600,3600,3600,3600,0,0,5,3605,968069120,2028789760,39079137280,102,20,3507184,,650696,1392,11,11,1,0,94841448,968069120,,39079137280,,2028576768,,882929664,,73891840,,11247616,,90.8047,76.7592,76.069,95.6952,104.0365,90.4545,67,false
phase3a-formal-20260925-v2-arena-on,78,full-pipeline,2026-09-24T20:20:25.0001473+00:00,298842.8682,measurement,request-count-3650,3650,3650,3650,0,0,5,3655,968069120,2028789760,39079137280,102,20,4795392,,650696,1392,11,11,1,0,96125864,968069120,,39079137280,,2028576768,,882929664,,73891840,,11247616,,91.6865,76.6148,73.9303,101.2606,111.4124,91.3859,67,false
phase3a-formal-20260925-v2-arena-on,79,full-pipeline,2026-09-24T20:20:28.9269123+00:00,302769.6331,measurement,request-count-3700,3700,3700,3700,0,0,5,3705,968069120,2028789760,39079137280,102,20,6079504,,650696,1392,11,11,1,0,97406088,968069120,,39079137280,,2028576768,,882929664,,73891840,,11247616,,83.9271,76.9695,75.0093,107.2132,130.6551,83.626,67,false
phase3a-formal-20260925-v2-arena-on,80,full-pipeline,2026-09-24T20:20:33.0191088+00:00,306861.8295,measurement,request-count-3750,3750,3750,3750,0,0,5,3755,968069120,2028789760,39079137280,102,20,7371888,,650696,1392,11,11,1,0,98694680,968069120,,39079137280,,2028576768,,882929664,,73891840,,11247616,,92.7141,81.3911,80.3042,109.5215,127.2357,92.4036,67,false
phase3a-formal-20260925-v2-arena-on,81,full-pipeline,2026-09-24T20:20:37.0883210+00:00,310931.0419,measurement,request-count-3800,3800,3800,3800,0,0,5,3805,968069120,2028789760,39079137280,102,20,8660080,,650696,1392,11,11,1,0,99979080,968069120,,39079137280,,2028576768,,882929664,,73891840,,11247616,,76.3226,81.0783,79.0823,104.4208,119.5142,75.9958,67,false
phase3a-formal-20260925-v2-arena-on,82,full-pipeline,2026-09-24T20:20:41.4423245+00:00,315285.0452,measurement,request-count-3850,3850,3850,3850,0,0,5,3855,968069120,2028789760,39079137280,102,20,1559320,,654288,1488,12,12,1,0,101259856,968069120,,39079137280,,2028576768,,882929664,,73891840,,11247616,,73.0827,85.4538,82.8098,111.7298,120.2361,72.4192,67,false
phase3a-formal-20260925-v2-arena-on,83,full-pipeline,2026-09-24T20:20:45.6698226+00:00,319512.5433,measurement,request-count-3900,3900,3900,3900,0,0,5,3905,968069120,2028789760,39079137280,102,20,2851672,,654288,1488,12,12,1,0,102548416,968069120,,39079137280,,2028576768,,882929664,,73891840,,11247616,,66.4414,84.2315,81.8488,117.5633,132.9709,66.1385,67,false
phase3a-formal-20260925-v2-arena-on,84,full-pipeline,2026-09-24T20:20:50.0376460+00:00,323880.3667,measurement,request-count-3950,3950,3950,3950,0,0,5,3955,968069120,2028789760,39079137280,102,20,4139848,,654288,1488,12,12,1,0,103832800,968069120,,39079137280,,2028576768,,882929664,,73891840,,11247616,,99.4285,85.5849,78.8487,114.061,233.1955,98.9278,67,false
phase3a-formal-20260925-v2-arena-on,85,full-pipeline,2026-09-24T20:20:54.0599396+00:00,327902.6603,measurement,request-count-4000,4000,4000,4000,0,0,5,4005,968069120,2028789760,39079137280,102,20,5423864,,654288,1488,12,12,1,0,105113048,968069120,,39079137280,,2028576768,,882929664,,73891840,,11247616,,64.2843,78.8049,72.9509,110.1586,144.2747,63.9709,67,false
phase3a-formal-20260925-v2-arena-on,86,full-pipeline,2026-09-24T20:20:58.3162528+00:00,332158.9736,measurement,request-count-4050,4050,4050,4050,0,0,5,4055,968069120,2028789760,39079137280,102,20,6716176,,654288,1488,12,12,1,0,106401568,968069120,,39079137280,,2028576768,,882929664,,73891840,,11247616,,87.4854,83.4664,82.8677,109.6398,124.2855,87.0823,67,false
phase3a-formal-20260925-v2-arena-on,87,full-pipeline,2026-09-24T20:21:02.3359842+00:00,336178.7049,measurement,request-count-4100,4100,4100,4100,0,0,5,4105,968069120,2028789760,39079137280,102,20,8004360,,654288,1488,12,12,1,0,107685960,968069120,,39079137280,,2028576768,,882929664,,73891840,,11247616,,82.4269,79.6755,75.7427,106.1107,121.9668,82.1211,67,false
phase3a-formal-20260925-v2-arena-on,88,full-pipeline,2026-09-24T20:21:06.0679147+00:00,339910.6355,measurement,request-count-4150,4150,4150,4150,0,0,5,4155,968073216,2028810240,39079161856,102,21,911560,,657792,1584,13,13,1,0,108974880,968073216,,39079161856,,2028597248,,882929664,,73891840,,11251712,,71.4093,74.32,73.2012,91.7856,106.3505,70.8676,67,false
phase3a-formal-20260925-v2-arena-on,89,full-pipeline,2026-09-24T20:21:09.9865260+00:00,343829.2467,measurement,request-count-4200,4200,4200,4200,0,0,5,4205,968073216,2028789760,39079137280,102,20,2196944,,657792,1584,13,13,1,0,110256472,968073216,,39079137280,,2028576768,,882929664,,73891840,,11251712,,58.3383,77.924,75.8954,105.1213,115.917,57.9321,67,false
phase3a-formal-20260925-v2-arena-on,90,full-pipeline,2026-09-24T20:21:13.9645993+00:00,347807.3202,measurement,request-count-4250,4250,4250,4250,0,0,5,4255,968073216,2028789760,39079137280,102,20,3485112,,657792,1584,13,13,1,0,111540848,968073216,,39079137280,,2028576768,,882929664,,73891840,,11251712,,92.292,77.8926,76.0048,101.7279,121.3689,91.7135,67,false
phase3a-formal-20260925-v2-arena-on,91,full-pipeline,2026-09-24T20:21:17.8017000+00:00,351644.4207,measurement,request-count-4300,4300,4300,4300,0,0,5,4305,968073216,2028789760,39079137280,102,20,4773296,,657792,1584,13,13,1,0,112825240,968073216,,39079137280,,2028576768,,882929664,,73891840,,11251712,,88.3533,76.2743,75.2189,94.9156,107.3451,88.0152,67,false
phase3a-formal-20260925-v2-arena-on,92,full-pipeline,2026-09-24T20:21:21.4952742+00:00,355337.995,measurement,request-count-4350,4350,4350,4350,0,0,5,4355,968073216,2028789760,39079137280,102,20,6059176,,657792,1584,13,13,1,0,114107376,968073216,,39079137280,,2028576768,,882929664,,73891840,,11251712,,78.4269,73.5393,72.6081,90.2545,95.3354,78.0814,67,false
phase3a-formal-20260925-v2-arena-on,93,full-pipeline,2026-09-24T20:21:25.5368852+00:00,359379.6061,measurement,request-count-4400,4400,4400,4400,0,0,5,4405,968077312,2028789760,39079137280,102,20,7345464,,657792,1584,13,13,1,0,115389896,968077312,,39079137280,,2028576768,,882933760,,73891840,,11251712,,67.7996,79.0547,77.966,103.2716,109.528,67.4297,67,false
phase3a-formal-20260925-v2-arena-on,94,full-pipeline,2026-09-24T20:21:29.7642233+00:00,363606.9443,measurement,request-count-4450,4450,4450,4450,0,0,5,4455,968077312,2028789760,39079137280,102,20,8637816,,657792,1584,13,13,1,0,116678456,968077312,,39079137280,,2028576768,,882933760,,73891840,,11251712,,128.5228,82.8812,79.5953,103.7229,118.742,128.0397,67,false
phase3a-formal-20260925-v2-arena-on,95,full-pipeline,2026-09-24T20:21:33.6816031+00:00,367524.3238,measurement,request-count-4500,4500,4500,4500,0,0,5,4505,968040448,2027966464,39078313984,102,20,1509480,,620256,552,14,14,2,1,117971560,968040448,,39078313984,,2027753472,,882896896,,73891840,,11251712,,80.5771,77.9893,72.0502,110.6166,115.9186,80.2727,67,false
phase3a-formal-20260925-v2-arena-on,96,full-pipeline,2026-09-24T20:21:37.4384313+00:00,371281.1522,measurement,request-count-4550,4550,4550,4550,0,0,5,4555,968040448,2027966464,39078313984,102,20,2797632,,620256,552,14,14,2,1,119255920,968040448,,39078313984,,2027753472,,882896896,,73891840,,11251712,,70.9679,74.7492,71.5327,91.9172,97.8086,70.5766,67,false
phase3a-formal-20260925-v2-arena-on,97,full-pipeline,2026-09-24T20:21:41.4116468+00:00,375254.3675,measurement,request-count-4600,4600,4600,4600,0,0,5,4605,968040448,2027966464,39078313984,102,20,4085832,,620256,552,14,14,2,1,120540328,968040448,,39078313984,,2027753472,,882896896,,73891840,,11251712,,79.3539,77.9757,74.9579,112.4897,122.1848,75.9812,67,false
phase3a-formal-20260925-v2-arena-on,98,full-pipeline,2026-09-24T20:21:45.4455046+00:00,379288.2253,measurement,request-count-4650,4650,4650,4650,0,0,5,4655,968040448,2027966464,39078313984,102,20,5374080,,620256,552,14,14,2,1,121824784,968040448,,39078313984,,2027753472,,882896896,,73891840,,11251712,,69.3727,80.3882,77.4717,103.8502,121.7213,69.0656,67,false
phase3a-formal-20260925-v2-arena-on,99,full-pipeline,2026-09-24T20:21:49.4454186+00:00,383288.1394,measurement,request-count-4700,4700,4700,4700,0,0,5,4705,968040448,2027966464,39078313984,102,20,6662264,,620256,552,14,14,2,1,123109176,968040448,,39078313984,,2027753472,,882896896,,73891840,,11251712,,98.3774,78.2671,76.3777,102.0115,104.4702,98.072,67,false
phase3a-formal-20260925-v2-arena-on,100,full-pipeline,2026-09-24T20:21:53.4164935+00:00,387259.2146,measurement,request-count-4750,4750,4750,4750,0,0,5,4755,968040448,2027966464,39078313984,102,20,7950416,,620256,552,14,14,2,1,124393536,968040448,,39078313984,,2027753472,,882896896,,73891840,,11251712,,92.377,78.9806,78.8014,99.6378,109.6759,92.0554,67,false
phase3a-formal-20260925-v2-arena-on,101,full-pipeline,2026-09-24T20:21:57.0333323+00:00,390876.053,measurement,request-count-4800,4800,4800,4800,0,0,5,4805,968040448,2027966464,39078313984,102,20,849264,,623464,648,15,15,2,1,125667728,968040448,,39078313984,,2027753472,,882896896,,73891840,,11251712,,71.7669,72.0372,70.5665,90.3314,119.1327,71.4636,67,false
phase3a-formal-20260925-v2-arena-on,102,full-pipeline,2026-09-24T20:22:00.9135924+00:00,394756.3131,measurement,request-count-4850,4850,4850,4850,0,0,5,4855,968040448,2027966464,39078313984,102,20,2141632,,623464,648,15,15,2,1,126956304,968040448,,39078313984,,2027753472,,882896896,,73891840,,11251712,,79.788,77.3173,76.4858,104.1265,112.5425,79.4325,67,false
phase3a-formal-20260925-v2-arena-on,103,full-pipeline,2026-09-24T20:22:04.7826119+00:00,398625.3327,measurement,request-count-4900,4900,4900,4900,0,0,5,4905,968040448,2027966464,39078313984,102,20,3429816,,623464,648,15,15,2,1,128240696,968040448,,39078313984,,2027753472,,882896896,,73891840,,11251712,,83.8311,77.0721,75.154,103.6098,124.7317,83.4804,67,false
phase3a-formal-20260925-v2-arena-on,104,full-pipeline,2026-09-24T20:22:08.7241786+00:00,402566.8994,measurement,request-count-4950,4950,4950,4950,0,0,5,4955,968040448,2027966464,39078313984,102,20,4718048,,623464,648,15,15,2,1,129525136,968040448,,39078313984,,2027753472,,882896896,,73891840,,11251712,,78.7431,78.4666,78.5795,97.6139,101.4229,78.3386,67,false
phase3a-formal-20260925-v2-arena-on,105,full-pipeline,2026-09-24T20:22:12.6171190+00:00,406459.8397,measurement,request-count-5000,5000,5000,5000,0,0,5,5005,968040448,2027966464,39078313984,102,20,6002064,,623464,648,15,15,2,1,130805384,968040448,,39078313984,,2027753472,,882896896,,73891840,,11251712,,61.2269,76.2106,76.2398,101.7029,110.635,60.9117,67,false
phase3a-formal-20260925-v2-arena-on,106,full-pipeline,2026-09-24T20:22:42.6500146+00:00,436492.7353,idle,idle-30-seconds,5000,5000,5000,0,0,5,5005,968425472,2062020608,39179370496,102,25,6173568,,623464,648,15,15,2,1,130976480,968425472,,39179370496,,2061807616,,883068928,,73981952,,11374592,,,,,,,,,
phase3a-formal-20260925-v2-arena-on,107,full-pipeline,2026-09-24T20:22:42.6515935+00:00,436494.3142,forced-gc,forced-gc-before,5000,5000,5000,0,0,5,5005,968433664,2062020608,39179366400,102,25,6243376,,623464,648,15,15,2,1,131046072,968433664,,39179366400,,2061807616,,883077120,,73981952,,11374592,,,,,,,,,
phase3a-formal-20260925-v2-arena-on,108,full-pipeline,2026-09-24T20:22:42.6541162+00:00,436496.8369,forced-gc,forced-gc-after,5000,5000,5000,0,0,5,5005,968441856,2062086144,39179366400,102,25,706336,,624504,720,17,17,4,3,131107976,968441856,,39179366400,,2061873152,,883085312,,73981952,,11374592,,,,,,,,,
phase3a-formal-20260925-v2-arena-on,109,full-pipeline,2026-09-24T20:23:42.6579445+00:00,496500.6654,idle,idle-60-seconds,5000,5000,5000,0,0,5,5005,968548352,2062086144,39179370496,102,25,825416,,624504,720,17,17,4,3,131226352,968548352,,39179370496,,2061873152,,883101696,,74047488,,11399168,,,,,,,,,
phase3a-formal-20260925-v2-arena-on,110,full-pipeline,2026-09-24T20:28:42.6599239+00:00,796502.6449,idle,idle-300-seconds,5000,5000,5000,0,0,5,5005,968552448,2062086144,39179370496,102,25,928064,,624504,720,17,17,4,3,131317176,968544256,,39179370496,,2061873152,,883093504,,74047488,,11403264,,,,,,,,,
phase3a-formal-20260925-v2-arena-on,111,full-pipeline,2026-09-24T20:28:42.7820470+00:00,796624.7681,lifecycle,post-dispose,5000,5000,5000,0,0,5,5005,483770368,677105664,37794357248,102,16,989728,,624504,720,17,17,4,3,131378648,483770368,,37794357248,,676892672,,401891328,,70459392,,11419648,,,,,,,,,
phase3a-formal-20260925-v2-arena-off,0,full-pipeline,2026-09-24T20:28:43.8844992+00:00,0.5859,lifecycle,t0-before-model-load,0,0,0,0,0,0,0,60985344,184238080,36349259776,86,11,1320856,,0,0,0,0,0,0,1316776,60948480,,36349267968,,184098816,,9576448,,45555712,,5816320,,,,,,,,,
phase3a-formal-20260925-v2-arena-off,1,full-pipeline,2026-09-24T20:28:46.4803346+00:00,2596.419,setup,t1-after-model-load,0,0,0,0,0,0,0,939151360,1992433664,38793678848,102,21,1901640,,0,0,0,0,0,0,1895880,939130880,,38793678848,,1992220672,,862908416,,67678208,,8544256,,,,,,,,,
phase3a-formal-20260925-v2-arena-off,2,full-pipeline,2026-09-24T20:28:46.6284942+00:00,2744.578,first-operation,t2-after-first-operation,0,0,0,0,0,1,1,945221632,1992564736,38793674752,102,21,1999816,,0,0,0,0,0,0,1993744,945197056,,38793674752,,1992351744,,863678464,,72540160,,8978432,,,,,,,118.3991,67,false
phase3a-formal-20260925-v2-arena-off,3,full-pipeline,2026-09-24T20:28:47.0697260+00:00,3185.81,warmup,warmup-complete,0,0,0,0,0,5,5,946499584,1993183232,38793691136,104,21,2163784,,0,0,0,0,0,0,2157208,946475008,,38793691136,,1992970240,,864329728,,72691712,,9453568,,,,,,,,,
phase3a-formal-20260925-v2-arena-off,4,full-pipeline,2026-09-24T20:28:47.0792384+00:00,3195.3225,measurement,request-count-0,0,0,0,0,0,5,5,946561024,1993248768,38793687040,104,21,2229320,,0,0,0,0,0,0,2222528,946548736,,38793687040,,1993035776,,864403456,,72691712,,9453568,,,,,,,,,
phase3a-formal-20260925-v2-arena-off,5,full-pipeline,2026-09-24T20:28:48.0530644+00:00,4169.149,measurement,request-count-10,10,10,10,0,0,5,15,951689216,1997791232,38793695232,104,21,2589640,,0,0,0,0,0,0,2581840,951664640,,38793695232,,1997578240,,868888576,,72757248,,10018816,,84.6641,95.7293,107.6666,116.9705,118.3874,84.2853,67,false
phase3a-formal-20260925-v2-arena-off,6,full-pipeline,2026-09-24T20:28:51.3055165+00:00,7421.6004,measurement,request-count-50,50,50,50,0,0,5,55,953282560,1998839808,38793687040,104,21,3638216,,0,0,0,0,0,0,3627296,953257984,,38793687040,,1998626816,,869945344,,72822784,,10489856,,91.6039,79.4347,77.8641,115.3302,126.292,91.2762,67,false
phase3a-formal-20260925-v2-arena-off,7,full-pipeline,2026-09-24T20:28:55.0182725+00:00,11134.3565,measurement,request-count-100,100,100,100,0,0,5,105,956891136,2052210688,39112716288,107,22,4924424,,0,0,0,0,0,0,4909688,956878848,,39112716288,,2051932160,,872570880,,73674752,,10633216,,61.1217,73.7887,69.6594,94.1353,101.3334,60.7953,67,false
phase3a-formal-20260925-v2-arena-off,8,full-pipeline,2026-09-24T20:28:58.9389302+00:00,15055.0143,measurement,request-count-150,150,150,150,0,0,5,155,958468096,2036891648,39095934976,104,21,6218696,,0,0,0,0,0,0,6200144,958443520,,39095934976,,2036678656,,874119168,,73674752,,10649600,,110.0283,77.9426,75.9319,104.0532,108.7469,109.7028,67,false
phase3a-formal-20260925-v2-arena-off,9,full-pipeline,2026-09-24T20:29:02.9859248+00:00,19102.0088,measurement,request-count-200,200,200,200,0,0,5,205,959750144,2021404672,39079137280,104,20,7504744,,0,0,0,0,0,0,7474232,959733760,,39079137280,,2021191680,,875380736,,73674752,,10678272,,65.7625,79.3174,72.7978,127.0822,131.1215,65.4675,67,false
phase3a-formal-20260925-v2-arena-off,10,full-pipeline,2026-09-24T20:29:06.6482613+00:00,22764.3454,measurement,request-count-250,250,250,250,0,0,5,255,961593344,2056552448,39112716288,104,22,1019136,,632424,8232,1,1,0,0,8748512,961593344,,39112716288,,2056339456,,877129728,,73740288,,10723328,,73.8426,72.8772,72.967,90.0043,106.9446,73.5305,67,false
phase3a-formal-20260925-v2-arena-off,11,full-pipeline,2026-09-24T20:29:10.9292020+00:00,27045.286,measurement,request-count-300,300,300,300,0,0,5,305,961638400,2023063552,39079153664,102,21,2304928,,632424,8232,1,1,0,0,10030512,961638400,,39079153664,,2022850560,,877158400,,73740288,,10739712,,77.8755,84.8591,82.924,113.0928,125.2881,77.5955,67,false
phase3a-formal-20260925-v2-arena-off,12,full-pipeline,2026-09-24T20:29:14.9063670+00:00,31022.4511,measurement,request-count-350,350,350,350,0,0,5,355,961642496,2023063552,39079153664,102,21,3598248,,632424,8232,1,1,0,0,11320040,961642496,,39079153664,,2022850560,,877158400,,73740288,,10743808,,65.383,77.6465,75.5448,98.0226,129.6137,65.0528,67,false
phase3a-formal-20260925-v2-arena-off,13,full-pipeline,2026-09-24T20:29:19.0528320+00:00,35168.9162,measurement,request-count-400,400,400,400,0,0,5,405,961695744,2023108608,39079133184,102,20,4880208,,632424,8232,1,1,0,0,12597368,961671168,,39079133184,,2022895616,,877170688,,73740288,,10760192,,74.8126,81.9809,75.1517,115.2585,162.2744,74.473,67,false
phase3a-formal-20260925-v2-arena-off,14,full-pipeline,2026-09-24T20:29:22.6191159+00:00,38735.1999,measurement,request-count-450,450,450,450,0,0,5,455,962990080,2024374272,39079161856,102,21,6171296,,632424,8232,1,1,0,0,13884616,962977792,,39079161856,,2024161280,,878465024,,73740288,,10772480,,66.5354,70.9225,70.7293,91.7593,97.165,66.0984,67,false
phase3a-formal-20260925-v2-arena-off,15,full-pipeline,2026-09-24T20:29:26.6490799+00:00,42765.1641,measurement,request-count-500,500,500,500,0,0,5,505,964300800,2025664512,39079141376,102,20,7457344,,632424,8232,1,1,0,0,15166896,964276224,,39079141376,,2025451520,,879751168,,73740288,,10784768,,59.9536,79.0394,73.1528,113.8443,120.3624,59.5616,67,false
phase3a-formal-20260925-v2-arena-off,16,full-pipeline,2026-09-24T20:29:30.4538449+00:00,46569.9289,measurement,request-count-550,550,550,550,0,0,5,555,965861376,2043998208,39095939072,102,21,8751616,,632424,8232,1,1,0,0,16457352,965836800,,39095939072,,2043785216,,881299456,,73740288,,10797056,,83.2672,75.694,75.1806,93.9592,99.2834,82.9746,67,false
phase3a-formal-20260925-v2-arena-off,17,full-pipeline,2026-09-24T20:29:34.5687234+00:00,50684.8077,measurement,request-count-600,600,600,600,0,0,5,605,966754304,2044846080,39095934976,102,21,1662632,,623472,624,2,2,1,0,17751800,966754304,,39095934976,,2044633088,,882216960,,73740288,,10797056,,76.0735,81.8724,76.8138,102.9915,170.6227,75.7283,67,false
phase3a-formal-20260925-v2-arena-off,18,full-pipeline,2026-09-24T20:29:38.3059303+00:00,54422.0147,measurement,request-count-650,650,650,650,0,0,5,655,966758400,2044846080,39095939072,102,21,2947896,,623472,624,2,2,1,0,19033272,966758400,,39095939072,,2044633088,,882216960,,73740288,,10801152,,66.409,74.3647,70.9611,104.8888,107.6151,66.0185,67,false
phase3a-formal-20260925-v2-arena-off,19,full-pipeline,2026-09-24T20:29:41.9905972+00:00,58106.6815,measurement,request-count-700,700,700,700,0,0,5,705,966762496,2044846080,39095939072,102,21,4241216,,623472,624,2,2,1,0,20322800,966762496,,39095939072,,2044633088,,882216960,,73740288,,10805248,,61.1779,72.1646,70.8129,92.4188,99.2741,60.8848,67,false
phase3a-formal-20260925-v2-arena-off,20,full-pipeline,2026-09-24T20:29:46.2433217+00:00,62359.4058,measurement,request-count-750,750,750,750,0,0,5,755,966778880,2044846080,39095943168,102,21,5524000,,623472,624,2,2,1,0,21601840,966778880,,39095943168,,2044633088,,882216960,,73740288,,10821632,,85.0481,84.4052,81.6817,115.324,128.3737,84.6985,67,false
phase3a-formal-20260925-v2-arena-off,21,full-pipeline,2026-09-24T20:29:50.1872517+00:00,66303.336,measurement,request-count-800,800,800,800,0,0,5,805,966807552,2044846080,39095943168,102,21,6815808,,623472,624,2,2,1,0,22889856,966807552,,39095943168,,2044633088,,882216960,,73740288,,10850304,,88.0511,78.4527,74.6211,110.0211,121.9776,87.7655,67,false
phase3a-formal-20260925-v2-arena-off,22,full-pipeline,2026-09-24T20:29:53.8719376+00:00,69988.0216,measurement,request-count-850,850,850,850,0,0,5,855,966807552,2044846080,39095943168,102,21,8109120,,623472,624,2,2,1,0,24179376,966807552,,39095943168,,2044633088,,882216960,,73740288,,10850304,,93.7608,73.3663,72.9399,93.9641,110.3144,93.4728,67,false
phase3a-formal-20260925-v2-arena-off,23,full-pipeline,2026-09-24T20:29:57.6567109+00:00,73772.795,measurement,request-count-900,900,900,900,0,0,5,905,966815744,2044846080,39095943168,102,21,1013120,,626344,696,3,3,1,0,25458816,966815744,,39095943168,,2044633088,,882216960,,73740288,,10858496,,70.36,75.2864,73.4834,99.1945,105.5454,70.0668,67,false
phase3a-formal-20260925-v2-arena-off,24,full-pipeline,2026-09-24T20:30:01.3176817+00:00,77433.7658,measurement,request-count-950,950,950,950,0,0,5,955,966815744,2044846080,39095943168,102,21,2298336,,626344,696,3,3,1,0,26740240,966815744,,39095943168,,2044633088,,882216960,,73740288,,10858496,,73.8226,72.8893,70.5151,90.7882,116.6354,73.5394,67,false
phase3a-formal-20260925-v2-arena-off,25,full-pipeline,2026-09-24T20:30:05.2037985+00:00,81319.8826,measurement,request-count-1000,1000,1000,1000,0,0,5,1005,966840320,2061623296,39112724480,104,22,3591688,,626344,696,3,3,1,0,28029800,966840320,,39112724480,,2061410304,,882237440,,73740288,,10862592,,60.1797,77.4207,73.9325,111.7048,114.7057,59.9069,67,false
phase3a-formal-20260925-v2-arena-off,26,full-pipeline,2026-09-24T20:30:08.9065243+00:00,85022.6083,measurement,request-count-1050,1050,1050,1050,0,0,5,1055,966823936,2044846080,39095943168,102,21,4878648,,626344,696,3,3,1,0,29312992,966823936,,39095943168,,2044633088,,882221056,,73740288,,10862592,,71.2698,73.6632,70.846,99.6398,108.965,70.9776,67,false
phase3a-formal-20260925-v2-arena-off,27,full-pipeline,2026-09-24T20:30:12.9353133+00:00,89051.3975,measurement,request-count-1100,1100,1100,1100,0,0,5,1105,966799360,2028048384,39079137280,104,21,6172328,,626344,696,3,3,1,0,30602880,966799360,,39079137280,,2027835392,,882196480,,73740288,,10862592,,86.5514,80.2356,75.23,106.8246,121.8672,86.1781,67,false
phase3a-formal-20260925-v2-arena-off,28,full-pipeline,2026-09-24T20:30:16.7614246+00:00,92877.5087,measurement,request-count-1150,1150,1150,1150,0,0,5,1155,966803456,2028068864,39079161856,102,21,7458016,,626344,696,3,3,1,0,31884776,966803456,,39079161856,,2027855872,,882196480,,73740288,,10866688,,66.2132,76.0561,72.4307,99.8605,107.7955,65.9423,67,false
phase3a-formal-20260925-v2-arena-off,29,full-pipeline,2026-09-24T20:30:20.7138297+00:00,96829.914,measurement,request-count-1200,1200,1200,1200,0,0,5,1205,966815744,2028068864,39079161856,102,21,8751736,,626344,696,3,3,1,0,33174704,966815744,,39079161856,,2027855872,,882200576,,73740288,,10874880,,60.5282,78.6587,75.6318,107.2204,112.6376,60.2237,67,false
phase3a-formal-20260925-v2-arena-off,30,full-pipeline,2026-09-24T20:30:24.5267539+00:00,100642.8394,measurement,request-count-1250,1250,1250,1250,0,0,5,1255,966823936,2028068864,39079161856,102,21,1657160,,629832,792,4,4,1,0,34461496,966823936,,39079161856,,2027855872,,882200576,,73740288,,10883072,,62.9541,75.8968,70.9383,107.3159,114.1824,62.6447,67,false
phase3a-formal-20260925-v2-arena-off,31,full-pipeline,2026-09-24T20:30:28.5451720+00:00,104661.2563,measurement,request-count-1300,1300,1300,1300,0,0,5,1305,966926336,2028068864,39079157760,102,21,2942264,,629832,792,4,4,1,0,35742808,966926336,,39079157760,,2027855872,,882208768,,73740288,,10977280,,83.9265,78.6051,75.6226,115.082,121.3944,83.6213,67,false
phase3a-formal-20260925-v2-arena-off,32,full-pipeline,2026-09-24T20:30:32.8918751+00:00,109007.9589,measurement,request-count-1350,1350,1350,1350,0,0,5,1355,966922240,2028048384,39079133184,102,20,4227712,,629832,792,4,4,1,0,37024488,966922240,,39079133184,,2027835392,,882196480,,73740288,,10985472,,80.5161,85.0617,84.7572,109.1776,119.1878,79.81,67,false
phase3a-formal-20260925-v2-arena-off,33,full-pipeline,2026-09-24T20:30:37.0754014+00:00,113191.4849,measurement,request-count-1400,1400,1400,1400,0,0,5,1405,966922240,2028068864,39079157760,102,21,5524312,,629832,792,4,4,1,0,38317296,966922240,,39079157760,,2027855872,,882196480,,73740288,,10985472,,72.5313,82.971,82.1535,105.0005,128.4911,72.2089,67,false
phase3a-formal-20260925-v2-arena-off,34,full-pipeline,2026-09-24T20:30:40.9668148+00:00,117082.8987,measurement,request-count-1450,1450,1450,1450,0,0,5,1455,966930432,2028068864,39079157760,102,21,6809896,,629832,792,4,4,1,0,39599088,966930432,,39079157760,,2027855872,,882200576,,73740288,,10989568,,105.2316,77.1334,77.0544,101.9294,114.7355,104.8856,67,false
phase3a-formal-20260925-v2-arena-off,35,full-pipeline,2026-09-24T20:30:44.8308297+00:00,120946.9137,measurement,request-count-1500,1500,1500,1500,0,0,5,1505,967012352,2028068864,39079157760,102,21,8103648,,629832,792,4,4,1,0,40889048,967012352,,39079157760,,2027855872,,882208768,,73740288,,11063296,,90.5954,76.8251,75.0654,108.2719,114.7166,90.289,67,false
phase3a-formal-20260925-v2-arena-off,36,full-pipeline,2026-09-24T20:30:48.8933245+00:00,125009.4081,measurement,request-count-1550,1550,1550,1550,0,0,5,1555,967012352,2028048384,39079129088,102,20,1004488,,633064,888,5,5,1,0,42171336,967012352,,39079129088,,2027835392,,882196480,,73740288,,11075584,,74.5765,79.4495,74.498,109.354,117.8156,74.2854,67,false
phase3a-formal-20260925-v2-arena-off,37,full-pipeline,2026-09-24T20:30:52.7839855+00:00,128900.0693,measurement,request-count-1600,1600,1600,1600,0,0,5,1605,967012352,2028068864,39079153664,102,21,2292904,,633064,888,5,5,1,0,43455960,967012352,,39079153664,,2027855872,,882196480,,73740288,,11075584,,53.9421,77.3051,71.7363,109.4566,117.4784,53.6415,67,false
phase3a-formal-20260925-v2-arena-off,38,full-pipeline,2026-09-24T20:30:56.9804433+00:00,133096.527,measurement,request-count-1650,1650,1650,1650,0,0,5,1655,967012352,2028048384,39079129088,102,20,3578384,,633064,888,5,5,1,0,44737672,967012352,,39079129088,,2027835392,,882196480,,73740288,,11075584,,83.6643,83.5515,78.2358,111.7318,172.1555,83.3238,67,false
phase3a-formal-20260925-v2-arena-off,39,full-pipeline,2026-09-24T20:31:00.9438848+00:00,137059.9686,measurement,request-count-1700,1700,1700,1700,0,0,5,1705,967012352,2028048384,39079129088,102,20,4867096,,633064,888,5,5,1,0,46022616,967012352,,39079129088,,2027835392,,882196480,,73740288,,11075584,,76.0909,78.5229,74.4578,107.8637,125.92,75.8341,67,false
phase3a-formal-20260925-v2-arena-off,40,full-pipeline,2026-09-24T20:31:04.9134472+00:00,141029.5308,measurement,request-count-1750,1750,1750,1750,0,0,5,1755,967012352,2028048384,39079129088,102,20,6159288,,633064,888,5,5,1,0,47311016,967012352,,39079129088,,2027835392,,882196480,,73740288,,11075584,,69.5577,77.8478,76.0019,99.5308,107.1027,69.2286,67,false
phase3a-formal-20260925-v2-arena-off,41,full-pipeline,2026-09-24T20:31:09.1359651+00:00,145252.0487,measurement,request-count-1800,1800,1800,1800,0,0,5,1805,967032832,2044825600,39095910400,104,21,7447672,,633064,888,5,5,1,0,48595608,967032832,,39095910400,,2044612608,,882216960,,73740288,,11075584,,98.2146,82.8814,79.8627,109.145,120.5219,97.7763,67,false
phase3a-formal-20260925-v2-arena-off,42,full-pipeline,2026-09-24T20:31:13.3145273+00:00,149430.6109,measurement,request-count-1850,1850,1850,1850,0,0,5,1855,967008256,2028048384,39079129088,102,20,8733312,,633064,888,5,5,1,0,49877480,967008256,,39079129088,,2027835392,,882192384,,73740288,,11075584,,77.3848,83.1724,76.9252,113.4965,130.4429,77.0992,67,false
phase3a-formal-20260925-v2-arena-off,43,full-pipeline,2026-09-24T20:31:18.0641586+00:00,154180.2422,measurement,request-count-1900,1900,1900,1900,0,0,5,1905,967020544,2028068864,39079157760,102,21,1641872,,637136,984,6,6,1,0,51166760,967020544,,39079157760,,2027855872,,882196480,,73740288,,11083776,,98.6079,94.0851,95.0202,120.8262,126.0437,98.2327,67,false
phase3a-formal-20260925-v2-arena-off,44,full-pipeline,2026-09-24T20:31:21.8920211+00:00,158008.1047,measurement,request-count-1950,1950,1950,1950,0,0,5,1955,967020544,2028068864,39079157760,102,21,2935568,,637136,984,6,6,1,0,52456664,967020544,,39079157760,,2027855872,,882196480,,73740288,,11083776,,75.1495,76.1697,72.3537,107.4879,112.8544,74.8313,67,false
phase3a-formal-20260925-v2-arena-off,45,full-pipeline,2026-09-24T20:31:26.5797911+00:00,162695.8748,measurement,request-count-2000,2000,2000,2000,0,0,5,2005,967020544,2028048384,39079133184,102,20,4221224,,637136,984,6,6,1,0,53738528,967020544,,39079133184,,2027835392,,882196480,,73740288,,11083776,,98.2889,91.9302,91.8853,124.2431,126.8255,97.5338,67,false
phase3a-formal-20260925-v2-arena-off,46,full-pipeline,2026-09-24T20:31:30.7767502+00:00,166892.8338,measurement,request-count-2050,2050,2050,2050,0,0,5,2055,967020544,2028048384,39079133184,102,20,5505448,,637136,984,6,6,1,0,55018984,967020544,,39079133184,,2027835392,,882196480,,73740288,,11083776,,92.006,82.4263,79.9097,111.3878,118.544,91.6699,67,false
phase3a-formal-20260925-v2-arena-off,47,full-pipeline,2026-09-24T20:31:34.8968854+00:00,171012.969,measurement,request-count-2100,2100,2100,2100,0,0,5,2105,967020544,2028048384,39079133184,102,20,6797992,,637136,984,6,6,1,0,56307736,967020544,,39079133184,,2027835392,,882196480,,73740288,,11083776,,77.1378,80.8623,77.157,120.3231,133.4282,76.8097,67,false
phase3a-formal-20260925-v2-arena-off,48,full-pipeline,2026-09-24T20:31:39.2914701+00:00,175407.5537,measurement,request-count-2150,2150,2150,2150,0,0,5,2155,967020544,2028048384,39079133184,102,20,8086400,,637136,984,6,6,1,0,57592352,967020544,,39079133184,,2027835392,,882196480,,73740288,,11083776,,86.4182,87.5218,84.2124,128.8875,131.3591,86.0762,67,false
phase3a-formal-20260925-v2-arena-off,49,full-pipeline,2026-09-24T20:31:43.5978826+00:00,179713.9662,measurement,request-count-2200,2200,2200,2200,0,0,5,2205,967024640,2028068864,39079157760,102,21,993688,,640424,1120,7,7,1,0,58881488,967024640,,39079157760,,2027855872,,882196480,,73740288,,11087872,,119.4132,84.537,83.7113,119.4019,134.6365,118.9367,67,false
phase3a-formal-20260925-v2-arena-off,50,full-pipeline,2026-09-24T20:31:47.9694704+00:00,184085.5543,measurement,request-count-2250,2250,2250,2250,0,0,5,2255,967045120,2028068864,39079157760,104,21,2279304,,640424,1120,7,7,1,0,60163312,967045120,,39079133184,,2027835392,,882200576,,73740288,,11104256,,103.9028,86.896,81.9502,126.761,147.1274,103.5198,67,false
phase3a-formal-20260925-v2-arena-off,51,full-pipeline,2026-09-24T20:31:51.9951452+00:00,188111.229,measurement,request-count-2300,2300,2300,2300,0,0,5,2305,967045120,2028048384,39079133184,102,20,3564952,,640424,1120,7,7,1,0,61445192,967045120,,39079133184,,2027835392,,882200576,,73740288,,11104256,,100.2941,80.0181,79.5264,101.82,107.0216,99.9721,67,false
phase3a-formal-20260925-v2-arena-off,52,full-pipeline,2026-09-24T20:31:56.0280436+00:00,192144.1275,measurement,request-count-2350,2350,2350,2350,0,0,5,2355,967045120,2028048384,39079133184,102,20,4857224,,640424,1120,7,7,1,0,62733512,967045120,,39079133184,,2027835392,,882200576,,73740288,,11104256,,73.2676,80.1383,76.8336,115.27,123.5569,72.9335,67,false
phase3a-formal-20260925-v2-arena-off,53,full-pipeline,2026-09-24T20:31:59.7233961+00:00,195839.4798,measurement,request-count-2400,2400,2400,2400,0,0,5,2405,967045120,2028068864,39079157760,102,21,6146080,,640424,1120,7,7,1,0,64018576,967045120,,39079157760,,2027855872,,882200576,,73740288,,11104256,,67.7882,72.399,69.761,96.6795,121.2053,67.5239,67,false
phase3a-formal-20260925-v2-arena-off,54,full-pipeline,2026-09-24T20:32:03.5886569+00:00,199704.7406,measurement,request-count-2450,2450,2450,2450,0,0,5,2455,967045120,2028068864,39079157760,102,21,7439800,,640424,1120,7,7,1,0,65308504,967045120,,39079157760,,2027855872,,882200576,,73740288,,11104256,,71.2793,75.7522,73.1979,95.5377,122.7066,70.8081,67,false
phase3a-formal-20260925-v2-arena-off,55,full-pipeline,2026-09-24T20:32:07.5548753+00:00,203670.9592,measurement,request-count-2500,2500,2500,2500,0,0,5,2505,967053312,2028068864,39079161856,102,21,8725456,,640424,1120,7,7,1,0,66590368,967053312,,39079161856,,2027855872,,882200576,,73740288,,11112448,,80.2953,79.0312,76.9326,112.2763,123.2726,79.9687,67,false
phase3a-formal-20260925-v2-arena-off,56,full-pipeline,2026-09-24T20:32:11.3885104+00:00,207504.594,measurement,request-count-2550,2550,2550,2550,0,0,5,2555,967053312,2028068864,39079161856,102,21,1632984,,643880,1984,8,8,1,0,67880784,967053312,,39079161856,,2027855872,,882200576,,73740288,,11112448,,79.2313,76.3421,74.5873,93.1278,105.9494,78.8206,67,false
phase3a-formal-20260925-v2-arena-off,57,full-pipeline,2026-09-24T20:32:15.2112192+00:00,211327.303,measurement,request-count-2600,2600,2600,2600,0,0,5,2605,967053312,2028048384,39079137280,104,20,2918592,,643880,1984,8,8,1,0,69162600,967053312,,39079137280,,2027835392,,882200576,,73740288,,11112448,,77.9389,76.1584,75.1178,104.6593,112.2006,77.5216,67,false
phase3a-formal-20260925-v2-arena-off,58,full-pipeline,2026-09-24T20:32:19.1905522+00:00,215306.6361,measurement,request-count-2650,2650,2650,2650,0,0,5,2655,967053312,2028068864,39079161856,102,21,4207152,,643880,1984,8,8,1,0,70447368,967053312,,39079161856,,2027855872,,882200576,,73740288,,11112448,,85.6709,79.2654,75.2141,100.8154,136.113,85.277,67,false
phase3a-formal-20260925-v2-arena-off,59,full-pipeline,2026-09-24T20:32:23.0361707+00:00,219152.2544,measurement,request-count-2700,2700,2700,2700,0,0,5,2705,967077888,2028068864,39079161856,102,21,5494656,,643880,1984,8,8,1,0,71730152,967077888,,39079161856,,2027855872,,882204672,,73740288,,11132928,,103.4503,76.5262,74.5393,95.6235,124.3035,103.1119,67,false
phase3a-formal-20260925-v2-arena-off,60,full-pipeline,2026-09-24T20:32:26.9029786+00:00,223019.0634,measurement,request-count-2750,2750,2750,2750,0,0,5,2755,967081984,2028068864,39079161856,102,21,6787472,,643880,1984,8,8,1,0,73019176,967081984,,39079161856,,2027855872,,882204672,,73740288,,11137024,,70.3321,77.0214,72.8284,103.5835,110.7703,69.9976,67,false
phase3a-formal-20260925-v2-arena-off,61,full-pipeline,2026-09-24T20:32:30.8692351+00:00,226985.3186,measurement,request-count-2800,2800,2800,2800,0,0,5,2805,967131136,2028068864,39079161856,102,21,8081200,,643880,1984,8,8,1,0,74309112,967131136,,39079161856,,2027855872,,882204672,,73740288,,11186176,,65.712,78.6664,75.3166,109.6077,118.3067,65.3718,67,false
phase3a-formal-20260925-v2-arena-off,62,full-pipeline,2026-09-24T20:32:34.5753123+00:00,230691.3957,measurement,request-count-2850,2850,2850,2850,0,0,5,2855,967127040,2028048384,39079137280,102,20,976752,,646048,1448,9,9,1,0,75587240,967127040,,39079137280,,2027835392,,882200576,,73740288,,11186176,,57.0599,73.7884,70.8484,101.3941,102.7148,56.7239,67,false
phase3a-formal-20260925-v2-arena-off,63,full-pipeline,2026-09-24T20:32:38.4396379+00:00,234555.7212,measurement,request-count-2900,2900,2900,2900,0,0,5,2905,967127040,2028068864,39079161856,102,21,2269336,,646048,1448,9,9,1,0,76876032,967127040,,39079161856,,2027855872,,882200576,,73740288,,11186176,,84.2467,76.9683,74.18,108.9976,127.2272,83.9353,67,false
phase3a-formal-20260925-v2-arena-off,64,full-pipeline,2026-09-24T20:32:42.4480722+00:00,238564.1556,measurement,request-count-2950,2950,2950,2950,0,0,5,2955,967135232,2028068864,39079161856,102,21,3563080,,646048,1448,9,9,1,0,78165984,967135232,,39079161856,,2027855872,,882200576,,73740288,,11194368,,68.7283,78.6528,76.3049,100.7404,121.9849,68.4021,67,false
phase3a-formal-20260925-v2-arena-off,65,full-pipeline,2026-09-24T20:32:46.4421907+00:00,242558.2741,measurement,request-count-3000,3000,3000,3000,0,0,5,3005,967176192,2028068864,39079161856,102,21,4847072,,646048,1448,9,9,1,0,79445800,967176192,,39079161856,,2027855872,,882212864,,73740288,,11223040,,74.6693,79.6068,77.8583,97.8988,108.9695,74.1994,67,false
phase3a-formal-20260925-v2-arena-off,66,full-pipeline,2026-09-24T20:32:50.6569043+00:00,246772.9877,measurement,request-count-3050,3050,3050,3050,0,0,5,3055,967163904,2028048384,39079133184,102,20,6138720,,646048,1448,9,9,1,0,80733656,967163904,,39079133184,,2027835392,,882200576,,73740288,,11223040,,81.6474,82.7001,78.8967,114.4642,127.3991,81.3071,67,false
phase3a-formal-20260925-v2-arena-off,67,full-pipeline,2026-09-24T20:32:54.5328371+00:00,250648.9205,measurement,request-count-3100,3100,3100,3100,0,0,5,3105,967163904,2028048384,39079133184,102,20,7427080,,646048,1448,9,9,1,0,82018224,967163904,,39079133184,,2027835392,,882200576,,73740288,,11223040,,74.4607,77.1588,74.3652,108.2173,134.0174,74.0778,67,false
phase3a-formal-20260925-v2-arena-off,68,full-pipeline,2026-09-24T20:32:58.5987804+00:00,254714.8638,measurement,request-count-3150,3150,3150,3150,0,0,5,3155,967163904,2028048384,39079133184,102,20,8715464,,646048,1448,9,9,1,0,83302816,967163904,,39079133184,,2027835392,,882200576,,73740288,,11223040,,64.8302,80.8751,77.3903,107.5105,113.206,64.4842,67,false
phase3a-formal-20260925-v2-arena-off,69,full-pipeline,2026-09-24T20:33:02.4687644+00:00,258584.8477,measurement,request-count-3200,3200,3200,3200,0,0,5,3205,967163904,2028068864,39079157760,102,21,1623376,,649960,1272,10,10,1,0,84591912,967163904,,39079157760,,2027855872,,882200576,,73740288,,11223040,,71.5998,76.7855,74.6914,96.9468,110.2414,71.323,67,false
phase3a-formal-20260925-v2-arena-off,70,full-pipeline,2026-09-24T20:33:06.8569300+00:00,262973.0134,measurement,request-count-3250,3250,3250,3250,0,0,5,3255,967163904,2028048384,39079133184,102,20,2908952,,649960,1272,10,10,1,0,85873696,967163904,,39079133184,,2027835392,,882200576,,73740288,,11223040,,62.3506,87.4357,84.8561,121.8499,137.3742,62.0238,67,false
phase3a-formal-20260925-v2-arena-off,71,full-pipeline,2026-09-24T20:33:11.0395499+00:00,267155.6333,measurement,request-count-3300,3300,3300,3300,0,0,5,3305,967163904,2028048384,39079133184,102,20,4197352,,649960,1272,10,10,1,0,87158304,967163904,,39079133184,,2027835392,,882200576,,73740288,,11223040,,68.3768,83.3709,78.2496,121.1638,125.9877,68.0079,67,false
phase3a-formal-20260925-v2-arena-off,72,full-pipeline,2026-09-24T20:33:15.4283271+00:00,271544.4105,measurement,request-count-3350,3350,3350,3350,0,0,5,3355,967163904,2028048384,39079133184,102,20,5485736,,649960,1272,10,10,1,0,88442896,967163904,,39079133184,,2027835392,,882200576,,73740288,,11223040,,76.7115,86.7915,87.3798,122.588,125.0575,76.3546,67,false
phase3a-formal-20260925-v2-arena-off,73,full-pipeline,2026-09-24T20:33:19.5510645+00:00,275667.1478,measurement,request-count-3400,3400,3400,3400,0,0,5,3405,967159808,2028048384,39079133184,102,20,6774104,,649960,1272,10,10,1,0,89727472,967159808,,39079133184,,2027835392,,882196480,,73740288,,11223040,,75.2304,82.0139,77.9147,109.519,120.4764,74.9057,67,false
phase3a-formal-20260925-v2-arena-off,74,full-pipeline,2026-09-24T20:33:23.6627453+00:00,279778.8287,measurement,request-count-3450,3450,3450,3450,0,0,5,3455,967159808,2028048384,39079133184,102,20,8062464,,649960,1272,10,10,1,0,91012040,967159808,,39079133184,,2027835392,,882196480,,73740288,,11223040,,88.663,80.7915,76.7895,107.7187,113.0523,88.2429,67,false
phase3a-formal-20260925-v2-arena-off,75,full-pipeline,2026-09-24T20:33:27.5844812+00:00,283700.5646,measurement,request-count-3500,3500,3500,3500,0,0,5,3505,967159808,2028048384,39079133184,102,20,964336,,651656,1320,11,11,1,0,92297104,967159808,,39079133184,,2027835392,,882196480,,73740288,,11223040,,101.2407,77.814,74.7221,105.4219,144.4746,100.6749,67,false
phase3a-formal-20260925-v2-arena-off,76,full-pipeline,2026-09-24T20:33:32.0364941+00:00,288152.5775,measurement,request-count-3550,3550,3550,3550,0,0,5,3555,967159808,2028048384,39079133184,102,20,2252744,,651656,1320,11,11,1,0,93581720,967159808,,39079133184,,2027835392,,882196480,,73740288,,11223040,,109.6178,87.2696,87.1058,109.5293,122.691,109.3377,67,false
phase3a-formal-20260925-v2-arena-off,77,full-pipeline,2026-09-24T20:33:36.0332185+00:00,292149.3019,measurement,request-count-3600,3600,3600,3600,0,0,5,3605,967159808,2028048384,39079133184,102,20,3541104,,651656,1320,11,11,1,0,94866288,967159808,,39079133184,,2027835392,,882196480,,73740288,,11223040,,106.47,79.5336,77.5423,104.3486,118.3562,106.1445,67,false
phase3a-formal-20260925-v2-arena-off,78,full-pipeline,2026-09-24T20:33:40.0771534+00:00,296193.2368,measurement,request-count-3650,3650,3650,3650,0,0,5,3655,967159808,2028048384,39079133184,102,20,4829544,,651656,1320,11,11,1,0,96150936,967159808,,39079133184,,2027835392,,882196480,,73740288,,11223040,,70.7964,80.4941,77.776,104.2205,134.4391,70.5236,67,false
phase3a-formal-20260925-v2-arena-off,79,full-pipeline,2026-09-24T20:33:44.5027979+00:00,300618.8813,measurement,request-count-3700,3700,3700,3700,0,0,5,3705,967159808,2028048384,39079133184,102,20,6113744,,651656,1320,11,11,1,0,97431368,967159808,,39079133184,,2027835392,,882196480,,73740288,,11223040,,106.9302,88.0351,86.7114,121.5307,144.239,106.6398,67,false
phase3a-formal-20260925-v2-arena-off,80,full-pipeline,2026-09-24T20:33:48.6328211+00:00,304748.9045,measurement,request-count-3750,3750,3750,3750,0,0,5,3755,967159808,2028048384,39079133184,102,20,7406256,,651656,1320,11,11,1,0,98720088,967159808,,39079133184,,2027835392,,882196480,,73740288,,11223040,,75.5059,81.0221,74.1909,124.9215,165.5631,75.0509,67,false
phase3a-formal-20260925-v2-arena-off,81,full-pipeline,2026-09-24T20:33:52.6182831+00:00,308734.3665,measurement,request-count-3800,3800,3800,3800,0,0,5,3805,967159808,2028048384,39079133184,102,20,8694640,,651656,1320,11,11,1,0,100004680,967159808,,39079133184,,2027835392,,882196480,,73740288,,11223040,,66.4903,79.1807,78.9221,105.1341,112.7663,66.1787,67,false
phase3a-formal-20260925-v2-arena-off,82,full-pipeline,2026-09-24T20:33:56.3344990+00:00,312450.5824,measurement,request-count-3850,3850,3850,3850,0,0,5,3855,967159808,2028068864,39079157760,102,21,1599976,,652864,1368,12,12,1,0,101293776,967159808,,39079157760,,2027855872,,882196480,,73740288,,11223040,,83.809,73.9962,73.8831,90.1098,95.7943,83.4254,67,false
phase3a-formal-20260925-v2-arena-off,83,full-pipeline,2026-09-24T20:34:00.3620293+00:00,316478.1126,measurement,request-count-3900,3900,3900,3900,0,0,5,3905,967159808,2028048384,39079133184,102,20,2885608,,652864,1368,12,12,1,0,102575616,967159808,,39079133184,,2027835392,,882196480,,73740288,,11223040,,79.9272,79.0046,77.4411,108.2909,115.8988,79.6315,67,false
phase3a-formal-20260925-v2-arena-off,84,full-pipeline,2026-09-24T20:34:04.4546520+00:00,320570.7354,measurement,request-count-3950,3950,3950,3950,0,0,5,3955,967159808,2028048384,39079133184,102,20,4174016,,652864,1368,12,12,1,0,103860232,967159808,,39079133184,,2027835392,,882196480,,73740288,,11223040,,65.0972,81.4427,79.505,108.9784,143.1555,64.8293,67,false
phase3a-formal-20260925-v2-arena-off,85,full-pipeline,2026-09-24T20:34:08.3594584+00:00,324475.5418,measurement,request-count-4000,4000,4000,4000,0,0,5,4005,967159808,2028048384,39079133184,102,20,5458200,,652864,1368,12,12,1,0,105140648,967159808,,39079133184,,2027835392,,882196480,,73740288,,11223040,,129.6144,77.8424,76.0653,106.7069,119.539,129.3301,67,false
phase3a-formal-20260925-v2-arena-off,86,full-pipeline,2026-09-24T20:34:12.3194875+00:00,328435.5709,measurement,request-count-4050,4050,4050,4050,0,0,5,4055,967159808,2028048384,39079133184,102,20,6750728,,652864,1368,12,12,1,0,106429384,967159808,,39079133184,,2027835392,,882196480,,73740288,,11223040,,61.9272,78.8148,77.4699,108.9089,118.3883,61.3311,67,false
phase3a-formal-20260925-v2-arena-off,87,full-pipeline,2026-09-24T20:34:16.4223655+00:00,332538.4489,measurement,request-count-4100,4100,4100,4100,0,0,5,4105,967159808,2028048384,39079133184,102,20,8039112,,652864,1368,12,12,1,0,107713976,967159808,,39079133184,,2027835392,,882196480,,73740288,,11223040,,72.2908,81.5437,78.3659,110.089,127.9283,72.0097,67,false
phase3a-formal-20260925-v2-arena-off,88,full-pipeline,2026-09-24T20:34:20.3178005+00:00,336433.8839,measurement,request-count-4150,4150,4150,4150,0,0,5,4155,967163904,2028068864,39079157760,102,21,945512,,655176,1440,13,13,1,0,109003088,967163904,,39079157760,,2027855872,,882196480,,73740288,,11227136,,85.2074,77.5663,73.6459,106.6053,130.1009,84.863,67,false
phase3a-formal-20260925-v2-arena-off,89,full-pipeline,2026-09-24T20:34:24.0311748+00:00,340147.2582,measurement,request-count-4200,4200,4200,4200,0,0,5,4205,967163904,2028048384,39079133184,102,20,2231144,,655176,1440,13,13,1,0,110284928,967163904,,39079133184,,2027835392,,882196480,,73740288,,11227136,,103.3091,73.9507,70.6255,95.9851,116.0198,103.0198,67,false
phase3a-formal-20260925-v2-arena-off,90,full-pipeline,2026-09-24T20:34:27.6678461+00:00,343783.9295,measurement,request-count-4250,4250,4250,4250,0,0,5,4255,967163904,2028048384,39079133184,102,20,3519520,,655176,1440,13,13,1,0,111569512,967163904,,39079133184,,2027835392,,882196480,,73740288,,11227136,,57.5027,72.4175,70.3579,91.9322,100.5705,57.1832,67,false
phase3a-formal-20260925-v2-arena-off,91,full-pipeline,2026-09-24T20:34:31.6886575+00:00,347804.7409,measurement,request-count-4300,4300,4300,4300,0,0,5,4305,967163904,2028048384,39079133184,102,20,4807920,,655176,1440,13,13,1,0,112854120,967163904,,39079133184,,2027835392,,882196480,,73740288,,11227136,,64.2176,80.0371,80.0437,104.073,112.9354,63.9483,67,false
phase3a-formal-20260925-v2-arena-off,92,full-pipeline,2026-09-24T20:34:35.6855220+00:00,351801.6054,measurement,request-count-4350,4350,4350,4350,0,0,5,4355,967163904,2028048384,39079133184,102,20,6092152,,655176,1440,13,13,1,0,114134584,967163904,,39079133184,,2027835392,,882196480,,73740288,,11227136,,76.4064,79.5137,76.3704,104.1141,122.1922,76.0537,67,false
phase3a-formal-20260925-v2-arena-off,93,full-pipeline,2026-09-24T20:34:39.5967806+00:00,355712.864,measurement,request-count-4400,4400,4400,4400,0,0,5,4405,967168000,2028068864,39079157760,102,21,7384712,,655176,1440,13,13,1,0,115423352,967168000,,39079157760,,2027855872,,882200576,,73740288,,11227136,,72.5893,76.6248,72.4709,102.9472,118.5266,72.2353,67,false
phase3a-formal-20260925-v2-arena-off,94,full-pipeline,2026-09-24T20:34:43.5332893+00:00,359649.3726,measurement,request-count-4450,4450,4450,4450,0,0,5,4455,967168000,2028048384,39079133184,102,20,8670208,,655176,1440,13,13,1,0,116705080,967168000,,39079133184,,2027835392,,882200576,,73740288,,11227136,,71.5947,77.1324,73.1383,97.396,113.7,71.2294,67,false
phase3a-formal-20260925-v2-arena-off,95,full-pipeline,2026-09-24T20:34:47.5024339+00:00,363618.5173,measurement,request-count-4500,4500,4500,4500,0,0,5,4505,967127040,2027290624,39078305792,102,20,1545264,,620960,480,14,14,2,1,117998384,967127040,,39078305792,,2027077632,,882163712,,73740288,,11223040,,72.3002,79.038,74.819,109.4389,123.225,71.9825,67,false
phase3a-formal-20260925-v2-arena-off,96,full-pipeline,2026-09-24T20:34:51.8914981+00:00,368007.5814,measurement,request-count-4550,4550,4550,4550,0,0,5,4555,967127040,2027290624,39078305792,102,20,2837840,,620960,480,14,14,2,1,119287168,967127040,,39078305792,,2027077632,,882163712,,73740288,,11223040,,61.3055,87.4632,85.541,129.8866,141.0391,61.0238,67,false
phase3a-formal-20260925-v2-arena-off,97,full-pipeline,2026-09-24T20:34:55.9717798+00:00,372087.8632,measurement,request-count-4600,4600,4600,4600,0,0,5,4605,967127040,2027290624,39078305792,102,20,4126240,,620960,480,14,14,2,1,120571776,967127040,,39078305792,,2027077632,,882163712,,73740288,,11223040,,64.4849,81.2067,77.9687,106.6226,119.7975,64.1943,67,false
phase3a-formal-20260925-v2-arena-off,98,full-pipeline,2026-09-24T20:34:59.9595054+00:00,376075.5889,measurement,request-count-4650,4650,4650,4650,0,0,5,4655,967127040,2027290624,39078305792,102,20,5410472,,620960,480,14,14,2,1,121852240,967127040,,39078305792,,2027077632,,882163712,,73740288,,11223040,,80.4875,78.1923,75.2855,109.5314,123.5846,80.2091,67,false
phase3a-formal-20260925-v2-arena-off,99,full-pipeline,2026-09-24T20:35:04.0374839+00:00,380153.5673,measurement,request-count-4700,4700,4700,4700,0,0,5,4705,967127040,2027290624,39078305792,102,20,6703056,,620960,480,14,14,2,1,123141032,967127040,,39078305792,,2027077632,,882163712,,73740288,,11223040,,59.7293,79.5983,75.763,109.3668,114.0415,59.4416,67,false
phase3a-formal-20260925-v2-arena-off,100,full-pipeline,2026-09-24T20:35:08.0556506+00:00,384171.7339,measurement,request-count-4750,4750,4750,4750,0,0,5,4755,967127040,2027290624,39078305792,102,20,7991440,,620960,480,14,14,2,1,124425624,967127040,,39078305792,,2027077632,,882163712,,73740288,,11223040,,83.3173,79.8409,77.1609,109.3384,127.1799,82.9716,67,false
phase3a-formal-20260925-v2-arena-off,101,full-pipeline,2026-09-24T20:35:11.9334899+00:00,388049.5734,measurement,request-count-4800,4800,4800,4800,0,0,5,4805,967127040,2027290624,39078305792,102,20,889688,,623096,528,15,15,2,1,125700056,967127040,,39078305792,,2027077632,,882163712,,73740288,,11223040,,68.6795,77.1795,74.554,101.2034,107.3733,68.3194,67,false
phase3a-formal-20260925-v2-arena-off,102,full-pipeline,2026-09-24T20:35:15.6824369+00:00,391798.5202,measurement,request-count-4850,4850,4850,4850,0,0,5,4855,967127040,2027290624,39078305792,102,20,2182240,,623096,528,15,15,2,1,126988816,967127040,,39078305792,,2027077632,,882163712,,73740288,,11223040,,80.7562,74.6259,72.5849,95.4385,106.6515,80.3553,67,false
phase3a-formal-20260925-v2-arena-off,103,full-pipeline,2026-09-24T20:35:19.9078775+00:00,396023.9609,measurement,request-count-4900,4900,4900,4900,0,0,5,4905,967127040,2027290624,39078305792,102,20,3470648,,623096,528,15,15,2,1,128273432,967127040,,39078305792,,2027077632,,882163712,,73740288,,11223040,,131.5202,82.9593,77.8284,135.3659,146.4688,131.1757,67,false
phase3a-formal-20260925-v2-arena-off,104,full-pipeline,2026-09-24T20:35:24.0994946+00:00,400215.5781,measurement,request-count-4950,4950,4950,4950,0,0,5,4955,967127040,2027290624,39078305792,102,20,4759048,,623096,528,15,15,2,1,129558040,967127040,,39078305792,,2027077632,,882163712,,73740288,,11223040,,70.4573,82.9561,81.9162,116.1781,127.9302,70.1636,67,false
phase3a-formal-20260925-v2-arena-off,105,full-pipeline,2026-09-24T20:35:28.1381398+00:00,404254.2232,measurement,request-count-5000,5000,5000,5000,0,0,5,5005,967127040,2027290624,39078305792,102,20,6043280,,623096,528,15,15,2,1,130838504,967127040,,39078305792,,2027077632,,882163712,,73740288,,11223040,,72.0742,80.4828,79.2061,100.1056,121.9602,71.7293,67,false
phase3a-formal-20260925-v2-arena-off,106,full-pipeline,2026-09-24T20:35:58.1523022+00:00,434268.3856,idle,idle-30-seconds,5000,5000,5000,0,0,5,5005,967507968,2061344768,39179366400,102,25,6214792,,623096,528,15,15,2,1,131009608,967507968,,39179366400,,2061131776,,882323456,,73830400,,11354112,,,,,,,,,
phase3a-formal-20260925-v2-arena-off,107,full-pipeline,2026-09-24T20:35:58.1539091+00:00,434269.9926,forced-gc,forced-gc-before,5000,5000,5000,0,0,5,5005,967512064,2061344768,39179362304,102,25,6289032,,623096,528,15,15,2,1,131083608,967512064,,39179362304,,2061131776,,882331648,,73830400,,11350016,,,,,,,,,
phase3a-formal-20260925-v2-arena-off,108,full-pipeline,2026-09-24T20:35:58.1568453+00:00,434272.9287,forced-gc,forced-gc-after,5000,5000,5000,0,0,5,5005,967520256,2061344768,39179362304,102,25,709656,,641808,14704,17,17,4,3,131141800,967520256,,39179362304,,2061131776,,882339840,,73830400,,11350016,,,,,,,,,
phase3a-formal-20260925-v2-arena-off,109,full-pipeline,2026-09-24T20:36:58.1591005+00:00,494275.1839,idle,idle-60-seconds,5000,5000,5000,0,0,5,5005,967626752,2061344768,39179366400,102,25,828744,,641808,14704,17,17,4,3,131260440,967626752,,39179366400,,2061131776,,882352128,,73895936,,11378688,,,,,,,,,
phase3a-formal-20260925-v2-arena-off,110,full-pipeline,2026-09-24T20:41:58.1609280+00:00,794277.0115,idle,idle-300-seconds,5000,5000,5000,0,0,5,5005,967626752,2061344768,39179366400,102,25,931400,,641808,14704,17,17,4,3,131351528,967618560,,39179366400,,2061131776,,882343936,,73895936,,11378688,,,,,,,,,
phase3a-formal-20260925-v2-arena-off,111,full-pipeline,2026-09-24T20:41:58.2913324+00:00,794407.416,lifecycle,post-dispose,5000,5000,5000,0,0,5,5005,474451968,667971584,37785956352,102,16,989280,,641808,14704,17,17,4,3,131409216,474451968,,37785956352,,667758592,,392753152,,70307840,,11390976,,,,,,,,,
phase3a-formal-20260925-v2-baseline-full-pipeline,0,full-pipeline,2026-09-24T19:17:47.1147984+00:00,0.3658,lifecycle,t0-before-model-load,0,0,0,0,0,0,0,60923904,184061952,36349259776,86,11,1313616,,0,0,0,0,0,0,1309488,60891136,,36349267968,,183922688,,9506816,,45568000,,5816320,,,,,,,,,
phase3a-formal-20260925-v2-baseline-full-pipeline,1,full-pipeline,2026-09-24T19:17:49.7942842+00:00,2679.8502,setup,t1-after-model-load,0,0,0,0,0,0,0,939184128,1992413184,38793830400,102,21,1888608,,0,0,0,0,0,0,1882752,939167744,,38793830400,,1992196096,,862879744,,67743744,,8544256,,,,,,,,,
phase3a-formal-20260925-v2-baseline-full-pipeline,2,full-pipeline,2026-09-24T19:17:49.9250729+00:00,2810.639,first-operation,t2-after-first-operation,0,0,0,0,0,1,1,946757632,1992544256,38793826304,102,21,1986784,,0,0,0,0,0,0,1980616,946737152,,38793826304,,1992327168,,863645696,,74113024,,8978432,,,,,,,97.3976,67,false
phase3a-formal-20260925-v2-baseline-full-pipeline,3,full-pipeline,2026-09-24T19:17:50.2739395+00:00,3159.5052,warmup,warmup-complete,0,0,0,0,0,5,5,947736576,1993121792,38793830400,102,21,2150752,,0,0,0,0,0,0,2144104,947699712,,38793830400,,1992904704,,864260096,,74178560,,9261056,,,,,,,,,
phase3a-formal-20260925-v2-baseline-full-pipeline,4,full-pipeline,2026-09-24T19:17:50.2772276+00:00,3162.793,measurement,request-count-0,0,0,0,0,0,5,5,947802112,1993187328,38793830400,102,21,2224512,,0,0,0,0,0,0,2217624,947781632,,38793830400,,1992970240,,864325632,,74178560,,9277440,,,,,,,,,
phase3a-formal-20260925-v2-baseline-full-pipeline,5,full-pipeline,2026-09-24T19:17:51.2352073+00:00,4120.7733,measurement,request-count-10,10,10,10,0,0,5,15,951242752,1995874304,38793838592,104,21,2576608,,0,0,0,0,0,0,2568736,951218176,,38793838592,,1995657216,,866967552,,74330112,,9920512,,86.5241,94.5391,94.6947,116.6732,123.4384,85.938,67,false
phase3a-formal-20260925-v2-baseline-full-pipeline,6,full-pipeline,2026-09-24T19:17:54.4186099+00:00,7304.1759,measurement,request-count-50,50,50,50,0,0,5,55,952913920,1996922880,38793834496,104,21,3625184,,0,0,0,0,0,0,3614216,952893440,,38793834496,,1996705792,,868024320,,74395648,,10473472,,97.1494,78.9943,75.6807,98.0648,118.123,96.7996,67,false
phase3a-formal-20260925-v2-baseline-full-pipeline,7,full-pipeline,2026-09-24T19:17:59.2741865+00:00,12159.7527,measurement,request-count-100,100,100,100,0,0,5,105,958623744,2052284416,39112871936,106,22,4919600,,0,0,0,0,0,0,4904816,958603264,,39112871936,,2052001792,,872697856,,75247616,,10657792,,119.5602,96.5856,85.1941,175.4826,279.1684,119.1864,67,false
phase3a-formal-20260925-v2-baseline-full-pipeline,8,full-pipeline,2026-09-24T19:18:03.4060900+00:00,16291.6561,measurement,request-count-150,150,150,150,0,0,5,155,959909888,2036752384,39096094720,104,21,6205648,,0,0,0,0,0,0,6187096,959893504,,39096094720,,2036535296,,873975808,,75247616,,10670080,,64.623,80.898,71.426,126.1315,143.9702,64.2756,67,false
phase3a-formal-20260925-v2-baseline-full-pipeline,9,full-pipeline,2026-09-24T19:18:07.0659413+00:00,19951.5073,measurement,request-count-200,200,200,200,0,0,5,205,961236992,2038063104,39096094720,104,21,7499920,,0,0,0,0,0,0,7477552,961212416,,39096094720,,2037846016,,875266048,,75247616,,10698752,,75.0994,72.8198,69.0387,103.8675,107.0581,74.7245,67,false
phase3a-formal-20260925-v2-baseline-full-pipeline,10,full-pipeline,2026-09-24T19:18:11.0938370+00:00,23979.4029,measurement,request-count-250,250,250,250,0,0,5,255,963125248,2056486912,39112867840,105,22,1019192,,631552,7464,1,1,0,0,8750984,963125248,,39112867840,,2056269824,,877072384,,75313152,,10739712,,58.8242,80.0749,77.9839,106.8441,123.6329,58.5465,67,false
phase3a-formal-20260925-v2-baseline-full-pipeline,11,full-pipeline,2026-09-24T19:18:14.8018460+00:00,27687.412,measurement,request-count-300,300,300,300,0,0,5,305,963149824,2039717888,39096090624,102,21,2304096,,631552,7464,1,1,0,0,10032096,963149824,,39096090624,,2039500800,,877068288,,75313152,,10768384,,95.5534,73.6023,71.6741,99.2072,103.4809,95.1289,67,false
phase3a-formal-20260925-v2-baseline-full-pipeline,12,full-pipeline,2026-09-24T19:18:18.8083195+00:00,31693.8858,measurement,request-count-350,350,350,350,0,0,5,355,963149824,2039717888,39096090624,102,21,3597480,,631552,7464,1,1,0,0,11321688,963149824,,39096090624,,2039500800,,877068288,,75313152,,10768384,,87.9261,78.4363,73.4799,116.203,138.1412,87.4331,67,false
phase3a-formal-20260925-v2-baseline-full-pipeline,13,full-pipeline,2026-09-24T19:18:22.5591919+00:00,35444.7583,measurement,request-count-400,400,400,400,0,0,5,405,963182592,2056495104,39112876032,105,22,4886832,,631552,7464,1,1,0,0,12607248,963182592,,39112876032,,2056278016,,877096960,,75313152,,10772480,,64.2681,74.7016,72.2776,99.5176,115.5669,63.4167,67,false
phase3a-formal-20260925-v2-baseline-full-pipeline,14,full-pipeline,2026-09-24T19:18:26.4998677+00:00,39385.4338,measurement,request-count-450,450,450,450,0,0,5,455,963174400,2039717888,39096094720,102,21,6173624,,631552,7464,1,1,0,0,13890248,963174400,,39096094720,,2039500800,,877080576,,75313152,,10780672,,114.8417,78.0241,76.4648,109.2925,121.3796,114.494,67,false
phase3a-formal-20260925-v2-baseline-full-pipeline,15,full-pipeline,2026-09-24T19:18:30.5690139+00:00,43454.5798,measurement,request-count-500,500,500,500,0,0,5,505,963194880,2022940672,39079292928,104,20,7458800,,631552,7464,1,1,0,0,15171656,963194880,,39079292928,,2022723584,,877072384,,75313152,,10809344,,66.3516,80.9529,79.403,100.589,110.2189,66.0218,67,false
phase3a-formal-20260925-v2-baseline-full-pipeline,16,full-pipeline,2026-09-24T19:18:34.7522971+00:00,47637.8633,measurement,request-count-550,550,550,550,0,0,5,555,963448832,2023190528,39079309312,104,21,8751176,,631552,7464,1,1,0,0,16460240,963448832,,39079309312,,2022973440,,877318144,,75313152,,10817536,,72.9871,83.2347,80.5075,108.3948,118.6772,72.6919,67,false
phase3a-formal-20260925-v2-baseline-full-pipeline,17,full-pipeline,2026-09-24T19:18:39.1031397+00:00,51988.7059,measurement,request-count-600,600,600,600,0,0,5,605,964046848,2023780352,39079305216,102,21,1660000,,622784,624,2,2,1,0,17752952,964046848,,39079305216,,2023563264,,877920256,,75313152,,10813440,,66.9227,85.3404,79.5818,124.1949,130.331,66.5537,67,false
phase3a-formal-20260925-v2-baseline-full-pipeline,18,full-pipeline,2026-09-24T19:18:43.0394416+00:00,55925.0074,measurement,request-count-650,650,650,650,0,0,5,655,964050944,2023780352,39079309312,102,21,2953400,,622784,624,2,2,1,0,19042560,964050944,,39079309312,,2023563264,,877920256,,75313152,,10817536,,77.6776,78.3757,78.5406,101.918,114.4189,77.3853,67,false
phase3a-formal-20260925-v2-baseline-full-pipeline,19,full-pipeline,2026-09-24T19:18:46.6353744+00:00,59520.9405,measurement,request-count-700,700,700,700,0,0,5,705,964055040,2023780352,39079309312,102,21,4238696,,622784,624,2,2,1,0,20324064,964055040,,39079309312,,2023563264,,877920256,,75313152,,10821632,,57.3364,71.4934,69.7503,91.1369,103.901,57.0356,67,false
phase3a-formal-20260925-v2-baseline-full-pipeline,20,full-pipeline,2026-09-24T19:18:50.5774417+00:00,63463.0078,measurement,request-count-750,750,750,750,0,0,5,755,964075520,2023780352,39079313408,102,21,5532088,,622784,624,2,2,1,0,21613664,964075520,,39079313408,,2023563264,,877920256,,75313152,,10842112,,64.7601,77.2847,74.42,98.4936,124.1286,64.4484,67,false
phase3a-formal-20260925-v2-baseline-full-pipeline,21,full-pipeline,2026-09-24T19:18:54.5505213+00:00,67436.0877,measurement,request-count-800,800,800,800,0,0,5,805,964112384,2023780352,39079313408,102,21,6817384,,622784,624,2,2,1,0,22895168,964112384,,39079313408,,2023563264,,877924352,,75313152,,10874880,,55.1846,78.9348,76.7787,108.5322,118.3473,54.8451,67,false
phase3a-formal-20260925-v2-baseline-full-pipeline,22,full-pipeline,2026-09-24T19:18:58.4730329+00:00,71358.5991,measurement,request-count-850,850,850,850,0,0,5,855,964112384,2023780352,39079313408,102,21,8110808,,622784,624,2,2,1,0,24184800,964112384,,39079313408,,2023563264,,877924352,,75313152,,10874880,,88.1453,78.0744,74.3757,109.5134,150.8054,87.4546,67,false
phase3a-formal-20260925-v2-baseline-full-pipeline,23,full-pipeline,2026-09-24T19:19:02.5966940+00:00,75482.2599,measurement,request-count-900,900,900,900,0,0,5,905,964108288,2023780352,39079313408,104,21,1013368,,624248,672,3,3,1,0,25464344,964108288,,39079313408,,2023563264,,877920256,,75313152,,10874880,,66.5717,81.9107,80.7758,110.3388,119.1219,66.2657,67,false
phase3a-formal-20260925-v2-baseline-full-pipeline,24,full-pipeline,2026-09-24T19:19:06.5758924+00:00,79461.4587,measurement,request-count-950,950,950,950,0,0,5,955,964108288,2023780352,39079313408,102,21,2298832,,624248,672,3,3,1,0,26746016,964108288,,39079313408,,2023563264,,877920256,,75313152,,10874880,,83.4828,79.1893,74.4344,110.8898,120.1501,83.1234,67,false
phase3a-formal-20260925-v2-baseline-full-pipeline,25,full-pipeline,2026-09-24T19:19:10.6723729+00:00,83557.9396,measurement,request-count-1000,1000,1000,1000,0,0,5,1005,964120576,2023780352,39079313408,102,21,3592272,,624248,672,3,3,1,0,28035664,964120576,,39079313408,,2023563264,,877920256,,75313152,,10887168,,107.105,81.4443,79.1692,104.5003,113.2571,106.6047,67,false
phase3a-formal-20260925-v2-baseline-full-pipeline,26,full-pipeline,2026-09-24T19:19:14.4495512+00:00,87335.1174,measurement,request-count-1050,1050,1050,1050,0,0,5,1055,964128768,2023780352,39079313408,102,21,4881904,,624248,672,3,3,1,0,29321528,964128768,,39079313408,,2023563264,,877924352,,75313152,,10891264,,77.6944,75.1334,70.3415,102.532,121.5862,77.3373,67,false
phase3a-formal-20260925-v2-baseline-full-pipeline,27,full-pipeline,2026-09-24T19:19:18.3284366+00:00,91214.0025,measurement,request-count-1100,1100,1100,1100,0,0,5,1105,964128768,2023780352,39079313408,102,21,6167512,,624248,672,3,3,1,0,30603344,964128768,,39079313408,,2023563264,,877924352,,75313152,,10891264,,74.4517,77.252,74.84,104.5034,114.7934,74.1555,67,false
phase3a-formal-20260925-v2-baseline-full-pipeline,28,full-pipeline,2026-09-24T19:19:22.1238363+00:00,95009.4022,measurement,request-count-1150,1150,1150,1150,0,0,5,1155,964128768,2023780352,39079313408,102,21,7461184,,624248,672,3,3,1,0,31893224,964128768,,39079313408,,2023563264,,877924352,,75313152,,10891264,,68.8867,75.4358,72.592,103.6974,109.339,68.5878,67,false
phase3a-formal-20260925-v2-baseline-full-pipeline,29,full-pipeline,2026-09-24T19:19:26.3016442+00:00,99187.2102,measurement,request-count-1200,1200,1200,1200,0,0,5,1205,964136960,2023759872,39079288832,102,20,8746784,,624248,672,3,3,1,0,33175032,964136960,,39079288832,,2023542784,,877924352,,75313152,,10899456,,85.6664,83.0369,78.9872,113.9243,124.4048,85.227,67,false
phase3a-formal-20260925-v2-baseline-full-pipeline,30,full-pipeline,2026-09-24T19:19:30.3045301+00:00,103190.0971,measurement,request-count-1250,1250,1250,1250,0,0,5,1255,964141056,2023780352,39079313408,102,21,1656488,,628232,768,4,4,1,0,34464184,964141056,,39079313408,,2023563264,,877924352,,75313152,,10903552,,81.1735,79.6297,77.3912,107.5213,138.5563,80.8776,67,false
phase3a-formal-20260925-v2-baseline-full-pipeline,31,full-pipeline,2026-09-24T19:19:35.1276002+00:00,108013.1658,measurement,request-count-1300,1300,1300,1300,0,0,5,1305,964280320,2023796736,39079288832,102,21,2942136,,628232,768,4,4,1,0,35746040,964280320,,39079288832,,2023579648,,877961216,,75313152,,11005952,,101.0726,94.265,89.4917,138.2626,144.8594,100.7498,67,false
phase3a-formal-20260925-v2-baseline-full-pipeline,32,full-pipeline,2026-09-24T19:19:39.3176194+00:00,112203.1848,measurement,request-count-1350,1350,1350,1350,0,0,5,1355,964276224,2023817216,39079309312,102,21,4235856,,628232,768,4,4,1,0,37035968,964276224,,39079309312,,2023600128,,877961216,,75313152,,11001856,,102.3244,81.834,79.8733,107.9814,115.828,101.9618,67,false
phase3a-formal-20260925-v2-baseline-full-pipeline,33,full-pipeline,2026-09-24T19:19:43.0706771+00:00,115956.2425,measurement,request-count-1400,1400,1400,1400,0,0,5,1405,964276224,2023817216,39079309312,102,21,5521496,,628232,768,4,4,1,0,38317816,964276224,,39079309312,,2023600128,,877961216,,75313152,,11001856,,62.7201,74.6134,72.6529,100.516,107.7154,62.4117,67,false
phase3a-formal-20260925-v2-baseline-full-pipeline,34,full-pipeline,2026-09-24T19:19:47.1103030+00:00,119995.8686,measurement,request-count-1450,1450,1450,1450,0,0,5,1455,964284416,2023817216,39079301120,102,21,6815224,,628232,768,4,4,1,0,39607752,964284416,,39079301120,,2023600128,,877965312,,75313152,,11005952,,73.1183,79.0569,76.3076,104.6802,115.4224,72.768,67,false
phase3a-formal-20260925-v2-baseline-full-pipeline,35,full-pipeline,2026-09-24T19:19:51.3825156+00:00,124268.0813,measurement,request-count-1500,1500,1500,1500,0,0,5,1505,964366336,2023817216,39079309312,102,21,8100880,,628232,768,4,4,1,0,40889616,964366336,,39079309312,,2023600128,,877961216,,75313152,,11091968,,108.924,84.9991,83.8821,117.884,121.6319,108.5011,67,false
phase3a-formal-20260925-v2-baseline-full-pipeline,36,full-pipeline,2026-09-24T19:19:55.3260901+00:00,128211.656,measurement,request-count-1550,1550,1550,1550,0,0,5,1555,964419584,2023845888,39079309312,102,21,1009016,,631424,1016,5,5,1,0,42180056,964419584,,39079309312,,2023628800,,877981696,,75313152,,11124736,,84.23,78.4278,78.0553,117.9485,128.6096,83.927,67,false
phase3a-formal-20260925-v2-baseline-full-pipeline,37,full-pipeline,2026-09-24T19:19:59.5523463+00:00,132437.9117,measurement,request-count-1600,1600,1600,1600,0,0,5,1605,964411392,2023825408,39079284736,102,20,2294680,,631424,1016,5,5,1,0,43461928,964411392,,39079284736,,2023608320,,877973504,,75313152,,11124736,,52.2359,83.9652,85.3351,104.4442,109.0102,51.8033,67,false
phase3a-formal-20260925-v2-baseline-full-pipeline,38,full-pipeline,2026-09-24T19:20:03.5606156+00:00,136446.181,measurement,request-count-1650,1650,1650,1650,0,0,5,1655,964411392,2023825408,39079284736,102,20,3583112,,631424,1016,5,5,1,0,44746568,964411392,,39079284736,,2023608320,,877973504,,75313152,,11124736,,81.8954,79.7435,78.0692,104.817,120.9818,81.5278,67,false
phase3a-formal-20260925-v2-baseline-full-pipeline,39,full-pipeline,2026-09-24T19:20:07.8973833+00:00,140782.9488,measurement,request-count-1700,1700,1700,1700,0,0,5,1705,964411392,2023825408,39079284736,102,20,4869400,,631424,1016,5,5,1,0,46028768,964411392,,39079284736,,2023608320,,877973504,,75313152,,11124736,,86.4503,84.9066,81.0415,110.0293,113.1219,86.147,67,false
phase3a-formal-20260925-v2-baseline-full-pipeline,40,full-pipeline,2026-09-24T19:20:12.0788115+00:00,144964.3769,measurement,request-count-1750,1750,1750,1750,0,0,5,1755,965709824,2025136128,39079284736,102,20,6163672,,631424,1016,5,5,1,0,47319224,965685248,,39079284736,,2024919040,,879247360,,75313152,,11124736,,80.0233,83.187,81.1163,113.5367,123.7308,79.4087,67,false
phase3a-formal-20260925-v2-baseline-full-pipeline,41,full-pipeline,2026-09-24T19:20:16.1183130+00:00,149003.8787,measurement,request-count-1800,1800,1800,1800,0,0,5,1805,967962624,2027401216,39079284736,102,20,7444608,,631424,1016,5,5,1,0,48596368,967938048,,39079284736,,2027184128,,881500160,,75313152,,11124736,,79.7798,79.1823,75.7059,106.0565,110.7163,79.4362,67,false
phase3a-formal-20260925-v2-baseline-full-pipeline,42,full-pipeline,2026-09-24T19:20:20.0395686+00:00,152925.134,measurement,request-count-1850,1850,1850,1850,0,0,5,1855,969244672,2028646400,39079284736,102,20,8736024,,631424,1016,5,5,1,0,49883944,969232384,,39079284736,,2028429312,,882794496,,75313152,,11124736,,97.6988,76.7494,73.9826,96.5681,116.6308,97.3043,67,false
phase3a-formal-20260925-v2-baseline-full-pipeline,43,full-pipeline,2026-09-24T19:20:23.9407788+00:00,156826.3443,measurement,request-count-1900,1900,1900,1900,0,0,5,1905,969572352,2028990464,39079309312,102,21,1637120,,634872,1280,6,6,1,0,51167320,969572352,,39079309312,,2028773376,,883134464,,75313152,,11124736,,77.7077,77.6154,75.68,100.802,113.9451,77.3794,67,false
phase3a-formal-20260925-v2-baseline-full-pipeline,44,full-pipeline,2026-09-24T19:20:28.2549863+00:00,161140.5517,measurement,request-count-1950,1950,1950,1950,0,0,5,1955,969572352,2028969984,39079284736,102,20,2929888,,634872,1280,6,6,1,0,52456296,969572352,,39079284736,,2028752896,,883134464,,75313152,,11124736,,97.9201,84.5567,82.5081,110.2622,125.1849,97.6057,67,false
phase3a-formal-20260925-v2-baseline-full-pipeline,45,full-pipeline,2026-09-24T19:20:32.4404097+00:00,165325.9752,measurement,request-count-2000,2000,2000,2000,0,0,5,2005,969572352,2028969984,39079284736,102,20,4218376,,634872,1280,6,6,1,0,53740992,969572352,,39079284736,,2028752896,,883134464,,75313152,,11124736,,78.6895,82.1483,82.0411,109.8696,112.6522,78.3247,67,false
phase3a-formal-20260925-v2-baseline-full-pipeline,46,full-pipeline,2026-09-24T19:20:36.4704507+00:00,169356.0162,measurement,request-count-2050,2050,2050,2050,0,0,5,2055,969572352,2028969984,39079284736,102,20,5503160,,634872,1280,6,6,1,0,55021520,969572352,,39079284736,,2028752896,,883134464,,75313152,,11124736,,74.2204,80.1664,79.3588,99.7493,109.8918,73.8838,67,false
phase3a-formal-20260925-v2-baseline-full-pipeline,47,full-pipeline,2026-09-24T19:20:40.8975381+00:00,173783.1035,measurement,request-count-2100,2100,2100,2100,0,0,5,2105,969572352,2028969984,39079284736,102,20,6795792,,634872,1280,6,6,1,0,56310360,969572352,,39079284736,,2028752896,,883134464,,75313152,,11124736,,72.8687,86.5305,83.4721,115.1223,138.5778,72.572,67,false
phase3a-formal-20260925-v2-baseline-full-pipeline,48,full-pipeline,2026-09-24T19:20:44.7793922+00:00,177664.9576,measurement,request-count-2150,2150,2150,2150,0,0,5,2155,969572352,2028990464,39079309312,102,21,8084280,,634872,1280,6,6,1,0,57595056,969572352,,39079309312,,2028773376,,883134464,,75313152,,11124736,,92.8032,77.18,76.1805,96.8737,109.1809,92.5019,67,false
phase3a-formal-20260925-v2-baseline-full-pipeline,49,full-pipeline,2026-09-24T19:20:48.8230857+00:00,181708.6512,measurement,request-count-2200,2200,2200,2200,0,0,5,2205,969572352,2028990464,39079309312,102,21,993256,,637992,1048,7,7,1,0,58885504,969572352,,39079309312,,2028773376,,883134464,,75313152,,11124736,,102.9259,79.3013,74.7076,104.2986,126.7095,102.5985,67,false
phase3a-formal-20260925-v2-baseline-full-pipeline,50,full-pipeline,2026-09-24T19:20:52.7343845+00:00,185619.95,measurement,request-count-2250,2250,2250,2250,0,0,5,2255,969572352,2028990464,39079309312,102,21,2278928,,637992,1048,7,7,1,0,60167384,969572352,,39079309312,,2028773376,,883134464,,75313152,,11124736,,93.1035,77.8736,78.0304,97.9866,110.7772,92.7696,67,false
phase3a-formal-20260925-v2-baseline-full-pipeline,51,full-pipeline,2026-09-24T19:20:56.9252815+00:00,189810.847,measurement,request-count-2300,2300,2300,2300,0,0,5,2305,969576448,2028969984,39079284736,102,20,3564480,,637992,1048,7,7,1,0,61449168,969576448,,39079284736,,2028752896,,883134464,,75313152,,11128832,,125.2476,83.4479,81.2081,109.8819,130.8194,124.8597,67,false
phase3a-formal-20260925-v2-baseline-full-pipeline,52,full-pipeline,2026-09-24T19:21:00.8627156+00:00,193748.281,measurement,request-count-2350,2350,2350,2350,0,0,5,2355,969576448,2028990464,39079309312,102,21,4855632,,637992,1048,7,7,1,0,62736368,969576448,,39079309312,,2028773376,,883134464,,75313152,,11128832,,57.8872,78.2634,75.325,105.482,136.8586,57.5843,67,false
phase3a-formal-20260925-v2-baseline-full-pipeline,53,full-pipeline,2026-09-24T19:21:04.8391631+00:00,197724.7286,measurement,request-count-2400,2400,2400,2400,0,0,5,2405,969576448,2028990464,39079309312,102,21,6146952,,637992,1048,7,7,1,0,64023896,969576448,,39079309312,,2028773376,,883134464,,75313152,,11128832,,147.8647,79.219,77.8668,100.5677,136.315,147.3165,67,false
phase3a-formal-20260925-v2-baseline-full-pipeline,54,full-pipeline,2026-09-24T19:21:08.9967047+00:00,201882.2702,measurement,request-count-2450,2450,2450,2450,0,0,5,2455,969576448,2028990464,39079309312,102,21,7440680,,637992,1048,7,7,1,0,65313832,969576448,,39079309312,,2028773376,,883134464,,75313152,,11128832,,84.6333,82.804,82.984,114.4761,121.2491,84.2867,67,false
phase3a-formal-20260925-v2-baseline-full-pipeline,55,full-pipeline,2026-09-24T19:21:12.9144610+00:00,205800.0264,measurement,request-count-2500,2500,2500,2500,0,0,5,2505,969576448,2028990464,39079309312,102,21,8726344,,637992,1048,7,7,1,0,66595704,969576448,,39079309312,,2028773376,,883134464,,75313152,,11128832,,77.4972,77.9603,78.3658,94.001,106.6329,77.2062,67,false
phase3a-formal-20260925-v2-baseline-full-pipeline,56,full-pipeline,2026-09-24T19:21:16.9625341+00:00,209848.0995,measurement,request-count-2550,2550,2550,2550,0,0,5,2555,969580544,2028969984,39079284736,102,20,1626656,,640944,1424,8,8,1,0,67878912,969580544,,39079284736,,2028752896,,883134464,,75313152,,11132928,,66.9537,80.539,80.0289,94.2362,132.4914,66.6525,67,false
phase3a-formal-20260925-v2-baseline-full-pipeline,57,full-pipeline,2026-09-24T19:21:21.4722390+00:00,214357.8044,measurement,request-count-2600,2600,2600,2600,0,0,5,2605,969580544,2028969984,39079284736,102,20,2918360,,640944,1424,8,8,1,0,69166824,969580544,,39079284736,,2028752896,,883134464,,75313152,,11132928,,63.7331,88.2211,85.8116,119.3256,134.254,63.3864,67,false
phase3a-formal-20260925-v2-baseline-full-pipeline,58,full-pipeline,2026-09-24T19:21:25.4071807+00:00,218292.7461,measurement,request-count-2650,2650,2650,2650,0,0,5,2655,969588736,2028990464,39079313408,102,21,4206824,,640944,1424,8,8,1,0,70451496,969588736,,39079313408,,2028773376,,883134464,,75313152,,11141120,,82.526,78.1987,76.7748,97.3734,115.8354,82.1679,67,false
phase3a-formal-20260925-v2-baseline-full-pipeline,59,full-pipeline,2026-09-24T19:21:29.7635580+00:00,222649.1235,measurement,request-count-2700,2700,2700,2700,0,0,5,2705,969609216,2028969984,39079288832,102,20,5492856,,640944,1424,8,8,1,0,71733280,969609216,,39079288832,,2028752896,,883134464,,75313152,,11161600,,66.3407,86.6786,84.9663,114.1831,124.6172,65.9769,67,false
phase3a-formal-20260925-v2-baseline-full-pipeline,60,full-pipeline,2026-09-24T19:21:34.0093901+00:00,226894.9574,measurement,request-count-2750,2750,2750,2750,0,0,5,2755,969609216,2028990464,39079313408,102,21,6785448,,640944,1424,8,8,1,0,73022080,969609216,,39079313408,,2028773376,,883134464,,75313152,,11161600,,70.0937,83.2602,77.6784,116.9348,141.6587,69.7595,67,false
phase3a-formal-20260925-v2-baseline-full-pipeline,61,full-pipeline,2026-09-24T19:21:38.4804004+00:00,231365.9657,measurement,request-count-2800,2800,2800,2800,0,0,5,2805,969662464,2028969984,39079288832,102,20,8070976,,640944,1424,8,8,1,0,74303840,969662464,,39079288832,,2028752896,,883134464,,75313152,,11214848,,89.1601,88.7606,85.7868,127.6847,140.8509,88.846,67,false
phase3a-formal-20260925-v2-baseline-full-pipeline,62,full-pipeline,2026-09-24T19:21:42.3296635+00:00,235215.2288,measurement,request-count-2850,2850,2850,2850,0,0,5,2855,969662464,2028969984,39079288832,102,20,974080,,643472,1128,9,9,1,0,75588968,969662464,,39079288832,,2028752896,,883134464,,75313152,,11214848,,73.2964,76.7028,75.2257,98.4169,105.98,72.9923,67,false
phase3a-formal-20260925-v2-baseline-full-pipeline,63,full-pipeline,2026-09-24T19:21:46.4349554+00:00,239320.5208,measurement,request-count-2900,2900,2900,2900,0,0,5,2905,969662464,2028969984,39079288832,102,20,2266680,,643472,1128,9,9,1,0,76877776,969662464,,39079288832,,2028752896,,883134464,,75313152,,11214848,,74.3844,81.6483,80.4201,101.7134,115.548,74.0195,67,false
phase3a-formal-20260925-v2-baseline-full-pipeline,64,full-pipeline,2026-09-24T19:21:50.6093490+00:00,243494.9145,measurement,request-count-2950,2950,2950,2950,0,0,5,2955,969662464,2028990464,39079313408,102,21,3555144,,643472,1128,9,9,1,0,78162448,969662464,,39079313408,,2028773376,,883134464,,75313152,,11214848,,93.1036,81.802,77.9686,101.7182,119.4078,92.7286,67,false
phase3a-formal-20260925-v2-baseline-full-pipeline,65,full-pipeline,2026-09-24T19:21:54.8665683+00:00,247752.1336,measurement,request-count-3000,3000,3000,3000,0,0,5,3005,969711616,2028990464,39079313408,102,21,4843880,,643472,1128,9,9,1,0,79447416,969711616,,39079313408,,2028773376,,883146752,,75313152,,11251712,,83.5639,84.7824,81.2418,128.6607,153.2605,83.2098,67,false
phase3a-formal-20260925-v2-baseline-full-pipeline,66,full-pipeline,2026-09-24T19:21:59.1688802+00:00,252054.4456,measurement,request-count-3050,3050,3050,3050,0,0,5,3055,969699328,2028969984,39079284736,102,20,6130296,,643472,1128,9,9,1,0,80730064,969699328,,39079284736,,2028752896,,883134464,,75313152,,11251712,,85.0265,85.6642,83.9471,109.2197,161.9293,84.6785,67,false
phase3a-formal-20260925-v2-baseline-full-pipeline,67,full-pipeline,2026-09-24T19:22:03.0518185+00:00,255937.384,measurement,request-count-3100,3100,3100,3100,0,0,5,3105,969699328,2028969984,39079284736,102,20,7422928,,643472,1128,9,9,1,0,82018904,969699328,,39079284736,,2028752896,,883134464,,75313152,,11251712,,88.1503,77.2735,76.4401,104.1246,116.8715,87.7877,67,false
phase3a-formal-20260925-v2-baseline-full-pipeline,68,full-pipeline,2026-09-24T19:22:07.1479393+00:00,260033.5046,measurement,request-count-3150,3150,3150,3150,0,0,5,3155,969699328,2028969984,39079284736,102,20,8711320,,643472,1128,9,9,1,0,83303504,969699328,,39079284736,,2028752896,,883134464,,75313152,,11251712,,106.2171,81.3857,76.7217,116.0297,135.4817,105.8032,67,false
phase3a-formal-20260925-v2-baseline-full-pipeline,69,full-pipeline,2026-09-24T19:22:11.3073517+00:00,264192.9171,measurement,request-count-3200,3200,3200,3200,0,0,5,3205,969699328,2028990464,39079309312,102,21,1620496,,647760,1224,10,10,1,0,84592680,969699328,,39079309312,,2028773376,,883134464,,75313152,,11251712,,76.7932,82.5355,78.6882,109.663,125.1181,76.3715,67,false
phase3a-formal-20260925-v2-baseline-full-pipeline,70,full-pipeline,2026-09-24T19:22:15.4189914+00:00,268304.5569,measurement,request-count-3250,3250,3250,3250,0,0,5,3255,969699328,2028969984,39079284736,102,20,2906152,,647760,1224,10,10,1,0,85874544,969699328,,39079284736,,2028752896,,883134464,,75313152,,11251712,,79.5626,80.5026,78.1355,104.9496,121.0561,79.1483,67,false
phase3a-formal-20260925-v2-baseline-full-pipeline,71,full-pipeline,2026-09-24T19:22:19.4487829+00:00,272334.3482,measurement,request-count-3300,3300,3300,3300,0,0,5,3305,969699328,2028969984,39079284736,102,20,4194584,,647760,1224,10,10,1,0,87159184,969699328,,39079284736,,2028752896,,883134464,,75313152,,11251712,,70.4187,78.7895,74.5334,110.4352,133.6092,70.0741,67,false
phase3a-formal-20260925-v2-baseline-full-pipeline,72,full-pipeline,2026-09-24T19:22:23.4397030+00:00,276325.2683,measurement,request-count-3350,3350,3350,3350,0,0,5,3355,969715712,2028990464,39079284736,102,20,5483024,,647760,1224,10,10,1,0,88443832,969715712,,39079284736,,2028773376,,883150848,,75313152,,11251712,,85.7837,79.4833,78.7537,101.8083,113.0693,85.4726,67,false
phase3a-formal-20260925-v2-baseline-full-pipeline,73,full-pipeline,2026-09-24T19:22:27.5511712+00:00,280436.7365,measurement,request-count-3400,3400,3400,3400,0,0,5,3405,969715712,2028990464,39079284736,102,20,6771440,,647760,1224,10,10,1,0,89728456,969715712,,39079284736,,2028773376,,883150848,,75313152,,11251712,,110.3664,81.8327,77.7768,106.6276,130.927,109.9646,67,false
phase3a-formal-20260925-v2-baseline-full-pipeline,74,full-pipeline,2026-09-24T19:22:31.8960302+00:00,284781.5955,measurement,request-count-3450,3450,3450,3450,0,0,5,3455,969715712,2028990464,39079284736,102,20,8059904,,647760,1224,10,10,1,0,91013128,969715712,,39079284736,,2028773376,,883150848,,75313152,,11251712,,86.3165,85.2865,83.6161,112.7299,117.4795,85.9554,67,false
phase3a-formal-20260925-v2-baseline-full-pipeline,75,full-pipeline,2026-09-24T19:22:36.1643565+00:00,289049.9218,measurement,request-count-3500,3500,3500,3500,0,0,5,3505,969719808,2028990464,39079284736,102,20,961040,,648768,1248,11,11,1,0,92298256,969719808,,39079284736,,2028773376,,883154944,,75313152,,11251712,,97.3931,84.8125,81.5239,121.0319,123.2523,97.0785,67,false
phase3a-formal-20260925-v2-baseline-full-pipeline,76,full-pipeline,2026-09-24T19:22:40.5675898+00:00,293453.1551,measurement,request-count-3550,3550,3550,3550,0,0,5,3555,969719808,2028990464,39079284736,102,20,2249520,,648768,1248,11,11,1,0,93582944,969719808,,39079284736,,2028773376,,883154944,,75313152,,11251712,,82.5139,86.2224,83.3663,120.8596,162.3376,82.1053,67,false
phase3a-formal-20260925-v2-baseline-full-pipeline,77,full-pipeline,2026-09-24T19:22:44.6630264+00:00,297548.5919,measurement,request-count-3600,3600,3600,3600,0,0,5,3605,969719808,2028990464,39079284736,102,20,3537968,,648768,1248,11,11,1,0,94867600,969719808,,39079284736,,2028773376,,883154944,,75313152,,11251712,,83.3037,81.5297,78.4299,108.8186,116.7874,82.7139,67,false
phase3a-formal-20260925-v2-baseline-full-pipeline,78,full-pipeline,2026-09-24T19:22:48.8310019+00:00,301716.5672,measurement,request-count-3650,3650,3650,3650,0,0,5,3655,969719808,2028990464,39079284736,102,20,4826408,,648768,1248,11,11,1,0,96152248,969719808,,39079284736,,2028773376,,883154944,,75313152,,11251712,,76.0438,81.5826,76.4983,118.3186,141.3915,75.7405,67,false
phase3a-formal-20260925-v2-baseline-full-pipeline,79,full-pipeline,2026-09-24T19:22:53.2081991+00:00,306093.7648,measurement,request-count-3700,3700,3700,3700,0,0,5,3705,969719808,2028990464,39079284736,102,20,6110688,,648768,1248,11,11,1,0,97432760,969719808,,39079284736,,2028773376,,883154944,,75313152,,11251712,,113.4121,85.8265,80.598,124.3995,130.4121,112.8632,67,false
phase3a-formal-20260925-v2-baseline-full-pipeline,80,full-pipeline,2026-09-24T19:22:57.5465363+00:00,310432.1016,measurement,request-count-3750,3750,3750,3750,0,0,5,3755,969719808,2028990464,39079284736,102,20,7403336,,648768,1248,11,11,1,0,98721616,969719808,,39079284736,,2028773376,,883154944,,75313152,,11251712,,61.4295,84.9496,80.1693,112.5791,136.1489,61.0298,67,false
phase3a-formal-20260925-v2-baseline-full-pipeline,81,full-pipeline,2026-09-24T19:23:01.8559157+00:00,314741.4814,measurement,request-count-3800,3800,3800,3800,0,0,5,3805,969719808,2028990464,39079284736,102,20,8691784,,648768,1248,11,11,1,0,100006272,969719808,,39079284736,,2028773376,,883154944,,75313152,,11251712,,70.4813,84.589,83.4108,112.4139,120.0921,70.18,67,false
phase3a-formal-20260925-v2-baseline-full-pipeline,82,full-pipeline,2026-09-24T19:23:06.1793686+00:00,319064.934,measurement,request-count-3850,3850,3850,3850,0,0,5,3855,969719808,2028990464,39079284736,102,20,1588960,,649904,1296,12,12,1,0,101287224,969719808,,39079284736,,2028773376,,883154944,,75313152,,11251712,,129.7525,85.8973,83.2077,111.2961,134.7441,129.4124,67,false
phase3a-formal-20260925-v2-baseline-full-pipeline,83,full-pipeline,2026-09-24T19:23:10.3983455+00:00,323283.9108,measurement,request-count-3900,3900,3900,3900,0,0,5,3905,969719808,2028990464,39079284736,102,20,2881568,,649904,1296,12,12,1,0,102576040,969719808,,39079284736,,2028773376,,883154944,,75313152,,11251712,,84.9601,83.7973,83.635,112.5234,126.0632,84.6454,67,false
phase3a-formal-20260925-v2-baseline-full-pipeline,84,full-pipeline,2026-09-24T19:23:14.5254818+00:00,327411.0471,measurement,request-count-3950,3950,3950,3950,0,0,5,3955,969719808,2028990464,39079284736,102,20,4170016,,649904,1296,12,12,1,0,103860696,969719808,,39079284736,,2028773376,,883154944,,75313152,,11251712,,83.4483,82.0151,83.223,102.9675,116.9361,83.1069,67,false
phase3a-formal-20260925-v2-baseline-full-pipeline,85,full-pipeline,2026-09-24T19:23:18.6273869+00:00,331512.9522,measurement,request-count-4000,4000,4000,4000,0,0,5,4005,969719808,2028990464,39079284736,102,20,5454288,,649904,1296,12,12,1,0,105141200,969719808,,39079284736,,2028773376,,883154944,,75313152,,11251712,,105.4906,81.5582,81.4191,103.3162,123.763,105.1751,67,false
phase3a-formal-20260925-v2-baseline-full-pipeline,86,full-pipeline,2026-09-24T19:23:22.7072641+00:00,335592.8294,measurement,request-count-4050,4050,4050,4050,0,0,5,4055,969719808,2028990464,39079284736,102,20,6746880,,649904,1296,12,12,1,0,106430000,969719808,,39079284736,,2028773376,,883154944,,75313152,,11251712,,66.6431,81.1456,76.7736,110.6069,122.4306,66.1831,67,false
phase3a-formal-20260925-v2-baseline-full-pipeline,87,full-pipeline,2026-09-24T19:23:26.6934018+00:00,339578.9672,measurement,request-count-4100,4100,4100,4100,0,0,5,4105,969719808,2028990464,39079284736,102,20,8035280,,649904,1296,12,12,1,0,107714608,969719808,,39079284736,,2028773376,,883154944,,75313152,,11251712,,75.5805,79.4214,79.3314,102.0799,112.4037,75.1142,67,false
phase3a-formal-20260925-v2-baseline-full-pipeline,88,full-pipeline,2026-09-24T19:23:30.6083855+00:00,343493.9509,measurement,request-count-4150,4150,4150,4150,0,0,5,4155,969723904,2029010944,39079309312,102,21,941760,,652744,1560,13,13,1,0,109003760,969723904,,39079309312,,2028793856,,883154944,,75313152,,11255808,,83.7885,77.9576,74.065,104.8259,114.7058,83.4294,67,false
phase3a-formal-20260925-v2-baseline-full-pipeline,89,full-pipeline,2026-09-24T19:23:34.4095132+00:00,347295.0785,measurement,request-count-4200,4200,4200,4200,0,0,5,4205,969723904,2028990464,39079284736,102,20,2227432,,652744,1560,13,13,1,0,110285640,969723904,,39079284736,,2028773376,,883154944,,75313152,,11255808,,71.4247,75.5202,73.2088,96.572,99.5507,71.0628,67,false
phase3a-formal-20260925-v2-baseline-full-pipeline,90,full-pipeline,2026-09-24T19:23:38.3471727+00:00,351232.7381,measurement,request-count-4250,4250,4250,4250,0,0,5,4255,969723904,2028990464,39079284736,102,20,3515872,,652744,1560,13,13,1,0,111570288,969723904,,39079284736,,2028773376,,883154944,,75313152,,11255808,,101.5223,78.1825,74.3107,113.1801,140.6131,101.0848,67,false
phase3a-formal-20260925-v2-baseline-full-pipeline,91,full-pipeline,2026-09-24T19:23:43.0901422+00:00,355975.7076,measurement,request-count-4300,4300,4300,4300,0,0,5,4305,969723904,2028990464,39079284736,102,20,4804328,,652744,1560,13,13,1,0,112854952,969723904,,39079284736,,2028773376,,883154944,,75313152,,11255808,,73.1449,94.2736,90.7767,130.8,138.7096,72.7455,67,false
phase3a-formal-20260925-v2-baseline-full-pipeline,92,full-pipeline,2026-09-24T19:23:48.4636581+00:00,361349.2236,measurement,request-count-4350,4350,4350,4350,0,0,5,4355,969723904,2028990464,39079284736,102,20,6088888,,652744,1560,13,13,1,0,114135440,969723904,,39079284736,,2028773376,,883154944,,75313152,,11255808,,127.0079,107.0536,83.1506,299.8125,316.6187,126.652,67,false
phase3a-formal-20260925-v2-baseline-full-pipeline,93,full-pipeline,2026-09-24T19:23:52.8139644+00:00,365699.5297,measurement,request-count-4400,4400,4400,4400,0,0,5,4405,969728000,2028990464,39079284736,102,20,7381480,,652744,1560,13,13,1,0,115424240,969728000,,39079284736,,2028773376,,883159040,,75313152,,11255808,,87.557,86.3474,84.4948,115.8463,140.9828,87.1587,67,false
phase3a-formal-20260925-v2-baseline-full-pipeline,94,full-pipeline,2026-09-24T19:23:57.1447498+00:00,370030.3151,measurement,request-count-4450,4450,4450,4450,0,0,5,4455,969728000,2028990464,39079284736,102,20,8669952,,652744,1560,13,13,1,0,116708920,969728000,,39079284736,,2028773376,,883159040,,75313152,,11255808,,84.5271,84.9773,81.808,116.0377,119.3755,84.2006,67,false
phase3a-formal-20260925-v2-baseline-full-pipeline,95,full-pipeline,2026-09-24T19:24:01.1529462+00:00,374038.5115,measurement,request-count-4500,4500,4500,4500,0,0,5,4505,969691136,2028232704,39078461440,102,20,1543920,,621520,504,14,14,2,1,117998080,969691136,,39078461440,,2028015616,,883122176,,75313152,,11255808,,85.1018,79.7425,77.66,114.6436,127.9639,84.7549,67,false
phase3a-formal-20260925-v2-baseline-full-pipeline,96,full-pipeline,2026-09-24T19:24:05.2751430+00:00,378160.7084,measurement,request-count-4550,4550,4550,4550,0,0,5,4555,969691136,2028232704,39078461440,102,20,2836552,,621520,504,14,14,2,1,119286920,969691136,,39078461440,,2028015616,,883122176,,75313152,,11255808,,87.5372,80.8954,76.121,104.1299,128.7697,87.1764,67,false
phase3a-formal-20260925-v2-baseline-full-pipeline,97,full-pipeline,2026-09-24T19:24:09.3665161+00:00,382252.0814,measurement,request-count-4600,4600,4600,4600,0,0,5,4605,969691136,2028232704,39078461440,102,20,4125000,,621520,504,14,14,2,1,120571576,969691136,,39078461440,,2028015616,,883122176,,75313152,,11255808,,78.5895,80.3404,76.3571,112.5959,147.4561,78.3021,67,false
phase3a-formal-20260925-v2-baseline-full-pipeline,98,full-pipeline,2026-09-24T19:24:13.5392375+00:00,386424.8028,measurement,request-count-4650,4650,4650,4650,0,0,5,4655,969691136,2028232704,39078461440,102,20,5409256,,621520,504,14,14,2,1,121852064,969691136,,39078461440,,2028015616,,883122176,,75313152,,11255808,,90.4415,83.1234,78.9802,120.4281,140.8148,90.0608,67,false
phase3a-formal-20260925-v2-baseline-full-pipeline,99,full-pipeline,2026-09-24T19:24:17.6395781+00:00,390525.1435,measurement,request-count-4700,4700,4700,4700,0,0,5,4705,969691136,2028232704,39078461440,102,20,6701880,,621520,504,14,14,2,1,123140896,969691136,,39078461440,,2028015616,,883122176,,75313152,,11255808,,78.7549,81.5864,79.6827,100.685,121.2525,78.3725,67,false
phase3a-formal-20260925-v2-baseline-full-pipeline,100,full-pipeline,2026-09-24T19:24:21.6063588+00:00,394491.9241,measurement,request-count-4750,4750,4750,4750,0,0,5,4755,969691136,2028232704,39078461440,102,20,7990336,,621520,504,14,14,2,1,124425560,969691136,,39078461440,,2028015616,,883122176,,75313152,,11255808,,66.8509,78.9926,73.7796,111.5507,123.9508,66.5381,67,false
phase3a-formal-20260925-v2-baseline-full-pipeline,101,full-pipeline,2026-09-24T19:24:25.8113365+00:00,398696.9019,measurement,request-count-4800,4800,4800,4800,0,0,5,4805,969691136,2028232704,39078461440,102,20,,GC.GetTotalMemory(false) reported a negative byte count (-3299128).,4818016,4193016,15,15,2,1,125704424,969691136,,39078461440,,2028015616,,883122176,,75313152,,11255808,,85.28,83.6539,81.6314,106.5131,111.2604,84.9127,67,false
phase3a-formal-20260925-v2-baseline-full-pipeline,102,full-pipeline,2026-09-24T19:24:29.8422508+00:00,402727.8161,measurement,request-count-4850,4850,4850,4850,0,0,5,4855,969695232,2028253184,39078486016,102,21,,GC.GetTotalMemory(false) reported a negative byte count (-2009944).,4818016,4193016,15,15,2,1,126989816,969695232,,39078486016,,2028036096,,883122176,,75313152,,11259904,,69.7683,80.1171,77.4462,105.9819,115.7147,69.4616,67,false
phase3a-formal-20260925-v2-baseline-full-pipeline,103,full-pipeline,2026-09-24T19:24:33.9102375+00:00,406795.803,measurement,request-count-4900,4900,4900,4900,0,0,5,4905,969695232,2028232704,39078461440,102,20,,GC.GetTotalMemory(false) reported a negative byte count (-722856).,4818016,4193016,15,15,2,1,128273136,969695232,,39078461440,,2028015616,,883122176,,75313152,,11259904,,67.7837,79.8096,76.7316,100.8089,139.4049,67.473,67,false
phase3a-formal-20260925-v2-baseline-full-pipeline,104,full-pipeline,2026-09-24T19:24:37.6951963+00:00,410580.7616,measurement,request-count-4950,4950,4950,4950,0,0,5,4955,969695232,2028232704,39078461440,102,20,564232,,4818016,4193016,15,15,2,1,129556456,969695232,,39078461440,,2028015616,,883122176,,75313152,,11259904,,93.0418,75.3586,72.6089,97.9239,111.3225,92.7272,67,false
phase3a-formal-20260925-v2-baseline-full-pipeline,105,full-pipeline,2026-09-24T19:24:41.8003182+00:00,414685.8837,measurement,request-count-5000,5000,5000,5000,0,0,5,5005,969695232,2028232704,39078461440,102,20,1852232,,4818016,4193016,15,15,2,1,130840688,969695232,,39078461440,,2028015616,,883122176,,75313152,,11259904,,70.9439,81.7266,81.46,107.538,114.6061,70.6258,67,false
phase3a-formal-20260925-v2-baseline-full-pipeline,106,full-pipeline,2026-09-24T19:25:11.8137779+00:00,444699.3432,idle,idle-30-seconds,5000,5000,5000,0,0,5,5005,970018816,2062286848,39179517952,102,25,2023744,,4818016,4193016,15,15,2,1,131011792,970018816,,39179517952,,2062069760,,883236864,,75403264,,11378688,,,,,,,,,
phase3a-formal-20260925-v2-baseline-full-pipeline,107,full-pipeline,2026-09-24T19:25:11.8151041+00:00,444700.6694,forced-gc,forced-gc-before,5000,5000,5000,0,0,5,5005,970018816,2062286848,39179513856,102,25,2098024,,4818016,4193016,15,15,2,1,131085832,970018816,,39179513856,,2062069760,,883240960,,75403264,,11374592,,,,,,,,,
phase3a-formal-20260925-v2-baseline-full-pipeline,108,full-pipeline,2026-09-24T19:25:11.8170141+00:00,444702.5795,forced-gc,forced-gc-after,5000,5000,5000,0,0,5,5005,970027008,2062286848,39179513856,102,25,709856,,642008,14704,17,17,4,3,131144128,970027008,,39179513856,,2062069760,,883249152,,75403264,,11374592,,,,,,,,,
phase3a-formal-20260925-v2-baseline-full-pipeline,109,full-pipeline,2026-09-24T19:26:11.8196455+00:00,504705.2109,idle,idle-60-seconds,5000,5000,5000,0,0,5,5005,970137600,2062286848,39179517952,102,25,828944,,642008,14704,17,17,4,3,131262792,970137600,,39179517952,,2062069760,,883261440,,75468800,,11407360,,,,,,,,,
phase3a-formal-20260925-v2-baseline-full-pipeline,110,full-pipeline,2026-09-24T19:31:11.8227113+00:00,804708.2766,idle,idle-300-seconds,5000,5000,5000,0,0,5,5005,970137600,2062286848,39179517952,102,25,931600,,642008,14704,17,17,4,3,131353904,970129408,,39179517952,,2062069760,,883253248,,75468800,,11407360,,,,,,,,,
phase3a-formal-20260925-v2-baseline-full-pipeline,111,full-pipeline,2026-09-24T19:31:11.9562687+00:00,804841.8345,lifecycle,post-dispose,5000,5000,5000,0,0,5,5005,483909632,677298176,37794500608,102,16,989504,,642008,14704,17,17,4,3,131411616,483909632,,37794500608,,677081088,,402051072,,70438912,,11419648,,,,,,,,,
